previous_gpa,current_gpa,attendance_pct,midterm_marks,quiz_average,assignment_average,study_hours,course_load,previous_failed_courses,study_frequency_Daily,study_frequency_Rarely,study_frequency_Weekly,class_participation_High,class_participation_Low,class_participation_Medium,assignment_completion_Always,assignment_completion_Often,assignment_completion_Rarely,pass_fail,final_marks,final_gpa
0.4995385459650886,0.8364700477135197,-1.9990893982286149,-0.9461300720742908,-1.0909529428133853,1.7184816988697145,0.8162445849568666,0.4759752907199674,-0.5832626452327563,1.0,0.0,0.0,0.0,1.0,0.0,1.0,0.0,0.0,1,64.97,2.65
-0.174308414167862,-0.4091648919184707,-0.8272229900977738,-1.3575306190877119,-0.6001581890486639,0.12622680053583502,1.1446599179385826,-0.4254930629163352,0.7945231309076128,1.0,0.0,0.0,0.0,1.0,0.0,1.0,0.0,0.0,0,71.05,2.85
0.6597544238116267,0.2161158892508298,-0.32736181868363895,-1.598981000839522,-0.9162101126214947,0.7771918216532292,0.531863444739337,-0.4254930629163352,-0.5832626452327563,0.0,0.0,1.0,0.0,0.0,1.0,1.0,0.0,0.0,1,77.0,2.89
1.5886774172376585,1.4454602575709696,1.2541936324134884,0.48721162242892735,-0.5159110068557541,0.10353259948665966,-1.9990763948475567,1.37744364435627,0.7945231309076128,0.0,1.0,0.0,1.0,0.0,0.0,0.0,1.0,0.0,1,87.94,3.65
-0.2760670806194317,-0.3184926941020973,0.7580610080115195,-0.16799726051757255,-0.17678351841894546,-0.6871822039774784,-0.16558190572959805,1.37744364435627,-0.5832626452327563,0.0,0.0,1.0,1.0,0.0,0.0,0.0,1.0,0.0,1,69.12,2.42
-0.27604965787518876,-0.4541062270373674,-1.358765583730911,0.4521104564843321,0.8911546350895737,-2.3101112240278745,-1.2321329766493438,-0.4254930629163352,3.550094683188351,0.0,1.0,0.0,0.0,1.0,0.0,0.0,0.0,1.0,0,69.4,2.58
1.6482994657513008,1.584733535344921,0.6791660954385149,0.7771382085977702,-0.28548529901124686,0.21240524813060985,-0.21589100269635314,-0.4254930629163352,0.7945231309076128,0.0,0.0,1.0,1.0,0.0,0.0,1.0,0.0,0.0,1,73.91,3.2
0.7868305573348193,1.180707222843463,-1.5957545419937103,0.33321531490359096,-1.5699578919870927,-0.7987798816984506,1.045063417382476,-1.3269614165526378,2.1723089070479817,1.0,0.0,0.0,0.0,1.0,0.0,0.0,1.0,0.0,1,72.38,2.75
-0.5257926374724289,-0.420103447196131,1.2541936324134884,0.7429607206678847,1.1988605786336155,-0.8242679639864202,0.32550297780537435,0.4759752907199674,-0.5832626452327563,0.0,0.0,1.0,1.0,0.0,0.0,1.0,0.0,0.0,1,85.44,3.32
0.5481907699813319,1.215436166187576,-0.3917147609232417,-0.016975209565160486,-0.809579265275907,-0.5136671275596202,1.2242852891446419,-0.4254930629163352,-0.5832626452327563,1.0,0.0,0.0,0.0,1.0,0.0,0.0,1.0,0.0,1,77.94,3.14
-0.5193652000969317,-1.003738584774682,0.030622958046573886,-1.1845871169764524,-0.018894480562579547,1.7184816988697145,0.36453090862147736,1.37744364435627,0.7945231309076128,0.0,0.0,1.0,0.0,1.0,0.0,1.0,0.0,0.0,0,71.74,2.8
-0.5218187874635901,-0.5516757951816401,1.2541936324134884,1.1609657105171887,0.4943564422046882,1.7184816988697145,-1.3841993857292036,-1.3269614165526378,0.7945231309076128,0.0,0.0,1.0,1.0,0.0,0.0,1.0,0.0,0.0,1,84.14,3.5
0.22919271018231865,-0.12413961338362793,-1.3047069405699319,-0.5598734049022911,0.24352358023345347,0.22451834333457066,-1.9990763948475567,-1.3269614165526378,2.1723089070479817,0.0,1.0,0.0,0.0,1.0,0.0,1.0,0.0,0.0,0,75.68,3.06
-2.057977206120858,-2.740567918219341,-1.42772522186047,-0.9219075170357574,1.152246251930777,-0.47839639310807475,0.15880370417162948,1.37744364435627,-0.5832626452327563,1.0,0.0,0.0,0.0,1.0,0.0,0.0,1.0,0.0,0,61.92,2.18
-1.8580846932473487,-1.7052568786229418,-0.5175525073133264,-0.13022506204847856,0.5273367537953597,-1.212731152742736,-0.22796165854532344,1.37744364435627,0.7945231309076128,1.0,0.0,0.0,0.0,1.0,0.0,0.0,1.0,0.0,0,67.74,2.56
-0.624287088843496,-0.6097543582063947,1.2541936324134884,-0.8980995470490105,-0.8341819024945744,0.4835675492203958,-1.0415286988790216,-1.3269614165526378,-0.5832626452327563,0.0,0.0,1.0,1.0,0.0,0.0,1.0,0.0,0.0,1,78.93,2.99
-1.102409499558376,-0.25798215194804247,-1.564474959825306,-0.38048670755824915,1.733791050972124,1.7184816988697145,-1.8131519661598108,1.37744364435627,-0.5832626452327563,0.0,1.0,0.0,0.0,1.0,0.0,1.0,0.0,0.0,1,74.89,2.9
0.3059025076829196,0.5908974905483458,-3.033258865720137,0.4151724330537476,0.23816313513357867,-0.2542936157826588,-0.7832809728647153,-1.3269614165526378,-0.5832626452327563,0.0,0.0,1.0,0.0,1.0,0.0,0.0,1.0,0.0,1,64.04,2.58
-0.9911869721124097,-1.3735282224604446,-0.3693768394488824,0.41965268473663675,-0.10891638983815982,-2.4514002799940413,-0.20723916708843285,1.37744364435627,-0.5832626452327563,1.0,0.0,0.0,0.0,0.0,1.0,0.0,0.0,1.0,1,73.27,2.99
-1.526334725037865,-0.47759230525234164,0.7526769329921785,-0.8824463648819352,1.0199312947839076,0.6912642694391071,0.7101270603568011,-1.3269614165526378,2.1723089070479817,1.0,0.0,0.0,1.0,0.0,0.0,1.0,0.0,0.0,0,83.09,2.85
1.5277839001156222,1.584733535344921,1.2541936324134884,-0.4539155867253134,0.2941526661913184,1.0162969136321771,0.20126413482645858,-0.4254930629163352,-0.5832626452327563,0.0,0.0,1.0,1.0,0.0,0.0,1.0,0.0,0.0,1,74.32,3.18
-0.26717722621241197,0.050015610821939345,-0.38280535586836484,1.178225886736467,0.44629963352050467,-1.6338967459117983,1.7147337430144285,-0.4254930629163352,-0.5832626452327563,1.0,0.0,0.0,0.0,0.0,1.0,0.0,1.0,0.0,1,78.95,3.14
0.04408112893853264,-0.05634971777268201,-0.32492401500025575,0.5743558107740026,1.733791050972124,0.18254419481156742,-1.1040729553161315,1.37744364435627,-0.5832626452327563,0.0,1.0,0.0,0.0,0.0,1.0,0.0,1.0,0.0,1,79.95,2.97
-1.5395409657383765,-1.8377119645644782,1.2541936324134884,1.7971430333947969,-0.23871929848035933,0.46572178496722566,0.9395632372686185,0.4759752907199674,-0.5832626452327563,1.0,0.0,0.0,0.0,0.0,1.0,1.0,0.0,0.0,1,88.25,3.72
-0.6052862894462253,-0.7126105741892838,-1.9565009504014033,1.2887690625207153,-0.282033390131925,-0.07471082456319339,0.05056894749423258,-0.4254930629163352,-0.5832626452327563,0.0,0.0,1.0,0.0,1.0,0.0,0.0,1.0,0.0,1,73.89,2.53
0.0901317850533526,0.6154735043810812,-0.2992967501805904,1.2513257050417872,0.15917797366700878,-0.8144098059549529,0.7408256991613869,-1.3269614165526378,-0.5832626452327563,1.0,0.0,0.0,0.0,0.0,1.0,1.0,0.0,0.0,1,82.44,2.98
-1.2490292015339965,-0.21255013273704335,0.34843210298042326,-1.3944774038029715,1.1292240646872778,1.047772058905139,-0.46529587760241276,0.4759752907199674,-0.5832626452327563,0.0,0.0,1.0,0.0,1.0,0.0,1.0,0.0,0.0,1,76.48,3.49
0.3711147326304695,1.087010354942679,0.6379742465106781,0.8538194567867161,-1.4896148560935198,-0.4151240551711718,1.1428128277842455,-1.3269614165526378,0.7945231309076128,1.0,0.0,0.0,1.0,0.0,0.0,1.0,0.0,0.0,1,79.09,3.19
-0.6649858131389565,-0.822417283436749,-0.4349926004241651,0.0001874382484818646,-1.9558991918455577,-1.5301465886793324,0.31491932703347564,-1.3269614165526378,2.1723089070479817,1.0,0.0,0.0,0.0,1.0,0.0,0.0,1.0,0.0,0,71.84,2.73
-0.3371296356878757,-0.8285882499327583,0.17391696032369258,-0.52003181544984,-0.5556493922635428,-2.1117609937851487,-0.7243194004230928,-0.4254930629163352,-0.5832626452327563,1.0,0.0,0.0,0.0,1.0,0.0,0.0,0.0,1.0,0,60.92,2.46
-0.6661191054544844,-0.5216828514304822,-2.6485805224440018,0.23123337423912105,-1.6190192855761705,1.300204217779028,-0.012683782522443371,1.37744364435627,-0.5832626452327563,0.0,0.0,1.0,0.0,1.0,0.0,1.0,0.0,0.0,0,67.09,2.65
1.74110657025609,0.7373295244804836,-0.6010706218595554,1.0433095430879746,-0.3907978728362515,0.636239403293576,-0.2552889224935423,1.37744364435627,-0.5832626452327563,0.0,0.0,1.0,0.0,1.0,0.0,1.0,0.0,0.0,1,81.27,3.26
-0.0419040552081988,0.12938161663749168,0.6427739299562475,0.5789861651981411,0.5512050603167948,0.09131590048463822,0.5217217704590261,-1.3269614165526378,0.7945231309076128,0.0,0.0,1.0,1.0,0.0,0.0,0.0,1.0,0.0,0,75.53,3.12
-1.15003650550123,-1.0969394240294168,-0.9636159767242525,-0.8622214053259813,-0.8640869638329511,-0.45315177812477747,-1.2577966626385066,-0.4254930629163352,-0.5832626452327563,0.0,1.0,0.0,0.0,1.0,0.0,1.0,0.0,0.0,0,71.73,2.83
0.8453141625797129,0.552441698038196,0.20137613932472515,0.8314575384648851,-1.4086463007763625,-0.5445997576114607,-0.03115936276203351,-1.3269614165526378,-0.5832626452327563,0.0,0.0,1.0,0.0,0.0,1.0,1.0,0.0,0.0,1,76.9,3.15
-1.3231549592537994,-1.9467041516998185,0.6353492724952385,-0.6105243537404837,0.11118918816210671,-1.1081252106665438,0.4216319902100891,0.4759752907199674,-0.5832626452327563,0.0,0.0,1.0,0.0,0.0,1.0,0.0,1.0,0.0,1,71.64,2.83
0.1940679867553505,0.43373588775626226,-0.24786331118320695,0.28208532559496075,0.9169453287332164,-0.4440620047835167,0.035347806201764996,-1.3269614165526378,2.1723089070479817,0.0,0.0,1.0,0.0,0.0,1.0,0.0,1.0,0.0,1,74.36,2.81
-2.107206717592886,-2.1458764243181467,0.32610053016924073,-0.26128655519516686,-1.6810356831859548,-2.1845418381877155,1.4363089158208715,-0.4254930629163352,-0.5832626452327563,1.0,0.0,0.0,0.0,0.0,1.0,0.0,1.0,0.0,0,66.13,2.42
-1.4370680357277812,-1.8460273622807393,-0.9417304173163226,-0.17301116998384,0.8739648120333177,-0.7580227916370792,0.825436293432584,-1.3269614165526378,-0.5832626452327563,1.0,0.0,0.0,0.0,0.0,1.0,1.0,0.0,0.0,1,73.32,3.2
0.1813309353409316,-1.2002104385289403,-0.09577465905142371,0.8563090105222817,0.8709923202952581,-0.3198434509177825,-0.007839574672488555,-0.4254930629163352,2.1723089070479817,1.0,0.0,0.0,0.0,1.0,0.0,0.0,1.0,0.0,1,81.23,3.38
0.7560892004873782,0.6819956611231273,0.8180997383527263,-1.031199190885546,1.0099352839597295,0.6292471781627973,0.23118091122305864,1.37744364435627,-0.5832626452327563,0.0,0.0,1.0,1.0,0.0,0.0,1.0,0.0,0.0,1,89.88,3.8
0.1542774976971728,1.0009246655527142,0.31100688230549056,1.7971430333947969,1.278513558560868,-0.04051119125804532,0.31538932141021836,-0.4254930629163352,0.7945231309076128,1.0,0.0,0.0,0.0,1.0,0.0,0.0,1.0,0.0,1,86.85,3.47
-0.1503080163483498,0.6726728886408583,-0.5208327935523039,-1.8471373957804837,1.733791050972124,0.8199718640514382,0.4301538113477993,0.4759752907199674,-0.5832626452327563,1.0,0.0,0.0,0.0,1.0,0.0,1.0,0.0,0.0,1,76.12,3.09
-0.3471155861211434,-0.5201382903675329,0.38623949269263086,-0.5688129219818019,-0.32097100611379914,1.3912005506383207,-1.9464656288418318,-0.4254930629163352,2.1723089070479817,0.0,0.0,1.0,0.0,1.0,0.0,1.0,0.0,0.0,1,68.71,2.71
-1.59660638933703,-1.7180700523113466,0.9348963244750538,0.44250435118115466,0.152060180641567,1.0913016601969499,-0.321364717252358,0.4759752907199674,-0.5832626452327563,0.0,0.0,1.0,1.0,0.0,0.0,1.0,0.0,0.0,1,76.23,3.28
-0.7914881782617009,-0.47778365423842506,-2.158109970406079,0.666215375194548,-0.3822721689667331,0.4855977128921852,-1.5826419578801247,0.4759752907199674,0.7945231309076128,0.0,0.0,1.0,0.0,1.0,0.0,1.0,0.0,0.0,1,74.01,2.89
-0.5164161739834656,-0.9324068498991077,1.2541936324134884,-0.04930736172019555,0.04276312113008873,0.012868101049560921,1.3631000775440891,-1.3269614165526378,-0.5832626452327563,1.0,0.0,0.0,0.0,0.0,1.0,0.0,1.0,0.0,1,80.87,3.04
1.0942504989103068,1.1451814895950962,-0.2408210064299296,-0.004288721292307944,1.5978809115572823,-1.0102612384069547,-0.06474381780954643,0.4759752907199674,0.7945231309076128,1.0,0.0,0.0,0.0,0.0,1.0,0.0,1.0,0.0,1,88.6,3.65
0.33707132914799015,0.6838638006412829,0.6114262504870968,0.48465289413183055,-1.3255398071891582,0.7633047075192233,-0.20601241235435255,-0.4254930629163352,-0.5832626452327563,0.0,0.0,1.0,1.0,0.0,0.0,1.0,0.0,0.0,1,82.32,3.26
-1.89854057201973,-1.1142487380179837,1.2541936324134884,-0.18576206720575428,-0.8339178828020088,1.7184816988697145,0.9563443022864438,1.37744364435627,-0.5832626452327563,1.0,0.0,0.0,0.0,0.0,1.0,1.0,0.0,0.0,1,78.19,3.18
0.31634126786703315,0.2500590549829265,-1.3992576843759665,1.5113838072805372,1.4397251844355474,0.3532513551790086,0.4504393673463897,-0.4254930629163352,0.7945231309076128,0.0,0.0,1.0,0.0,1.0,0.0,0.0,1.0,0.0,1,78.85,3.3
-0.43623469517000385,-0.47918485392713384,-0.6583453834562332,0.9326960977030021,1.0769301474886446,1.7184816988697145,-1.2032664060226914,1.37744364435627,-0.5832626452327563,0.0,1.0,0.0,0.0,1.0,0.0,1.0,0.0,0.0,1,85.66,3.31
-0.7459386021268088,-1.0819899779058495,-0.18744702743419536,0.9676736776729876,-0.3281219822362202,-1.5717721442401542,-0.07546583012278177,0.4759752907199674,-0.5832626452327563,0.0,0.0,1.0,0.0,1.0,0.0,0.0,1.0,0.0,1,70.65,2.78
0.6215377811343122,0.17744305529375498,-0.7414869432839805,-0.9538394702840136,0.9086750336919093,-1.1889599856261195,-0.3572339899705074,-1.3269614165526378,-0.5832626452327563,1.0,0.0,0.0,0.0,0.0,1.0,0.0,1.0,0.0,1,75.02,2.94
1.0665287638211396,0.8670086751207597,1.2541936324134884,-0.0272736837218589,0.3873694330765862,0.8821010642597629,-1.8599662236771013,0.4759752907199674,0.7945231309076128,0.0,0.0,1.0,1.0,0.0,0.0,1.0,0.0,0.0,1,79.36,3.43
0.960705304157084,1.0560006683103977,-0.8231808239023094,-0.25827299937995485,1.5647663995847758,0.27304624453163273,-0.735868186869046,0.4759752907199674,-0.5832626452327563,1.0,0.0,0.0,0.0,0.0,1.0,0.0,1.0,0.0,1,85.95,3.44
-0.9181686109408947,-0.3790416540342759,-0.48616704839054004,-0.9950543686338297,0.1164434565852714,1.3547621349109307,-0.19556252213119113,1.37744364435627,0.7945231309076128,0.0,0.0,1.0,0.0,0.0,1.0,1.0,0.0,0.0,1,75.54,3.05
-0.3557206175347278,-0.6937458934316735,0.36405643765078527,0.43200571177312225,1.0826142860873063,-0.015305500219234176,-0.122429287598643,-0.4254930629163352,-0.5832626452327563,0.0,0.0,1.0,0.0,0.0,1.0,0.0,1.0,0.0,1,83.48,3.11
0.3239602014200278,1.0202008436961723,-1.209592413094126,-0.5060972580888949,1.733791050972124,-0.8939848202050437,-1.5802880634523309,-1.3269614165526378,-0.5832626452327563,0.0,0.0,1.0,0.0,1.0,0.0,0.0,1.0,0.0,1,76.49,3.21
1.007679876111053,0.7924702644315538,-0.3073073560032284,0.7404954886981455,0.6483170585885535,-0.21951028825379454,1.2280968201869116,-1.3269614165526378,-0.5832626452327563,1.0,0.0,0.0,0.0,0.0,1.0,1.0,0.0,0.0,1,78.89,3.24
-0.5360862398466021,-0.48200122549870605,0.4905537839718587,-1.0625433143725798,0.0908636172933968,-1.5791027842081165,-0.10873028148497443,-1.3269614165526378,-0.5832626452327563,0.0,0.0,1.0,0.0,1.0,0.0,0.0,1.0,0.0,1,66.42,2.49
-0.22460422782396272,-0.548518306085625,-0.23702339260781893,1.7971430333947969,0.7746322742347307,-1.1626020815428177,0.04017765948247463,-1.3269614165526378,-0.5832626452327563,0.0,0.0,1.0,0.0,1.0,0.0,0.0,1.0,0.0,1,73.15,3.31
-1.201636941280715,-2.23446234790444,0.030901910665972348,-0.8808817545223475,-0.3303051976523228,1.0029434038891392,0.4273197631558302,-0.4254930629163352,-0.5832626452327563,0.0,0.0,1.0,0.0,1.0,0.0,1.0,0.0,0.0,0,69.3,2.84
-1.297009843787943,-0.7353216972999865,-0.45683782706733633,0.28482209235578093,1.733791050972124,0.9002269340671564,-0.8401471692886534,-1.3269614165526378,-0.5832626452327563,0.0,0.0,1.0,0.0,1.0,0.0,1.0,0.0,0.0,1,71.39,2.73
0.834681781119785,1.1192381970186687,-1.559019905652471,0.8830749875400213,0.22367505465702536,0.3747912664782452,0.486725007641395,1.37744364435627,3.550094683188351,1.0,0.0,0.0,0.0,1.0,0.0,0.0,1.0,0.0,1,83.33,3.33
1.4116779966606114,1.1524248729393514,0.4951855999034088,-0.5405727063420233,-0.2364965710132045,-1.773280827719151,-0.3912554515963061,1.37744364435627,-0.5832626452327563,1.0,0.0,0.0,0.0,0.0,1.0,0.0,1.0,0.0,1,55.55,2.15
-0.10399866236552507,-0.049450379424454974,1.2541936324134884,0.9464044214082645,-0.808155968541425,-0.36876692255159915,-0.9558448749494811,-1.3269614165526378,-0.5832626452327563,0.0,1.0,0.0,1.0,0.0,0.0,1.0,0.0,0.0,1,81.96,3.59
1.037380843332562,1.1964389284018668,0.15597194685968332,-1.2286707910221888,1.155335003964161,-1.261971475297592,0.6115734943347613,-1.3269614165526378,-0.5832626452327563,0.0,0.0,1.0,0.0,1.0,0.0,0.0,1.0,0.0,1,70.89,3.02
0.356191972062958,-0.41470398858612784,0.3874116840138784,1.572965271238552,0.9216627314639068,1.2132990790101021,1.5906296373406406,-0.4254930629163352,-0.5832626452327563,1.0,0.0,0.0,0.0,0.0,1.0,1.0,0.0,0.0,1,83.84,3.44
-0.7121896671042794,-0.8843109889198016,0.9104088988699444,0.07046190608988612,-0.4644683292406788,-0.6010037308727415,0.772983975735418,-0.4254930629163352,-0.5832626452327563,1.0,0.0,0.0,1.0,0.0,0.0,1.0,0.0,0.0,1,81.13,3.59
0.35593683588535496,0.7144063871521925,-1.2847551282545624,-0.567500266015358,0.6263267450050058,-1.1184436557420634,0.9842588983092498,-1.3269614165526378,-0.5832626452327563,1.0,0.0,0.0,0.0,1.0,0.0,0.0,1.0,0.0,1,75.7,2.82
1.604602722872103,0.8604264210737358,1.2541936324134884,-0.25693119023020694,-1.4916687844730785,0.03135222225544601,-0.5549840397999297,-0.4254930629163352,0.7945231309076128,0.0,0.0,1.0,1.0,0.0,0.0,1.0,0.0,0.0,1,80.69,3.38
-0.06559966816774339,0.09379402286304368,0.3617514267388229,0.9009005845446935,0.22865211070618022,-0.6591687695463292,-1.7033205024819207,0.4759752907199674,-0.5832626452327563,0.0,1.0,0.0,0.0,0.0,1.0,0.0,1.0,0.0,1,71.87,2.98
1.6328384939554623,0.8369090380788258,1.2541936324134884,-0.5550075684883423,0.5006746954346899,1.5299424258601184,1.5889915228817353,-1.3269614165526378,-0.5832626452327563,1.0,0.0,0.0,1.0,0.0,0.0,1.0,0.0,0.0,1,91.24,3.6
-2.807686420399503,-2.299702962382032,-0.684740331977417,-0.727310660390683,1.733791050972124,-0.7567315706994397,2.1907572194752243,-0.4254930629163352,-0.5832626452327563,1.0,0.0,0.0,0.0,1.0,0.0,0.0,1.0,0.0,1,69.72,2.74
0.8446324315826943,0.7580635107793011,1.2541936324134884,-0.17580135892500784,-0.7422594138527855,-1.4415494073114477,1.6451499565048107,1.37744364435627,-0.5832626452327563,1.0,0.0,0.0,0.0,0.0,1.0,0.0,1.0,0.0,1,78.55,3.33
0.06479478746025244,-0.7030583021106779,1.002635439090783,-1.1741056454151888,-1.2578232527936268,-2.2183760476509433,-0.35789396037208426,-1.3269614165526378,-0.5832626452327563,0.0,0.0,1.0,1.0,0.0,0.0,0.0,0.0,1.0,1,70.79,3.0
-0.34489091884384926,0.25902492615242945,0.7541305865855121,1.7971430333947969,-0.868840092157323,-0.031090594127072043,-1.2309886417419964,-1.3269614165526378,-0.5832626452327563,0.0,1.0,0.0,1.0,0.0,0.0,0.0,1.0,0.0,1,75.34,2.73
0.0697970327902924,-0.2766019724973818,0.39721283332691987,-0.5361363173284486,-1.3169601943380236,-0.5785426022959793,-1.1361442180357113,1.37744364435627,-0.5832626452327563,0.0,0.0,1.0,0.0,1.0,0.0,1.0,0.0,0.0,1,72.83,3.28
-2.136813258090416,-2.305611293734544,-0.1426721799230201,0.9246167486429608,1.3985604565841667,-1.4721369462884377,-1.7951380614678705,1.37744364435627,-0.5832626452327563,0.0,0.0,1.0,0.0,0.0,1.0,1.0,0.0,0.0,0,70.94,3.07
-0.2606991482873306,-0.1269556696266869,1.2541936324134884,0.27454857473304034,1.613896293818847,1.2263820226222315,-0.11435533119913066,-0.4254930629163352,0.7945231309076128,0.0,0.0,1.0,1.0,0.0,0.0,1.0,0.0,0.0,1,84.53,3.32
0.35139162743018537,0.8801106273238306,0.29241999636042415,-0.9730415578754439,0.36603792592053275,0.6883736340739307,1.712186170597344,1.37744364435627,-0.5832626452327563,1.0,0.0,0.0,0.0,1.0,0.0,1.0,0.0,0.0,1,75.59,2.87
1.5407787377088045,0.9170573567660547,-2.065392456171604,0.04945568082285441,1.281372823006356,-0.02844310284605476,-0.15091055902766506,0.4759752907199674,-0.5832626452327563,0.0,0.0,1.0,0.0,1.0,0.0,0.0,1.0,0.0,1,76.54,3.28
-0.5775753760393987,-0.47967470986257105,-1.1145349204500554,0.8748658613164013,0.17683282010041182,1.4068581230992778,0.3224876999244213,-1.3269614165526378,-0.5832626452327563,0.0,0.0,1.0,0.0,1.0,0.0,1.0,0.0,0.0,1,75.68,3.13
-0.8855640080901972,-0.5818890428570638,-0.07254198738929685,-0.14103272792524094,-0.055861469619118954,0.6835199299584792,1.466862992322046,0.4759752907199674,-0.5832626452327563,1.0,0.0,0.0,0.0,1.0,0.0,1.0,0.0,0.0,1,83.35,3.48
-0.5600513915748723,-0.16128133359612493,0.4822138660386086,1.3023365813382186,-0.2975518178732312,-0.847479935551886,-0.4307286268911098,-0.4254930629163352,-0.5832626452327563,0.0,0.0,1.0,0.0,1.0,0.0,0.0,1.0,0.0,1,78.54,3.26
0.9438553733989281,0.9492964803441799,0.07207228053867791,1.1230378604465308,-0.27454688361273183,-1.070487512851605,2.170516190590464,1.37744364435627,-0.5832626452327563,1.0,0.0,0.0,0.0,0.0,1.0,0.0,1.0,0.0,1,80.14,3.45
0.3212940946272094,0.12665081474866277,1.2541936324134884,1.0158326881155835,-1.531535301778704,0.8437382877705982,2.1242015654878497,-1.3269614165526378,0.7945231309076128,1.0,0.0,0.0,1.0,0.0,0.0,1.0,0.0,0.0,1,77.36,3.27
-0.5897686902309212,-0.9168083538641589,-2.0475274838839743,-0.4246081861591978,0.30919070440783797,0.40917831586621106,-0.13966027390758284,1.37744364435627,-0.5832626452327563,0.0,0.0,1.0,0.0,1.0,0.0,0.0,1.0,0.0,1,66.83,2.57
0.5171050907881045,0.5206362086728108,0.2960315883479747,-1.0726273236418873,-0.00021705898814982472,0.17560094214102287,-0.615657396054091,1.37744364435627,-0.5832626452327563,0.0,0.0,1.0,0.0,1.0,0.0,0.0,1.0,0.0,1,80.27,3.09
0.07543925761516347,-0.43325316824497795,-1.8985885968706722,-0.5854473180998983,0.7979085458104412,-0.8718477451091721,0.7435648049262464,-0.4254930629163352,-0.5832626452327563,1.0,0.0,0.0,0.0,1.0,0.0,0.0,1.0,0.0,1,70.36,2.89
1.0003573661350202,-0.48408314231471655,0.9853574401917666,0.26072571786491316,0.13575819014626941,0.6272553625124797,-0.3704106381328499,-0.4254930629163352,-0.5832626452327563,0.0,0.0,1.0,1.0,0.0,0.0,1.0,0.0,0.0,1,77.93,3.58
-0.7726080283039608,-0.4761698766373836,0.02970270838835943,0.6259588394738433,-0.12452294001576214,-0.7780547665687367,-1.2330367725821005,-0.4254930629163352,-0.5832626452327563,0.0,1.0,0.0,0.0,1.0,0.0,1.0,0.0,0.0,1,81.6,3.23
-0.37529974159921675,0.1065904269680799,0.6048476933905708,-2.2133522468454654,-0.8442217251079634,-0.1044768976674826,1.3662537228756093,-0.4254930629163352,-0.5832626452327563,1.0,0.0,0.0,1.0,0.0,0.0,0.0,1.0,0.0,1,67.7,2.78
-0.44369063787273183,-1.5205957226138078,-0.831136529949798,0.04720031692472886,0.1140498181694501,1.4920127507825656,1.2971702271078327,-1.3269614165526378,-0.5832626452327563,1.0,0.0,0.0,0.0,1.0,0.0,1.0,0.0,0.0,1,71.59,3.04
-1.5806807311918727,-1.8989633780251325,1.2541936324134884,0.22086178251985258,0.7906723472675964,-0.6804835068126892,0.16595058969448095,0.4759752907199674,-0.5832626452327563,0.0,0.0,1.0,1.0,0.0,0.0,0.0,1.0,0.0,1,76.03,2.96
0.28666585298217195,0.5679391537307937,1.2541936324134884,-0.23432259883280943,-1.1206734791322355,-1.620645616253395,-1.34638900123141,0.4759752907199674,-0.5832626452327563,0.0,1.0,0.0,1.0,0.0,0.0,0.0,1.0,0.0,1,73.51,3.1
0.2494544377082212,1.223561099422974,0.7882589977932211,1.4049028608174459,0.1296127305914224,-1.0842237378918118,-1.3108419216548624,-1.3269614165526378,0.7945231309076128,0.0,1.0,0.0,1.0,0.0,0.0,0.0,1.0,0.0,1,79.54,3.18
-0.02215417079624653,0.002325287662173125,-0.009521114487022014,0.4963868764267629,0.2774850705594565,1.0254692700396772,0.11446971393732709,1.37744364435627,-0.5832626452327563,0.0,0.0,1.0,0.0,1.0,0.0,1.0,0.0,0.0,1,77.18,3.34
-0.2765273906457472,-0.5862047952153315,0.7841339269510654,1.4246699584504245,-0.6886707401233156,0.2631936670496177,-0.5328492075693624,-1.3269614165526378,-0.5832626452327563,0.0,0.0,1.0,1.0,0.0,0.0,0.0,1.0,0.0,1,86.6,3.28
-1.529589506438519,-1.4566197652334263,-0.6554941705220972,-0.16997503158129537,-0.556402150922385,-0.13219328282163778,-0.36355252611527283,0.4759752907199674,0.7945231309076128,0.0,0.0,1.0,0.0,0.0,1.0,1.0,0.0,0.0,0,65.49,3.08
-0.4739746339382213,0.24314537704466055,1.0925879160698573,1.0352284030491605,0.27501448796394756,-0.5240839914896313,1.089801990434145,0.4759752907199674,0.7945231309076128,1.0,0.0,0.0,0.0,0.0,1.0,0.0,1.0,0.0,1,76.66,3.0
-0.39127350205147343,-0.6505186656792655,1.2541936324134884,1.764124565048138,-1.1105985878361828,0.5009037338794701,0.7818870787311935,-1.3269614165526378,0.7945231309076128,1.0,0.0,0.0,1.0,0.0,0.0,1.0,0.0,0.0,1,83.89,3.46
-0.8789671581968382,-1.16437089780663,1.2541936324134884,1.4262388876701841,0.3962150785826676,-0.8745348408374364,1.4695773546746127,-0.4254930629163352,-0.5832626452327563,1.0,0.0,0.0,1.0,0.0,0.0,0.0,1.0,0.0,1,85.74,3.43
-0.19873901866748095,-0.3984315193055371,-0.68090222684914,-1.085478445602367,-0.8687653406209223,0.3156920047472135,-1.0561122756858436,1.37744364435627,0.7945231309076128,0.0,1.0,0.0,0.0,0.0,1.0,1.0,0.0,0.0,0,65.99,2.42
0.40120311419293614,-0.0821293193343717,0.5397411922066723,-0.20938323432847564,1.1204247713350666,-0.7530660473679001,-0.3657901911167801,-1.3269614165526378,-0.5832626452327563,1.0,0.0,0.0,0.0,0.0,1.0,0.0,1.0,0.0,1,79.17,3.33
1.74110657025609,1.584733535344921,-1.3113951566245963,-0.3049778023542996,1.733791050972124,-0.9245802084690743,0.8093987879049405,0.4759752907199674,-0.5832626452327563,1.0,0.0,0.0,0.0,1.0,0.0,1.0,0.0,0.0,1,75.12,2.95
0.15768349222514128,0.9332861976677916,0.7757798045720704,0.5668895397950715,-0.8336203786498728,-0.6564198584730784,0.477899006906274,-0.4254930629163352,-0.5832626452327563,0.0,0.0,1.0,1.0,0.0,0.0,0.0,1.0,0.0,1,83.22,3.43
0.24573501431683847,0.3891014218968066,0.6395234527501222,0.7728342140159302,0.5834149014651419,-0.3862928856041207,1.634032847782698,1.37744364435627,0.7945231309076128,1.0,0.0,0.0,1.0,0.0,0.0,0.0,1.0,0.0,1,79.57,3.02
-0.10658355717073015,-0.2048087033795043,-1.9565844581678062,-0.8208639070846897,-0.697485147597012,-0.04968793570645953,0.4485328200307644,0.4759752907199674,-0.5832626452327563,0.0,0.0,1.0,0.0,1.0,0.0,1.0,0.0,0.0,1,69.24,2.72
-2.063804291828113,-1.99125049136656,-1.164430900102049,0.1265606877473487,1.0981787659893312,0.24332648874606905,1.970677662131109,1.37744364435627,-0.5832626452327563,1.0,0.0,0.0,0.0,1.0,0.0,1.0,0.0,0.0,0,77.9,3.06
-0.055717485341356905,-0.7870017967931308,-0.18139449219422157,-2.054902503463634,-1.2445218611651838,-3.8009728066545705,0.5759291846274893,-0.4254930629163352,-0.5832626452327563,0.0,0.0,1.0,0.0,1.0,0.0,0.0,0.0,1.0,0,55.77,2.34
0.0363364069832103,0.4683533729751087,-0.20122074986011101,1.5623360351069484,0.5289454242028904,-0.8318077222307857,1.1326696982855204,0.4759752907199674,-0.5832626452327563,1.0,0.0,0.0,0.0,0.0,1.0,0.0,1.0,0.0,1,77.65,3.17
1.74110657025609,1.5474353648633445,-1.2177903890601238,-0.47969157449644845,-0.8460460766401542,-0.40295167579261054,-0.3448100512820443,-0.4254930629163352,0.7945231309076128,0.0,0.0,1.0,0.0,1.0,0.0,1.0,0.0,0.0,1,67.61,2.67
-0.23171646019963996,-0.28337368358652393,0.5705771648192695,0.11404870388738068,-0.16950442340360913,1.5519151126326725,0.015370500061851,-1.3269614165526378,-0.5832626452327563,0.0,0.0,1.0,1.0,0.0,0.0,1.0,0.0,0.0,1,88.12,3.45
0.2924251215209633,1.584733535344921,0.4167351151107806,-0.26786892505578813,-1.0065827770367268,-1.112522153952475,0.971428575706006,-1.3269614165526378,-0.5832626452327563,1.0,0.0,0.0,0.0,0.0,1.0,0.0,1.0,0.0,1,73.86,3.02
-0.06441719174482458,0.09735123636744365,-0.08196614561581693,1.253138054827227,0.8761163959858292,0.16843636202779158,1.719970000568592,1.37744364435627,0.7945231309076128,1.0,0.0,0.0,0.0,1.0,0.0,0.0,1.0,0.0,1,89.6,3.62
-1.267796168612964,-1.4928024019085373,-0.7102027656000338,-2.909173942029168,-0.8094677492148598,1.5415753664730292,0.7776835404065489,-0.4254930629163352,-0.5832626452327563,1.0,0.0,0.0,0.0,0.0,1.0,1.0,0.0,0.0,0,63.24,2.56
1.1851970192600272,0.8783978112193155,1.2541936324134884,0.03832183099042584,0.6014522335811278,-1.3526411327892955,-0.08854485282864284,-0.4254930629163352,-0.5832626452327563,1.0,0.0,0.0,0.0,0.0,1.0,1.0,0.0,0.0,1,74.66,3.38
0.7703799660245078,1.258400378766909,1.2541936324134884,-0.05489019008442791,-0.3087872207939433,0.406713148831588,1.4687161992203313,1.37744364435627,0.7945231309076128,1.0,0.0,0.0,0.0,0.0,1.0,0.0,1.0,0.0,1,82.29,3.4
0.8118722157377617,0.7998341637576568,-0.4056292080757612,-0.41831761118695165,-0.07552851194792082,-0.8262638484291388,-1.9990763948475567,1.37744364435627,2.1723089070479817,0.0,1.0,0.0,0.0,1.0,0.0,1.0,0.0,0.0,1,79.82,3.58
-0.9926338069977881,-1.5732597924314993,-0.5495142023549644,1.7971430333947969,0.19084864629703144,-0.519486985321192,-1.5163165228574882,1.37744364435627,0.7945231309076128,0.0,0.0,1.0,0.0,1.0,0.0,1.0,0.0,0.0,1,91.03,3.63
1.4610819747741741,1.584733535344921,0.6849518805816684,-0.8714744980214427,-0.7331229809608595,-0.8271286093624266,0.7269272751567247,-1.3269614165526378,-0.5832626452327563,1.0,0.0,0.0,1.0,0.0,0.0,0.0,1.0,0.0,1,75.39,3.01
-1.5152422562128471,-1.6761848500530323,-0.2651826840403189,0.8621114362132953,0.25445046383177516,-0.7536872936728851,0.01517979577508874,1.37744364435627,-0.5832626452327563,0.0,0.0,1.0,0.0,0.0,1.0,1.0,0.0,0.0,0,70.44,2.72
0.5951993455214264,1.4475335376247864,-0.02057490171352563,0.4279187760864906,1.5953019524567775,1.7184816988697145,0.6457639400979294,-1.3269614165526378,-0.5832626452327563,0.0,0.0,1.0,0.0,1.0,0.0,1.0,0.0,0.0,1,82.56,3.36
1.74110657025609,1.584733535344921,0.9629150774483335,1.3738129110998054,-0.7496505148759427,0.8710254912820397,0.0688111327619145,1.37744364435627,-0.5832626452327563,0.0,0.0,1.0,0.0,0.0,1.0,1.0,0.0,0.0,1,80.27,3.15
-1.0787499881594147,-1.1761817719406344,-2.0008219080550504,-0.6414543911907725,1.2311050903159644,1.1362071462997123,0.6089059588245437,-0.4254930629163352,-0.5832626452327563,0.0,0.0,1.0,0.0,1.0,0.0,1.0,0.0,0.0,1,68.22,2.64
-0.628542762883337,0.05858136938919525,1.2541936324134884,-0.7101863536332796,1.5625549807685162,0.5077409926203167,-0.868217793486772,-0.4254930629163352,-0.5832626452327563,0.0,0.0,1.0,1.0,0.0,0.0,1.0,0.0,0.0,1,77.5,2.72
0.07817062259400434,0.11547814434604643,0.21669969440836154,1.2009383251240315,-0.7883128925583432,-1.654934604091177,0.6084159025966778,1.37744364435627,0.7945231309076128,1.0,0.0,0.0,0.0,0.0,1.0,0.0,1.0,0.0,1,76.52,3.35
-0.5618752022487389,-0.08641835057644495,-0.32499845773425534,0.5000870384012737,-1.4373209425306155,0.4077260677784649,1.0604283486327304,1.37744364435627,-0.5832626452327563,1.0,0.0,0.0,0.0,0.0,1.0,0.0,1.0,0.0,1,79.9,3.12
-1.673163775173099,-1.2663635521764223,0.035547996554714224,-1.5585953282763096,0.347493413547786,1.1065143617404711,1.3015452697144334,-1.3269614165526378,-0.5832626452327563,1.0,0.0,0.0,0.0,0.0,1.0,1.0,0.0,0.0,1,73.14,3.22
0.04517923973887152,-0.3523896973143482,0.09334962701852835,-0.5078309809517986,-0.5153134030797222,-0.878961327312625,2.147083106613525,0.4759752907199674,-0.5832626452327563,1.0,0.0,0.0,0.0,0.0,1.0,0.0,1.0,0.0,1,77.05,3.06
-1.1549104252941973,-1.3389898908193119,-1.8015006241386935,0.45940084668698566,1.733791050972124,0.9956075404207616,0.26040604523306055,-1.3269614165526378,-0.5832626452327563,1.0,0.0,0.0,0.0,1.0,0.0,1.0,0.0,0.0,1,73.54,3.07
0.4750014892610128,0.9348730536840499,1.2541936324134884,0.9310400762382969,0.0761132520244795,0.7266035518816064,0.2921936879150172,-0.4254930629163352,2.1723089070479817,0.0,0.0,1.0,1.0,0.0,0.0,1.0,0.0,0.0,1,86.96,3.49
-1.0032849610172525,-1.0541002600374023,0.18161953995112531,-0.6540363760489692,-0.7741365115139648,1.7184816988697145,-1.6239413266427227,1.37744364435627,-0.5832626452327563,0.0,1.0,0.0,0.0,0.0,1.0,1.0,0.0,0.0,0,68.97,2.84
1.6172288557547552,1.279440568743155,0.6310190649596109,-2.9893679518767073,-1.1245544459162444,-0.4299695640398052,-0.5664790300914676,-0.4254930629163352,-0.5832626452327563,0.0,0.0,1.0,1.0,0.0,0.0,1.0,0.0,0.0,1,60.09,2.2
-0.8587786795021395,-1.220858106831906,1.1999870502773433,0.6023826776921264,1.1479040325397185,-1.1306711807710803,-0.2057363869346161,0.4759752907199674,-0.5832626452327563,1.0,0.0,0.0,1.0,0.0,0.0,1.0,0.0,0.0,1,66.71,2.9
-0.3693562836130724,-0.11821030815491174,-1.007102342121932,-1.2194101225941245,-0.5394660366339749,-0.37209046349013664,1.1200369149940463,-1.3269614165526378,-0.5832626452327563,1.0,0.0,0.0,0.0,1.0,0.0,0.0,1.0,0.0,1,65.73,2.56
0.8357338616842707,1.584733535344921,0.6651089347743845,-2.0521977979889328,0.08527724201463487,1.4802903927664235,-0.6513413364984819,-0.4254930629163352,-0.5832626452327563,1.0,0.0,0.0,1.0,0.0,0.0,1.0,0.0,0.0,1,65.41,2.8
-1.33378901398444,-1.7036972358084128,-0.16405539812967374,-2.903760927974838,1.0116801028284534,-1.8839046305562055,0.8492319905482721,-1.3269614165526378,0.7945231309076128,1.0,0.0,0.0,0.0,1.0,0.0,0.0,0.0,1.0,0,53.6,1.85
0.21380265149255406,0.21705562859885807,1.0827593036745833,0.9061893356998557,-0.4511651093708464,-2.131242572715511,-0.0015923482104132647,1.37744364435627,-0.5832626452327563,1.0,0.0,0.0,0.0,0.0,1.0,0.0,1.0,0.0,1,79.1,3.01
1.359575364182086,1.584733535344921,-2.244578448299695,0.19006733673242107,-0.005900498250122512,0.09278128557739816,-0.18876817539231885,-0.4254930629163352,-0.5832626452327563,1.0,0.0,0.0,0.0,1.0,0.0,0.0,1.0,0.0,1,78.17,3.2
-1.7334616508070364,-1.5912554528490126,0.024516370462735193,-0.18010603479061207,0.02392445037880728,-0.4555375039551485,0.2655192602359454,0.4759752907199674,-0.5832626452327563,0.0,0.0,1.0,0.0,0.0,1.0,0.0,1.0,0.0,0,70.14,2.77
0.16835509183861486,0.38117549507810744,-0.5390575153450593,1.5070403540199515,0.7348908191908496,0.008606359303887989,-0.4169325208805961,-1.3269614165526378,0.7945231309076128,1.0,0.0,0.0,0.0,0.0,1.0,0.0,1.0,0.0,1,88.67,3.64
0.24821018967943015,-0.2725566792030666,0.6190039674148241,0.7216049634957437,0.640845873811334,0.9749781009782407,-0.45732289256785524,-1.3269614165526378,0.7945231309076128,0.0,0.0,1.0,0.0,0.0,1.0,1.0,0.0,0.0,1,78.57,3.18
0.8020994315864592,0.9419683766207745,0.6612739780317831,1.7445159936299217,-0.1828412900013492,-0.5688944186666558,-1.8175861209526758,0.4759752907199674,-0.5832626452327563,0.0,0.0,1.0,0.0,0.0,1.0,1.0,0.0,0.0,1,85.72,3.79
-1.3402479707684551,-1.2876639712852251,-0.6563146236296993,-1.3995627492632616,0.10541109292107141,-1.9298739912228353,-0.264243636595124,-0.4254930629163352,-0.5832626452327563,0.0,0.0,1.0,0.0,0.0,1.0,0.0,1.0,0.0,1,57.16,2.39
-1.4288654631954314,-0.805672959084714,-0.6614029354346617,0.019576403151776667,-0.3369061623553045,1.7184816988697145,-0.5116278117980393,-0.4254930629163352,0.7945231309076128,0.0,0.0,1.0,0.0,0.0,1.0,1.0,0.0,0.0,1,76.32,2.97
0.5263101870883057,1.0566444192694857,0.011570548069138082,-1.6335926101695697,-1.4602356455740406,-1.0272063048132603,-0.5500263992152844,-1.3269614165526378,0.7945231309076128,1.0,0.0,0.0,0.0,0.0,1.0,1.0,0.0,0.0,0,68.01,2.64
0.2875831608478672,1.5129519320141431,-0.8677879122757848,-0.1839992037906046,0.30243152255051997,-1.090912936843945,0.4446264711963587,0.4759752907199674,0.7945231309076128,0.0,0.0,1.0,0.0,0.0,1.0,0.0,1.0,0.0,1,78.39,3.38
0.23824546550198206,0.505273698934851,1.077403472845423,-0.2040959115538693,1.733791050972124,1.138250158838487,0.7024011719500016,-1.3269614165526378,0.7945231309076128,1.0,0.0,0.0,1.0,0.0,0.0,1.0,0.0,0.0,1,84.85,3.09
0.3400744750479633,0.47559981866538686,-0.27768853722370895,0.7104132141389989,-0.8569460192912863,-0.3956534066890857,0.24771350567475572,-1.3269614165526378,-0.5832626452327563,0.0,0.0,1.0,0.0,1.0,0.0,1.0,0.0,0.0,1,78.85,3.27
-0.7492312481746618,-0.5711047855809587,-3.1169823212373102,0.10328638637495777,-0.7445053008793218,-0.064695007017823,1.0614953017848767,1.37744364435627,-0.5832626452327563,1.0,0.0,0.0,0.0,1.0,0.0,0.0,1.0,0.0,0,70.32,2.59
0.21888985138929443,0.04081340249318632,-0.28397049225269766,0.7070628099173936,-0.843749105597966,0.49825504696425665,0.6138280016997071,-0.4254930629163352,0.7945231309076128,1.0,0.0,0.0,0.0,0.0,1.0,1.0,0.0,0.0,1,71.38,3.08
0.2834314860690859,0.43052608514581825,-1.0265487783439606,0.7906876247861813,0.7768110018680286,1.1174949583321603,-0.31446598592853636,-0.4254930629163352,2.1723089070479817,0.0,0.0,1.0,0.0,1.0,0.0,1.0,0.0,0.0,0,86.44,3.37
-0.7856591614376267,-0.8386986574925583,-1.6897030282124292,1.7971430333947969,0.49633622498454755,-0.3430581862937084,-0.49338234128341185,1.37744364435627,-0.5832626452327563,0.0,0.0,1.0,0.0,1.0,0.0,1.0,0.0,0.0,1,70.03,2.91
1.74110657025609,1.584733535344921,-1.2490607850657531,-0.2737692967894409,-0.12029101780397301,1.5672622660721227,0.3336825862889516,-0.4254930629163352,-0.5832626452327563,0.0,0.0,1.0,0.0,1.0,0.0,1.0,0.0,0.0,1,77.19,3.09
0.4752567005060011,1.0729338196521423,0.2577912749155283,-0.9275774517348312,-0.8917886209284475,-2.2007369173350635,0.611914284530986,-0.4254930629163352,2.1723089070479817,0.0,0.0,1.0,0.0,1.0,0.0,0.0,0.0,1.0,0,71.8,2.59
-1.2918065851259535,-1.6365581173084582,1.2541936324134884,0.31280529388839917,0.13459334260750375,0.7837571643628255,1.4905841556237778,-0.4254930629163352,-0.5832626452327563,1.0,0.0,0.0,0.0,0.0,1.0,1.0,0.0,0.0,1,82.1,3.41
0.6691621459016782,1.1628869832181175,0.4857778236356767,-0.7826081124201385,-1.5486220016718493,-0.864663483717289,1.270221534436142,0.4759752907199674,0.7945231309076128,1.0,0.0,0.0,0.0,1.0,0.0,0.0,1.0,0.0,1,75.6,2.88
-1.061924833006163,-0.3155011145690275,-0.5431777917692137,1.604147674769465,0.18645080852627416,1.4150471434829037,-0.5772071870203753,1.37744364435627,-0.5832626452327563,0.0,0.0,1.0,0.0,1.0,0.0,1.0,0.0,0.0,1,84.37,3.54
0.8076832463858299,0.6851977580266057,0.645454018920351,-0.24025101651665118,0.9260683227142636,0.1470470426948928,-0.10862709141426198,-1.3269614165526378,-0.5832626452327563,1.0,0.0,0.0,0.0,0.0,1.0,0.0,1.0,0.0,1,75.35,2.81
1.2019352713000446,0.08106235574565455,-0.378250623930219,-0.5352813727457709,-1.2302401480941454,-0.6929252376604171,0.7156075501023663,0.4759752907199674,-0.5832626452327563,1.0,0.0,0.0,0.0,0.0,1.0,0.0,1.0,0.0,1,67.91,2.76
-0.8984988231308526,-1.090308591925348,-0.641741540388191,-0.4367903798058988,-1.5160102158924182,0.6838343562259417,1.1388862708840848,-1.3269614165526378,-0.5832626452327563,1.0,0.0,0.0,0.0,1.0,0.0,1.0,0.0,0.0,1,59.65,2.39
0.9947659856097796,1.5322216622139704,-1.1561280174577924,0.8063370845311147,1.6451821745185424,0.921254263315018,1.0013102181277933,1.37744364435627,-0.5832626452327563,1.0,0.0,0.0,0.0,1.0,0.0,1.0,0.0,0.0,1,84.29,3.25
0.41046757218309754,0.3720970494700604,-1.8245788730037908,-0.10914891514031672,-0.5806836752563205,0.6622442238517646,-0.06797274739508026,1.37744364435627,-0.5832626452327563,0.0,0.0,1.0,0.0,1.0,0.0,1.0,0.0,0.0,1,66.77,2.95
0.844799737668579,0.29644588082316914,-0.30086636328230726,-0.6147867066950389,1.194675392954232,-1.0606711629926748,-1.336961136904834,1.37744364435627,0.7945231309076128,0.0,0.0,1.0,0.0,1.0,0.0,1.0,0.0,0.0,1,72.58,2.91
1.74110657025609,1.3428545650153776,0.31221578847713544,1.7957692794133935,-0.1156791599504036,-0.49823734765674155,-1.064976150313896,-0.4254930629163352,3.550094683188351,0.0,1.0,0.0,0.0,0.0,1.0,1.0,0.0,0.0,1,96.27,3.77
-0.2879895265059496,0.1550995593019858,0.027280535294997146,-0.8389164598342109,-0.12376220681182797,-0.003556704243931961,0.2908314799905747,0.4759752907199674,-0.5832626452327563,0.0,0.0,1.0,0.0,1.0,0.0,0.0,1.0,0.0,1,77.71,3.17
-0.8274547395647694,-0.47290778735250616,-0.3300037695645857,0.09283988527813919,0.48610410287770994,-0.04188531518812965,0.36503381332514745,1.37744364435627,-0.5832626452327563,1.0,0.0,0.0,0.0,1.0,0.0,1.0,0.0,0.0,1,64.72,2.3
-0.9715443078018448,-0.9795094545215055,-0.9227257527965514,0.7372587890119716,-0.8572301609108501,0.7734070775156151,-1.171326825696682,-1.3269614165526378,-0.5832626452327563,0.0,1.0,0.0,0.0,1.0,0.0,1.0,0.0,0.0,1,64.51,3.07
-0.8933285612654598,-0.9701577531103471,0.8158957081481532,-1.6488705580186407,0.17534846386200725,-2.0761261928288097,0.04765901832571429,-0.4254930629163352,-0.5832626452327563,0.0,0.0,1.0,1.0,0.0,0.0,0.0,0.0,1.0,0,58.04,2.1
-0.10940191811607386,-0.2741540932739485,-1.338235819975753,0.5574918607261281,-0.34677020007285514,0.3452335217323439,0.6731779040706248,-0.4254930629163352,-0.5832626452327563,1.0,0.0,0.0,0.0,1.0,0.0,1.0,0.0,0.0,1,66.95,2.79
0.3344540455420707,-0.12759377518706813,1.0036115107539576,-1.0467824735504894,-1.3006308038109526,-0.2982438445657834,-1.227355211730553,0.4759752907199674,-0.5832626452327563,0.0,1.0,0.0,1.0,0.0,0.0,1.0,0.0,0.0,1,67.26,2.7
0.26604705178952437,1.0266898552053454,-0.985906003372584,0.9153862798476302,0.38357659101548436,-0.863605010551971,1.1783367968859624,0.4759752907199674,-0.5832626452327563,1.0,0.0,0.0,0.0,1.0,0.0,1.0,0.0,0.0,1,82.49,3.54
0.8502364228889819,0.6257530230770221,-0.706447746530299,-0.950176425165851,-0.2267187663461657,-0.7646431335212347,-0.402404666466404,0.4759752907199674,-0.5832626452327563,0.0,0.0,1.0,0.0,0.0,1.0,0.0,1.0,0.0,1,64.0,2.6
-0.01378286611874367,0.5831615574482545,-1.5056693368977745,0.7795376125768734,-0.11875421785685586,-0.2204837083997354,1.341063059804097,-0.4254930629163352,-0.5832626452327563,1.0,0.0,0.0,0.0,1.0,0.0,0.0,1.0,0.0,1,77.94,2.99
1.5149276399315024,1.584733535344921,-0.4255895132765884,1.2111396470921896,-1.1885526637285575,-3.7110127419941907,-0.5686552878920134,1.37744364435627,0.7945231309076128,0.0,0.0,1.0,0.0,0.0,1.0,0.0,0.0,1.0,1,73.65,2.57
-0.3084377266755783,0.21219572133904194,1.2265729737889908,0.9557747753485274,1.6573339164675294,-0.722180994835717,-1.094499578271309,-1.3269614165526378,-0.5832626452327563,0.0,1.0,0.0,1.0,0.0,0.0,0.0,1.0,0.0,1,86.63,3.11
1.74110657025609,1.3779089241706355,0.7122736844733163,0.31827318135218796,0.9313402341172267,-0.9020649257355419,-0.4883504060344776,1.37744364435627,0.7945231309076128,0.0,0.0,1.0,1.0,0.0,0.0,1.0,0.0,0.0,1,83.12,3.28
0.6363852652701494,0.7805377420793254,1.230052084054788,-0.1860039206723178,1.020165402171037,0.5497831352848079,-0.1013146017688792,-1.3269614165526378,2.1723089070479817,0.0,0.0,1.0,0.0,0.0,1.0,1.0,0.0,0.0,1,85.51,3.69
-0.9372067952329682,-0.8456019775990975,0.7195621220965618,-0.5466112161649802,-0.2695223363189624,-0.8296186348763878,-0.4140787474869335,1.37744364435627,2.1723089070479817,1.0,0.0,0.0,1.0,0.0,0.0,1.0,0.0,0.0,0,69.73,2.45
-1.1640249490662422,-1.4718811945731634,-1.0994123813996883,1.5927312430867955,-1.715786383479689,-0.2210775338984464,-0.23017407340614351,0.4759752907199674,2.1723089070479817,1.0,0.0,0.0,0.0,1.0,0.0,0.0,1.0,0.0,0,65.39,2.99
0.48442503835109263,0.6052718732514342,-0.23470613646480767,-0.6752104013948966,1.733791050972124,1.5902723498680464,0.35622615456785606,-1.3269614165526378,-0.5832626452327563,0.0,0.0,1.0,0.0,0.0,1.0,1.0,0.0,0.0,1,79.32,3.39
-0.2647220954154839,-0.7916722873126981,-0.7375102553600552,-1.0279311782521383,-0.02130917076046635,1.0255235810734717,-0.18238269343113606,-0.4254930629163352,-0.5832626452327563,0.0,0.0,1.0,0.0,0.0,1.0,1.0,0.0,0.0,1,64.03,2.29
0.7301254886421781,1.2408472784857683,1.2541936324134884,0.7509078202310427,-0.7198920305471426,0.9306162048946476,-0.07035534157275984,-1.3269614165526378,-0.5832626452327563,0.0,0.0,1.0,1.0,0.0,0.0,1.0,0.0,0.0,1,93.29,3.51
0.4746249646962887,0.21835834476426128,-1.2035946094407548,-0.7761891852429618,0.4641510546208044,-0.5145794806592238,-1.8223207839040643,-0.4254930629163352,0.7945231309076128,0.0,1.0,0.0,0.0,1.0,0.0,1.0,0.0,0.0,0,61.45,2.26
-0.10486757354554282,0.014056238470430941,1.1352615860710202,-0.9370239926268402,1.2263415417971508,0.5603468958467649,0.4177836523319689,1.37744364435627,0.7945231309076128,1.0,0.0,0.0,1.0,0.0,0.0,1.0,0.0,0.0,1,84.6,3.44
-0.9262085622692716,-0.6883291560015236,1.13442939391441,-1.4527144919173542,0.017339745990225815,-0.24043828390062344,-0.09497594930588849,0.4759752907199674,0.7945231309076128,1.0,0.0,0.0,1.0,0.0,0.0,1.0,0.0,0.0,0,63.18,2.52
-1.6351551756153184,-1.5883763188737543,1.2541936324134884,-0.4489048333372054,1.3395593117951623,-0.20147293037797462,1.717106924565285,-1.3269614165526378,-0.5832626452327563,1.0,0.0,0.0,1.0,0.0,0.0,0.0,1.0,0.0,1,81.08,3.22
-0.5014278033329786,-0.15932992441569255,-0.3229772700766846,-0.03074957847064439,1.1408897632788544,0.42290563500262834,-1.0016717745430208,-0.4254930629163352,0.7945231309076128,0.0,1.0,0.0,0.0,0.0,1.0,0.0,1.0,0.0,1,81.84,3.17
0.8812403195580778,0.5806370490470202,0.9323369008721478,0.3096791325875775,-1.0526562937944668,-0.6146826765608145,-1.9279527363932607,1.37744364435627,-0.5832626452327563,0.0,0.0,1.0,1.0,0.0,0.0,1.0,0.0,0.0,1,80.13,3.24
0.1996182854560568,0.6101502670111528,1.2541936324134884,1.0496777787167433,-0.6436955645514901,1.5394859172459088,0.6591505040609349,0.4759752907199674,-0.5832626452327563,0.0,0.0,1.0,1.0,0.0,0.0,1.0,0.0,0.0,1,82.37,3.46
-1.349573976645213,-1.8513790107042383,-0.5556394161908,0.6062223350675053,1.013441962319816,-0.16440563810917272,0.36962020980228927,0.4759752907199674,0.7945231309076128,0.0,0.0,1.0,0.0,0.0,1.0,0.0,1.0,0.0,0,74.73,2.96
0.15620109854805714,0.21398987374289616,-1.5820337502926711,-0.1437607869035503,-2.7147755191131964,0.6379880856965379,-1.075101919160877,0.4759752907199674,-0.5832626452327563,0.0,0.0,1.0,0.0,1.0,0.0,1.0,0.0,0.0,0,64.05,2.43
0.381322917465358,1.2858344891866655,-1.967989261364582,-0.15141291490898268,-0.11106532651248222,1.5009348703583725,-1.6309534905154532,1.37744364435627,3.550094683188351,0.0,0.0,1.0,0.0,1.0,0.0,1.0,0.0,0.0,0,72.12,3.08
-0.9655410366712897,-1.3389366715618882,0.9327730903693381,0.5887305814250753,-1.4127142853158703,1.0639711757304349,1.6393815140858172,1.37744364435627,-0.5832626452327563,1.0,0.0,0.0,1.0,0.0,0.0,1.0,0.0,0.0,1,78.05,3.08
0.13555434271883865,-0.1899777502095315,-1.9715025183717212,1.385359777956147,-0.4433386603192945,-1.451537801414175,1.5079278190670355,1.37744364435627,0.7945231309076128,1.0,0.0,0.0,0.0,1.0,0.0,0.0,1.0,0.0,1,78.61,3.25
0.034191175298755705,0.2895011938542375,-0.2811701076851727,0.18766071765901957,-0.26279291071819416,0.4591973018560119,-1.9990763948475567,0.4759752907199674,-0.5832626452327563,0.0,1.0,0.0,0.0,0.0,1.0,1.0,0.0,0.0,1,71.75,2.85
-1.2405147983640321,-1.0218681005641772,0.6246542204214158,-0.4345074576966912,-0.3231573887618363,0.8774813307879192,-0.48844214530569907,-1.3269614165526378,0.7945231309076128,0.0,0.0,1.0,0.0,0.0,1.0,1.0,0.0,0.0,0,74.96,3.22
0.35210772165863885,0.49836674619710747,0.34256019511740254,-0.9817474400924939,-0.5202439263396714,0.9198882450808678,1.7745766529269802,-0.4254930629163352,0.7945231309076128,1.0,0.0,0.0,0.0,1.0,0.0,1.0,0.0,0.0,1,74.06,3.21
0.567530815682001,0.7593058646317136,0.6113758267942082,-1.4543873459242076,-1.0737472520352231,-1.1468365944182117,-0.5074634897632617,1.37744364435627,2.1723089070479817,0.0,0.0,1.0,1.0,0.0,0.0,1.0,0.0,0.0,0,63.59,2.78
1.1217666912160382,1.329564717072619,0.3840840517340137,0.7518489816345046,1.733791050972124,-0.6765678623930842,-0.5229770389774525,-1.3269614165526378,-0.5832626452327563,0.0,0.0,1.0,0.0,0.0,1.0,0.0,1.0,0.0,1,83.72,3.24
1.0907270891532155,1.5291343612386274,1.2541936324134884,0.6595953935631834,1.733791050972124,1.0257366440690143,-0.3013544930478842,-0.4254930629163352,2.1723089070479817,0.0,0.0,1.0,1.0,0.0,0.0,1.0,0.0,0.0,1,90.36,3.5
-1.489580343673569,-1.136469833241419,-0.9300766899796783,0.6589527943633331,-1.1396965972838182,-0.784508508755969,-1.1950162762594048,0.4759752907199674,-0.5832626452327563,0.0,0.0,1.0,0.0,0.0,1.0,1.0,0.0,0.0,0,70.36,2.99
-1.0228121227511404,-1.0269229516993312,-0.6220446391449513,-0.07875595170295706,1.6479034180552241,-0.3082568299970485,-1.8175752862172099,-1.3269614165526378,-0.5832626452327563,0.0,0.0,1.0,0.0,1.0,0.0,0.0,1.0,0.0,1,65.42,2.6
0.518981138114268,0.8033369498672296,-0.7290747846397775,1.5257545413286362,-0.3650306865556243,1.6249031713166595,1.1224122558532288,0.4759752907199674,-0.5832626452327563,1.0,0.0,0.0,0.0,1.0,0.0,1.0,0.0,0.0,1,98.2,3.92
0.5176553482657096,1.3902434555289134,1.0642106002025429,-0.4501677319852936,0.17198642931832583,-0.048625706742040746,-1.9648892160828466,-0.4254930629163352,0.7945231309076128,0.0,1.0,0.0,0.0,0.0,1.0,0.0,1.0,0.0,1,69.46,2.64
0.5189943174134506,0.4175080738748299,1.1427586162534542,1.0538186277355577,-0.023520057670013618,-0.7484480478586755,0.26378925626334504,1.37744364435627,-0.5832626452327563,1.0,0.0,0.0,0.0,0.0,1.0,1.0,0.0,0.0,1,83.35,3.62
1.74110657025609,1.1177568000583298,0.6402192476676285,0.01519598617690447,-0.6294319412788103,-0.9039228034554481,0.9454495614170231,0.4759752907199674,0.7945231309076128,1.0,0.0,0.0,0.0,0.0,1.0,0.0,1.0,0.0,1,77.56,3.31
0.5782554107791292,1.0650744293815333,1.2541936324134884,-0.5799754519848911,1.0401734917164795,0.34357643268237154,-1.547228940975494,-1.3269614165526378,0.7945231309076128,0.0,0.0,1.0,1.0,0.0,0.0,1.0,0.0,0.0,1,77.54,3.08
1.1774956164294363,1.018061145712335,-1.1826194141324764,0.6748002502381673,0.16863326026536915,-1.3734402082313775,-0.9853616445239192,1.37744364435627,-0.5832626452327563,0.0,1.0,0.0,0.0,1.0,0.0,1.0,0.0,0.0,1,74.28,2.84
0.9848177931585888,-0.13936237749850314,1.2541936324134884,0.48369790935956325,-0.44333624447778214,-0.2542890568448158,1.2936855197243233,-1.3269614165526378,2.1723089070479817,1.0,0.0,0.0,1.0,0.0,0.0,1.0,0.0,0.0,0,83.78,3.21
0.6636837886917581,1.0177995427916173,1.2541936324134884,0.42867105837915587,-1.2844751769947609,0.3441033342951037,0.568331021334796,-0.4254930629163352,-0.5832626452327563,0.0,0.0,1.0,0.0,0.0,1.0,0.0,1.0,0.0,1,86.42,3.48
-0.3621482413298293,-0.5712013568464883,0.958404983090592,0.14060376875387157,-0.8669781447372441,1.3396805025292982,-0.6580422542869415,-0.4254930629163352,0.7945231309076128,1.0,0.0,0.0,1.0,0.0,0.0,1.0,0.0,0.0,1,75.99,3.12
0.7778468552285422,0.6714473853814388,1.2541936324134884,0.01608393842370987,-1.6265944264973906,0.6886858683608222,1.2820312423032871,1.37744364435627,-0.5832626452327563,1.0,0.0,0.0,1.0,0.0,0.0,1.0,0.0,0.0,1,82.49,3.13
-0.847712274841673,-0.5941078886745897,-1.7180619341333672,1.7971430333947969,0.05317194435272374,-0.7353488063546124,1.2866019449082886,-1.3269614165526378,-0.5832626452327563,1.0,0.0,0.0,0.0,1.0,0.0,0.0,1.0,0.0,1,71.04,2.59
-0.278895457677983,-0.14821359169658274,-0.4513735875910973,1.2930828166379282,-1.1748437941343066,1.2152430530680265,0.28701343987941275,-1.3269614165526378,-0.5832626452327563,0.0,0.0,1.0,0.0,0.0,1.0,1.0,0.0,0.0,1,79.23,3.19
-0.5426544118695148,-0.13773759625769533,-0.6872805502081782,0.8109444497767418,-0.22900711346397024,-0.3080702528136007,-0.9596563746189554,-1.3269614165526378,-0.5832626452327563,0.0,1.0,0.0,0.0,1.0,0.0,1.0,0.0,0.0,1,76.63,3.24
0.05930521161898948,-0.14275118626783734,0.942582024125137,0.17249425235335528,1.4325340989046689,-1.2730032409847822,-0.44070165302833925,-1.3269614165526378,-0.5832626452327563,1.0,0.0,0.0,1.0,0.0,0.0,0.0,1.0,0.0,1,66.43,2.67
1.74110657025609,1.584733535344921,-1.0395235224605353,1.1080352835036957,1.2590294475733406,-0.17668258352700236,0.3054958203623805,-0.4254930629163352,-0.5832626452327563,0.0,0.0,1.0,0.0,1.0,0.0,0.0,1.0,0.0,1,86.31,3.4
-2.009145465845527,-1.926428385057867,0.982876875783054,0.5969196213070329,0.00796743225837535,1.482968376925099,-0.20095187539168988,-1.3269614165526378,-0.5832626452327563,1.0,0.0,0.0,1.0,0.0,0.0,1.0,0.0,0.0,1,76.64,2.84
0.7006871365057687,0.9991721550866018,1.2541936324134884,0.08305843503268735,-0.04770754907132641,0.1709548178789922,1.0012971134506148,-0.4254930629163352,-0.5832626452327563,1.0,0.0,0.0,0.0,0.0,1.0,0.0,1.0,0.0,1,90.32,3.49
-1.7390145892765534,-1.2632345971475847,0.9131837088855786,-0.26151042871074,1.733791050972124,0.013547526022017616,-1.6309802800845175,-1.3269614165526378,-0.5832626452327563,0.0,1.0,0.0,0.0,0.0,1.0,0.0,1.0,0.0,1,75.43,3.19
-0.5284005453764253,-0.9130668089087379,0.4528473967851031,-0.028871213444332394,0.569750330951992,1.6881222808567695,-1.593117260192504,-1.3269614165526378,0.7945231309076128,0.0,0.0,1.0,0.0,1.0,0.0,1.0,0.0,0.0,1,79.38,2.92
1.1280271581552939,1.5514543461454946,-0.9698581585994712,-3.257034401534025,-0.29223789322629273,-1.4746624197699887,0.19299008970240733,0.4759752907199674,-0.5832626452327563,0.0,0.0,1.0,0.0,1.0,0.0,1.0,0.0,0.0,0,62.29,2.85
0.040634114361878894,-0.20775954019367704,-0.812080970919105,0.27573007783746284,-1.4078250499651175,-1.3244313579355502,-0.5239709729076742,0.4759752907199674,0.7945231309076128,1.0,0.0,0.0,0.0,0.0,1.0,1.0,0.0,0.0,0,71.1,2.86
-1.1712966728999397,-0.6582040452091147,1.2541936324134884,-0.4547208826388512,0.4408599343115395,-1.664818731217482,-0.6684519258378143,-1.3269614165526378,-0.5832626452327563,0.0,0.0,1.0,0.0,0.0,1.0,1.0,0.0,0.0,1,73.96,2.64
-0.7866697446293808,-0.5220629037511246,1.0073271782203996,1.719825450747734,0.8832000266784111,0.3847312774738489,-1.8850484383592825,-0.4254930629163352,-0.5832626452327563,0.0,0.0,1.0,1.0,0.0,0.0,0.0,1.0,0.0,1,76.28,3.15
0.6936168715515367,1.5195867728416876,0.0917286124228475,0.0758898508758607,-0.600890282327969,0.17224636979214922,0.020977501834175814,-1.3269614165526378,-0.5832626452327563,0.0,0.0,1.0,0.0,0.0,1.0,1.0,0.0,0.0,1,82.1,3.37
-0.8026547035545623,-0.8195769063944784,-0.3321771890424095,-1.1866455617106437,0.3365650571141228,1.5907462054730959,-0.05611317498229039,0.4759752907199674,-0.5832626452327563,0.0,0.0,1.0,0.0,0.0,1.0,1.0,0.0,0.0,0,79.01,3.07
0.20212788859040604,0.027520554262283035,-2.1311092845244506,0.0035588953089436847,-0.32857061792736625,0.2515919972722443,0.6969068320526993,-1.3269614165526378,-0.5832626452327563,1.0,0.0,0.0,0.0,1.0,0.0,0.0,1.0,0.0,1,77.86,3.3
0.020780764071202797,0.021829642725536447,-1.0626959479919256,-1.0373925717815193,-0.1461890924272268,-0.41592533862520625,0.07360776308731948,0.4759752907199674,-0.5832626452327563,1.0,0.0,0.0,0.0,1.0,0.0,0.0,1.0,0.0,1,69.39,2.65
-0.7190669522540543,-0.7822875668758759,1.2541936324134884,0.5503312137528988,-2.4864284604446087,0.002491169727226029,-0.14125190304298565,-1.3269614165526378,0.7945231309076128,0.0,0.0,1.0,1.0,0.0,0.0,0.0,1.0,0.0,0,74.17,3.09
1.74110657025609,1.584733535344921,-1.2972019684326654,0.3596824938855409,-0.18453534776080632,0.12196272974227387,1.2551102462153332,1.37744364435627,0.7945231309076128,1.0,0.0,0.0,0.0,1.0,0.0,1.0,0.0,0.0,0,86.2,3.44
0.6451420439874807,-0.1795209509617617,0.34737586984488095,1.0565043789622228,1.0254613051861898,-1.7224503588592626,-1.3992775729823146,-1.3269614165526378,-0.5832626452327563,0.0,0.0,1.0,0.0,0.0,1.0,0.0,1.0,0.0,1,70.62,2.77
-2.1766869018805024,-2.4582677598186384,1.2541936324134884,-0.770698332827401,-0.6006373742860959,1.7184816988697145,0.572060218881771,-0.4254930629163352,0.7945231309076128,0.0,0.0,1.0,1.0,0.0,0.0,1.0,0.0,0.0,0,74.19,3.24
0.17028698243011559,-0.3455199485397986,-1.2686355112651442,0.09121198661297551,0.09411242049212162,0.5364744841755238,-1.7817189129816897,0.4759752907199674,-0.5832626452327563,0.0,0.0,1.0,0.0,1.0,0.0,1.0,0.0,0.0,1,61.85,2.67
-0.7298765853059257,-0.19140119765612543,0.3420398792293872,-1.3706053037643173,-0.7271560802882842,0.21709765419117796,-0.8937640692034834,1.37744364435627,-0.5832626452327563,0.0,0.0,1.0,0.0,1.0,0.0,1.0,0.0,0.0,1,73.26,2.71
0.8770321250431831,1.584733535344921,1.1847329393439112,0.7886549676873533,0.40689945092353424,0.6346933548796457,-1.2928552739085934,0.4759752907199674,-0.5832626452327563,0.0,1.0,0.0,0.0,0.0,1.0,1.0,0.0,0.0,1,84.91,3.47
-0.8686134074982865,-0.8221124728938949,0.14936838698637242,0.5978353577036207,-0.17919394818345052,0.7318341399347367,0.8338807155520764,0.4759752907199674,0.7945231309076128,1.0,0.0,0.0,0.0,0.0,1.0,1.0,0.0,0.0,1,78.22,3.51
-0.14934035952641522,-0.20339476836049256,1.2541936324134884,0.5737340065795334,-0.9133468742017665,-0.14422789640826883,-0.06960666517183467,-0.4254930629163352,0.7945231309076128,0.0,0.0,1.0,1.0,0.0,0.0,1.0,0.0,0.0,1,74.93,3.27
0.5083180891896483,0.5049899500577313,-1.7314608552685997,0.0573693251156728,1.3943896046127147,-0.6499817716168633,-0.01426099186060441,-1.3269614165526378,0.7945231309076128,1.0,0.0,0.0,0.0,1.0,0.0,1.0,0.0,0.0,0,75.88,2.85
0.8911694463700585,1.3739200566500336,1.2541936324134884,0.48906521589412144,0.9843842324510161,0.6184975909918841,-1.1799139680895614,-0.4254930629163352,-0.5832626452327563,0.0,1.0,0.0,1.0,0.0,0.0,1.0,0.0,0.0,1,87.93,3.84
-1.3013499718776858,-1.6072304588231614,-0.05794821832324242,1.7320182615666138,-0.5737223760119129,0.3981950112708243,-0.31941049985422004,-1.3269614165526378,-0.5832626452327563,0.0,0.0,1.0,0.0,1.0,0.0,0.0,1.0,0.0,1,80.24,3.4
-0.38255746737910756,-0.21889097340149502,0.9990157105144999,-0.24221143785629115,0.546419131783688,-0.8341160271392696,-0.8139058160978165,1.37744364435627,0.7945231309076128,0.0,0.0,1.0,0.0,0.0,1.0,1.0,0.0,0.0,1,81.22,3.04
-0.5315984507380209,-0.00041257210873867816,0.6291227064527862,0.20054510709040452,0.5866697366383431,1.463247303524254,0.40899457675917794,-0.4254930629163352,-0.5832626452327563,0.0,0.0,1.0,1.0,0.0,0.0,1.0,0.0,0.0,1,83.77,3.39
-0.7209016662862577,-0.39855100314791164,-0.6848781710954215,-1.0791931895189222,0.6932184875466184,0.3030003939459631,-1.0566111854215443,-0.4254930629163352,-0.5832626452327563,0.0,1.0,0.0,0.0,1.0,0.0,0.0,1.0,0.0,1,62.07,2.58
1.74110657025609,1.584733535344921,0.3915873893762608,-0.851550221093045,-1.6803067879714868,0.7528691468406267,1.418026106668212,0.4759752907199674,-0.5832626452327563,1.0,0.0,0.0,0.0,0.0,1.0,1.0,0.0,0.0,1,85.6,3.21
0.4021909480836126,0.8552636224692107,-1.9432539668590085,0.15788071224191522,1.0632876976561503,1.4353000410254881,-1.7864458898020166,-0.4254930629163352,-0.5832626452327563,0.0,0.0,1.0,0.0,1.0,0.0,1.0,0.0,0.0,1,71.22,2.99
-1.3656462236436044,-2.5162643869494756,0.8103031245085799,1.2091548785030857,-0.5379575301770826,0.023202088779221194,-0.8598125803035502,-1.3269614165526378,-0.5832626452327563,1.0,0.0,0.0,1.0,0.0,0.0,0.0,1.0,0.0,1,69.78,3.28
0.9464657746193887,1.19193184002127,0.46896658167304084,-0.21210488009120218,-0.3227343554649584,0.3273249853611304,1.7884468797429514,-0.4254930629163352,-0.5832626452327563,1.0,0.0,0.0,0.0,0.0,1.0,0.0,1.0,0.0,1,80.42,3.49
1.74110657025609,1.2713123527562458,0.8499231577516141,-0.190826651065217,1.733791050972124,0.835539750367804,-0.4638285987351479,-0.4254930629163352,-0.5832626452327563,0.0,0.0,1.0,1.0,0.0,0.0,1.0,0.0,0.0,1,86.38,3.49
1.0680842231069458,0.0997319340279175,1.2541936324134884,-0.36946831231379135,0.3474045093965864,-0.7464762548257408,-1.4018486794607192,1.37744364435627,-0.5832626452327563,0.0,0.0,1.0,1.0,0.0,0.0,0.0,1.0,0.0,1,68.34,2.68
-1.639954764380789,-1.2236891937572785,0.5466806344548949,-0.5030785111265186,-0.3516797275972511,0.056352468238529366,0.23372120751674014,-1.3269614165526378,-0.5832626452327563,0.0,0.0,1.0,1.0,0.0,0.0,0.0,1.0,0.0,1,64.83,2.66
-0.5414557991209226,0.18162064671957845,0.3010678911014157,0.3638871834185109,-2.19943072688914,0.1300446555710262,-0.5067487677788778,0.4759752907199674,-0.5832626452327563,0.0,0.0,1.0,0.0,0.0,1.0,0.0,1.0,0.0,1,73.27,2.74
1.3168810890984,1.1357595440394765,-0.8503636937960565,-1.5087757979962735,1.4525074685828516,-0.9847724808352762,-0.8911073820841084,-1.3269614165526378,-0.5832626452327563,0.0,0.0,1.0,0.0,1.0,0.0,0.0,1.0,0.0,1,68.25,2.63
-0.778568191203994,-0.2341437599498063,-0.6614554070156179,1.3941048046247968,-1.325738082241832,1.7184816988697145,-1.1683322041034212,1.37744364435627,-0.5832626452327563,0.0,1.0,0.0,0.0,1.0,0.0,1.0,0.0,0.0,1,85.21,3.02
0.4434060121403856,1.1853756266164208,1.2541936324134884,-0.6396083125001555,-0.9785599439987432,-1.449862227476291,2.9519069616903213,-1.3269614165526378,-0.5832626452327563,1.0,0.0,0.0,1.0,0.0,0.0,1.0,0.0,0.0,1,76.29,3.14
0.7944705689710072,1.3599250095965005,1.2541936324134884,0.80997959831038,-0.29583983339686376,-1.3373200984749616,-0.2680796659492195,-1.3269614165526378,-0.5832626452327563,0.0,0.0,1.0,1.0,0.0,0.0,1.0,0.0,0.0,1,76.6,3.0
-1.011250672582997,-0.11503450516621731,-0.13101621808127883,-1.2713175367910656,1.4795767357422176,1.3552201790102556,-1.9990763948475567,-0.4254930629163352,0.7945231309076128,0.0,1.0,0.0,0.0,0.0,1.0,1.0,0.0,0.0,1,82.83,3.44
-0.09074967535309363,0.2860278407187799,0.18685234112609098,0.7545348003620741,0.8262289038008531,0.7358077835463465,1.5928004099039352,-0.4254930629163352,0.7945231309076128,1.0,0.0,0.0,0.0,1.0,0.0,1.0,0.0,0.0,1,88.49,3.56
-3.467253475960397,-3.0827056301168168,-0.8767072276858312,0.7577786042117448,-0.11957975719749125,-1.0568251701075542,0.6516893457041921,-1.3269614165526378,-0.5832626452327563,0.0,0.0,1.0,0.0,0.0,1.0,0.0,1.0,0.0,0,79.37,2.97
-1.1146734220492567,-1.7619080276208365,1.2541936324134884,0.45712240198828913,0.3539247463464083,0.6265765902283112,-0.8171057596320604,-1.3269614165526378,-0.5832626452327563,0.0,0.0,1.0,1.0,0.0,0.0,1.0,0.0,0.0,1,66.28,2.69
-0.2956090685384796,-0.3725000413302528,0.8798587604674104,-0.9833800855493805,-0.56912977423729,1.5135609628122224,-0.9947986623589125,0.4759752907199674,0.7945231309076128,0.0,0.0,1.0,1.0,0.0,0.0,1.0,0.0,0.0,1,75.11,2.86
-1.351743522569413,-1.6124377330103208,1.2541936324134884,0.3164253556318607,0.18261823816217138,-0.03055107730008626,0.718225177242522,1.37744364435627,-0.5832626452327563,1.0,0.0,0.0,1.0,0.0,0.0,0.0,1.0,0.0,1,78.67,3.48
1.70475435720821,1.584733535344921,-0.8472922711147817,-1.1804732146998291,0.11525205115188254,1.7184816988697145,-0.2631391327849521,-0.4254930629163352,-0.5832626452327563,1.0,0.0,0.0,0.0,0.0,1.0,1.0,0.0,0.0,1,79.25,3.0
-1.5452642872783617,-1.467416040040868,-0.28753484333173285,-0.20842944510434722,1.0248524148674978,-1.7763567481814382,-1.9990763948475567,-0.4254930629163352,-0.5832626452327563,0.0,0.0,1.0,0.0,0.0,1.0,0.0,0.0,1.0,1,63.63,2.45
-0.49456126574965376,-0.37522437005733067,0.3943279471466445,1.1312900117630862,1.02323545717637,0.7157680089948382,1.9057761223905794,-0.4254930629163352,-0.5832626452327563,1.0,0.0,0.0,0.0,1.0,0.0,1.0,0.0,0.0,1,92.92,3.51
0.11116287767741014,0.3770195593583468,0.8586827310969269,0.8881349371805763,0.5425479094878055,1.2029869673787623,-0.46260424245882076,-0.4254930629163352,-0.5832626452327563,0.0,0.0,1.0,0.0,0.0,1.0,1.0,0.0,0.0,1,87.96,3.3
1.50191634052493,1.389618213224369,-0.10590699921890563,0.071541974328849,-0.3273254873942038,0.9193531852882468,1.594785737874782,-1.3269614165526378,3.550094683188351,1.0,0.0,0.0,0.0,1.0,0.0,1.0,0.0,0.0,1,75.98,3.05
-1.551335242312681,-0.5763796768308557,-0.8412932288538553,-0.9628775216478718,0.7943141323941943,-0.2099891411769637,1.3632642907902828,-1.3269614165526378,0.7945231309076128,1.0,0.0,0.0,0.0,0.0,1.0,0.0,1.0,0.0,0,68.24,2.48
1.206783072935779,0.803832379293843,1.121511236472371,0.7302388311179092,-0.05266855786387951,-0.29871810003878824,-1.0671866598075446,0.4759752907199674,-0.5832626452327563,0.0,1.0,0.0,1.0,0.0,0.0,0.0,1.0,0.0,1,75.38,2.98
-0.01672118354465267,0.09052012002730116,0.9421971970170315,0.07592868578375332,-1.0582770190579676,0.4584235274752845,1.1017724359828758,-0.4254930629163352,-0.5832626452327563,1.0,0.0,0.0,0.0,0.0,1.0,1.0,0.0,0.0,1,78.45,3.22
-1.0691697091788366,-1.308959866491235,-0.8897522406668072,-2.3687719667203924,-0.368913463036266,0.8414428497014412,-0.6944618869705353,-0.4254930629163352,-0.5832626452327563,0.0,0.0,1.0,0.0,1.0,0.0,1.0,0.0,0.0,0,66.68,2.58
0.46280926718588694,-0.20220685579402461,1.2541936324134884,0.8734312912347951,0.12661933798934863,0.6216131523965575,-1.990227170104381,-1.3269614165526378,-0.5832626452327563,0.0,0.0,1.0,1.0,0.0,0.0,1.0,0.0,0.0,1,78.09,2.68
0.1836639678698164,-0.11491628428762657,1.2541936324134884,0.03035724781681194,0.9653718813026773,1.0726333345165193,-0.45258973445565076,0.4759752907199674,-0.5832626452327563,0.0,0.0,1.0,1.0,0.0,0.0,1.0,0.0,0.0,1,81.19,3.51
-0.664538180240224,-0.6055126332231403,0.2856362368453117,1.3120939793758277,-0.14567688769123008,-1.049512466918331,0.424116611441111,-1.3269614165526378,-0.5832626452327563,0.0,0.0,1.0,0.0,0.0,1.0,1.0,0.0,0.0,1,72.59,2.96
0.04649419873512246,-0.15135727407454563,0.22443887866887477,-1.0887477948120403,-1.187575207471696,-0.23412334276510574,-0.4932547779208331,-0.4254930629163352,-0.5832626452327563,0.0,0.0,1.0,0.0,0.0,1.0,0.0,1.0,0.0,0,72.19,2.94
-0.4364801710323171,-0.7136053309783101,0.7552691826351269,-3.26359423419267,0.09839442873298636,-0.9682372837530228,-0.3272525815472029,-0.4254930629163352,-0.5832626452327563,1.0,0.0,0.0,1.0,0.0,0.0,0.0,1.0,0.0,0,67.43,2.65
0.0928853716078757,-0.5776301072019839,-0.8286976477027763,0.34728656275468356,0.15600609911230412,-0.39732691493732564,1.2194607116529035,1.37744364435627,-0.5832626452327563,1.0,0.0,0.0,0.0,1.0,0.0,0.0,1.0,0.0,1,75.08,3.17
0.6750805969448731,0.5822000656094543,0.16898353295422772,0.3603264658577585,0.229532882741442,1.0470337326856511,0.11368569382219,1.37744364435627,2.1723089070479817,1.0,0.0,0.0,0.0,0.0,1.0,1.0,0.0,0.0,1,90.7,3.82
1.655519955070951,0.7864069874913974,-2.2727233617904594,-1.7108700530227166,0.9751803830247533,0.1119406787429704,-0.8990275244419078,1.37744364435627,-0.5832626452327563,1.0,0.0,0.0,0.0,1.0,0.0,0.0,1.0,0.0,1,66.33,2.86
-1.341165694396081,-0.8346116139715941,1.115971021729333,-0.9667362292772372,1.0757992669798542,1.7184816988697145,0.7486745563814516,0.4759752907199674,3.550094683188351,1.0,0.0,0.0,1.0,0.0,0.0,1.0,0.0,0.0,0,72.91,2.97
1.74110657025609,1.584733535344921,-1.611629592751344,1.7971430333947969,-0.5628572580171715,0.19998596226337753,0.21090779058605427,-1.3269614165526378,-0.5832626452327563,1.0,0.0,0.0,0.0,1.0,0.0,0.0,1.0,0.0,1,87.95,3.24
-2.0991602615513667,-2.5817814315437086,1.2541936324134884,-0.263648553489393,-0.585136852959636,0.06216586495141851,-1.9990763948475567,-0.4254930629163352,-0.5832626452327563,0.0,0.0,1.0,0.0,0.0,1.0,0.0,1.0,0.0,1,65.09,2.68
-0.18865684722743714,-0.3061719206549367,-0.23395750698856171,0.8194414928024816,-1.0159013515603668,0.11008437896085825,0.4568668285231564,-0.4254930629163352,-0.5832626452327563,0.0,0.0,1.0,0.0,0.0,1.0,1.0,0.0,0.0,1,73.52,2.99
0.5967488350943255,0.190862917986262,-0.1014310272814916,-0.6241833132660745,0.7506270733514724,-0.6567509805134645,0.4179230019760771,0.4759752907199674,-0.5832626452327563,1.0,0.0,0.0,0.0,1.0,0.0,0.0,1.0,0.0,1,75.52,2.91
0.2706113985810606,0.4096957902534454,-0.566930699119319,-2.12843647213111,1.5124978048036812,-0.0589712589830515,0.021590897530110974,-0.4254930629163352,-0.5832626452327563,1.0,0.0,0.0,0.0,1.0,0.0,0.0,1.0,0.0,1,64.05,2.4
-0.6883970376764428,0.03300767657620642,-0.18687663373468924,-0.12222167470895183,-0.27931203841048113,1.1630571639093712,0.9509099066644922,-0.4254930629163352,2.1723089070479817,1.0,0.0,0.0,0.0,1.0,0.0,1.0,0.0,0.0,0,70.29,2.92
-0.2484425306723028,-1.1105446066590612,1.2541936324134884,-0.22184705831590892,-0.20449539054271113,0.11811124507814533,-0.7168008654240465,-1.3269614165526378,3.550094683188351,1.0,0.0,0.0,1.0,0.0,0.0,0.0,1.0,0.0,0,73.68,2.93
-0.5507593008853144,-0.4298950029860759,-2.64800019939395,-0.36214683737894976,1.5307444485962032,-0.8171811748263813,0.358928706050056,1.37744364435627,-0.5832626452327563,0.0,0.0,1.0,0.0,1.0,0.0,0.0,1.0,0.0,0,72.45,2.82
-0.6530217765427004,-0.6540977213784935,1.2541936324134884,-0.06410819625219756,0.5543116024351672,-0.9528475165251249,-1.6706289865580166,1.37744364435627,-0.5832626452327563,0.0,1.0,0.0,1.0,0.0,0.0,0.0,1.0,0.0,1,79.94,3.53
0.8740275806280692,1.1233825106192015,0.5135679435568972,0.3318060637791634,0.48389266457556784,-0.46338384242339187,0.43419571847826155,0.4759752907199674,-0.5832626452327563,0.0,0.0,1.0,1.0,0.0,0.0,0.0,1.0,0.0,1,87.04,3.62
0.35128859905168675,0.431771387728704,-1.2150433897486237,-0.10117645312386211,-1.1690037479019972,0.07677254652786432,2.082580919456921,1.37744364435627,-0.5832626452327563,1.0,0.0,0.0,0.0,1.0,0.0,0.0,1.0,0.0,1,78.66,3.23
-0.7629048349006904,-1.0369286458078812,-1.0676858101575946,-1.2650561716633228,0.7302216537416392,1.2308759699019016,-1.0606258370427581,1.37744364435627,-0.5832626452327563,0.0,0.0,1.0,0.0,1.0,0.0,1.0,0.0,0.0,0,75.54,3.27
0.9270858391793122,0.6967197496699011,1.2541936324134884,0.5636820285237796,-0.9030817932821863,-1.381006230169417,-0.8099999705242209,0.4759752907199674,-0.5832626452327563,0.0,0.0,1.0,1.0,0.0,0.0,0.0,1.0,0.0,1,78.97,3.22
0.29852940427230684,-0.09947566343571788,-0.9224581550711457,-1.981180445941281,-1.1112072352878046,-0.32900513572218687,-0.7569150607091085,0.4759752907199674,-0.5832626452327563,1.0,0.0,0.0,0.0,0.0,1.0,0.0,1.0,0.0,0,60.86,2.29
0.8350386630509967,1.2820813539344342,-1.1549956057698363,-2.0866983094902896,-0.311503069195961,0.14938214515459625,0.13874702599551317,1.37744364435627,-0.5832626452327563,1.0,0.0,0.0,0.0,1.0,0.0,0.0,1.0,0.0,1,74.85,2.92
0.6405892516869767,0.6010863255383196,1.2541936324134884,0.8280319866245517,-0.5543059202388857,-1.8893672466968363,-1.1333224752527555,-1.3269614165526378,-0.5832626452327563,0.0,1.0,0.0,0.0,0.0,1.0,0.0,0.0,1.0,1,80.65,3.37
-0.9073203549201018,0.10399810886333831,0.5141602359748111,0.5854525896370357,-0.18435076349174184,-0.8585521543821486,0.44929057278528683,0.4759752907199674,-0.5832626452327563,0.0,0.0,1.0,0.0,0.0,1.0,0.0,1.0,0.0,1,77.91,3.24
-0.6220516567126813,-0.5784639415854197,-0.9139761199876497,-0.0042935925950727824,-1.4230253146189769,-0.7001228599439493,0.9030773868017273,-0.4254930629163352,-0.5832626452327563,1.0,0.0,0.0,0.0,1.0,0.0,0.0,1.0,0.0,1,63.13,2.61
0.7654565483245244,0.36418415304724494,0.3777461291250149,-1.4023975406928533,1.0147413436391126,-0.8197689063775677,0.5698829366776479,0.4759752907199674,3.550094683188351,0.0,0.0,1.0,0.0,0.0,1.0,0.0,1.0,0.0,0,65.36,2.39
0.6201518130008359,-0.15292698136646987,-1.0122379311578518,-0.6840038130444027,1.1862831303094645,0.1984225671211749,-1.885430908063936,-0.4254930629163352,-0.5832626452327563,0.0,1.0,0.0,0.0,1.0,0.0,0.0,1.0,0.0,0,75.73,3.19
-0.049761663071775646,-0.8966023275579141,1.2541936324134884,-0.21886098925786115,-1.9373976085432891,-0.16484829458898426,1.0612313786764869,0.4759752907199674,0.7945231309076128,1.0,0.0,0.0,0.0,0.0,1.0,0.0,1.0,0.0,0,74.47,2.97
0.09692863094391996,-0.6591860894644861,1.2541936324134884,-1.6118388446536938,1.034693603388707,-0.5716945912750259,0.9996020323134721,0.4759752907199674,0.7945231309076128,1.0,0.0,0.0,0.0,0.0,1.0,0.0,1.0,0.0,1,76.46,3.18
1.3282930975058265,1.3399306120976893,0.7305976717063576,-0.7165180699086846,-0.7825975151732306,0.4417441091186027,0.8852939075998744,1.37744364435627,2.1723089070479817,1.0,0.0,0.0,1.0,0.0,0.0,1.0,0.0,0.0,1,84.34,3.21
-0.6553634814974206,-0.335707963787832,0.5400138953062995,0.7372840610531489,0.9112892870885024,1.7184816988697145,0.3976787462278161,1.37744364435627,0.7945231309076128,0.0,0.0,1.0,0.0,0.0,1.0,1.0,0.0,0.0,1,81.03,3.63
0.5530058485371255,-0.24589883567457546,1.2541936324134884,1.5470393776046278,-0.02877442834382829,1.690229939275364,0.2349130069221669,1.37744364435627,-0.5832626452327563,1.0,0.0,0.0,1.0,0.0,0.0,1.0,0.0,0.0,1,78.37,3.18
-0.2421499682882361,0.22257277644196907,0.1350330856258914,-0.38258103286031725,0.06998583990112724,-1.9811679611095832,1.1009189412283675,-1.3269614165526378,0.7945231309076128,1.0,0.0,0.0,0.0,0.0,1.0,0.0,0.0,1.0,1,75.59,2.94
-0.2585866092485755,-0.45263106333674474,-1.1869081000581325,0.8461166098301491,-0.14727119664527888,0.5954319720856077,2.05107736274012,1.37744364435627,-0.5832626452327563,1.0,0.0,0.0,0.0,1.0,0.0,1.0,0.0,0.0,1,85.58,3.55
1.1384549010668619,1.1108291185051968,0.6382597572653553,-1.944283999620999,1.2720620645764866,-0.18284818536750452,-1.016039769116753,1.37744364435627,-0.5832626452327563,0.0,1.0,0.0,1.0,0.0,0.0,0.0,1.0,0.0,1,76.63,3.24
0.8483613667853342,1.5510566329520965,1.2541936324134884,0.7447245447042832,-1.2184453170654734,0.1605604667294331,1.149684813303883,0.4759752907199674,3.550094683188351,1.0,0.0,0.0,0.0,0.0,1.0,1.0,0.0,0.0,1,78.24,3.26
0.835725816242033,1.1968479457343992,-0.9999386440674416,-0.7843513759755821,0.6582123636889643,-0.4098708517199277,-0.09179192273565205,0.4759752907199674,0.7945231309076128,1.0,0.0,0.0,0.0,1.0,0.0,1.0,0.0,0.0,1,76.72,2.87
1.3578095629856737,1.1099092093999015,-0.26902399034067637,0.3768166873628996,1.1595100037275816,0.121840293847633,-0.13812670502422378,-1.3269614165526378,2.1723089070479817,0.0,0.0,1.0,0.0,1.0,0.0,1.0,0.0,0.0,1,77.53,3.33
-0.005291098434458204,-0.4194530328886628,0.6013078537224338,-0.20319372569638539,0.7684287483623425,0.15669744182559886,-1.6381844957793799,-0.4254930629163352,0.7945231309076128,0.0,0.0,1.0,1.0,0.0,0.0,1.0,0.0,0.0,1,67.29,2.62
0.6961162625426233,-0.3900911263064186,0.0750747626336025,1.4353508203122642,1.733791050972124,-0.5960868835613387,-0.30351906184716193,0.4759752907199674,0.7945231309076128,0.0,0.0,1.0,0.0,0.0,1.0,1.0,0.0,0.0,0,82.26,3.29
-0.3568395393710547,-0.6544928178059147,-0.9636266570179649,-0.8580020230848076,-0.4965605637059616,-0.9232487060450171,-1.063194005525442,0.4759752907199674,0.7945231309076128,0.0,1.0,0.0,0.0,0.0,1.0,1.0,0.0,0.0,0,65.13,2.16
0.31642869382118116,0.19696024742162563,1.2541936324134884,0.7114504242778638,1.0132059456249976,-0.46183138627145026,-0.49444660914535693,-0.4254930629163352,0.7945231309076128,0.0,0.0,1.0,1.0,0.0,0.0,0.0,1.0,0.0,1,81.85,3.18
-0.16569004698550746,-0.6103020961114813,1.2541936324134884,-0.23637391305168903,-0.06701416274991832,0.24209321944668327,-1.1708011769356157,-1.3269614165526378,-0.5832626452327563,0.0,0.0,1.0,1.0,0.0,0.0,0.0,1.0,0.0,1,76.84,2.98
0.07535267929196775,0.017522224056555857,0.354817786120011,-0.10973247473986251,1.2936755715131216,0.6180292960170264,-0.4785104359169744,0.4759752907199674,2.1723089070479817,0.0,0.0,1.0,0.0,0.0,1.0,1.0,0.0,0.0,1,76.23,3.14
0.6040073352505654,0.5946636604317892,-0.8760962622532811,-0.13642748335270108,0.03294435129250598,0.8801916531885102,-0.4328771628588472,1.37744364435627,0.7945231309076128,0.0,0.0,1.0,0.0,0.0,1.0,1.0,0.0,0.0,1,77.74,3.0
-0.8958865056097539,-0.9044390991679699,-1.5976078905133988,-0.8279486381215301,-0.35325760985332777,-0.5087225989333692,0.10330144796361525,-1.3269614165526378,0.7945231309076128,0.0,0.0,1.0,0.0,1.0,0.0,0.0,1.0,0.0,0,62.97,2.19
1.74110657025609,1.2732641093707235,0.42401003168574813,0.040945916075516293,1.367491395680878,0.2932010046742319,-1.7215854561965804,-0.4254930629163352,-0.5832626452327563,0.0,1.0,0.0,0.0,1.0,0.0,0.0,1.0,0.0,1,81.08,3.29
-1.0951786759443227,-0.8958534750597767,1.2541936324134884,-0.009782193876672864,-0.45858425111812534,0.9926967539396043,-1.5411426417091802,-0.4254930629163352,-0.5832626452327563,0.0,1.0,0.0,1.0,0.0,0.0,1.0,0.0,0.0,1,76.23,3.0
-1.3160925517878548,-0.9644035432765773,0.6670062652045665,0.307744560351222,-1.3943223849596282,1.2020248656401136,0.38602682212607814,1.37744364435627,-0.5832626452327563,1.0,0.0,0.0,0.0,0.0,1.0,1.0,0.0,0.0,1,81.24,3.1
1.2014208958428512,0.5748527194115004,0.13269458524398578,0.14397530529607136,-0.48426924432686,-0.059998089650047284,-0.850129228166494,1.37744364435627,2.1723089070479817,0.0,0.0,1.0,0.0,0.0,1.0,1.0,0.0,0.0,1,77.78,3.13
0.812541572141559,1.4222546853923974,-0.5238987595125065,0.8894855716397531,0.6695820568527949,-0.2270740940181651,1.1458510095180683,1.37744364435627,-0.5832626452327563,1.0,0.0,0.0,0.0,0.0,1.0,0.0,1.0,0.0,1,88.61,3.19
0.6347430066081446,0.5383528798864842,-1.0865391389865422,1.0206326140259743,1.4548180743843457,0.19763375758602286,0.24032997670483372,-1.3269614165526378,-0.5832626452327563,1.0,0.0,0.0,0.0,1.0,0.0,1.0,0.0,0.0,1,83.48,3.46
0.639227363254961,0.59867666816213,1.0693118287855328,-1.042096865512584,0.15364262272119408,-1.1843672580557645,0.6470951485471789,-0.4254930629163352,-0.5832626452327563,1.0,0.0,0.0,1.0,0.0,0.0,0.0,1.0,0.0,1,77.5,3.06
-0.040577060252690596,0.31508739085199877,1.1577204940360546,0.963439983289614,1.3798080941561495,-0.1989129704592404,1.5042833118532937,1.37744364435627,0.7945231309076128,1.0,0.0,0.0,1.0,0.0,0.0,0.0,1.0,0.0,1,93.02,3.67
-0.9797580294798344,-0.7606822805878919,-1.5939933093959242,-1.1839006718611707,-1.3389084643214793,0.7680895946653085,-0.33009143324017454,1.37744364435627,0.7945231309076128,0.0,0.0,1.0,0.0,1.0,0.0,1.0,0.0,0.0,0,74.11,3.16
0.052864097264680346,0.5168348597103906,1.2541936324134884,0.6699160466764035,-0.4095216162850854,0.6622988579673109,-0.6124079457184702,-0.4254930629163352,0.7945231309076128,0.0,0.0,1.0,1.0,0.0,0.0,1.0,0.0,0.0,1,88.54,3.43
-0.7461929866126319,-0.523921723241332,0.7776604225131919,0.703229823418583,-0.2523858466794653,-0.27792479745060394,0.9295871032140226,0.4759752907199674,-0.5832626452327563,1.0,0.0,0.0,0.0,0.0,1.0,0.0,1.0,0.0,1,78.59,3.2
1.0072284430697869,0.6285112240373193,1.2541936324134884,-1.9414177089098221,-0.07561694498431568,0.22504427418250383,0.5434041314126705,-1.3269614165526378,-0.5832626452327563,1.0,0.0,0.0,0.0,0.0,1.0,0.0,1.0,0.0,1,80.64,3.2
-0.18363973936825376,0.019752240124248057,-1.3662013930759895,0.15282971734055853,0.1261798980883499,-0.8493294713238326,-0.19960358540477469,0.4759752907199674,-0.5832626452327563,1.0,0.0,0.0,0.0,1.0,0.0,0.0,1.0,0.0,1,74.84,3.64
-0.9036084314638174,-1.3517185612272185,-1.3927131607976073,-0.4338442301594455,0.7425972950134724,0.7257335739248213,1.483774739430138,1.37744364435627,-0.5832626452327563,1.0,0.0,0.0,0.0,1.0,0.0,1.0,0.0,0.0,0,70.16,2.9
-0.3686392494517317,-0.2685239030756342,-0.0312842693370259,-0.7371404334313845,-0.4110894083212031,-0.07956970291414937,-0.22616806414660334,-1.3269614165526378,0.7945231309076128,0.0,0.0,1.0,0.0,0.0,1.0,1.0,0.0,0.0,0,74.06,2.73
0.41062731365025884,0.3672760616179949,0.6979040725453526,1.4671551899467254,0.1819833469893015,-0.2837831633786109,0.03508159669039402,0.4759752907199674,-0.5832626452327563,1.0,0.0,0.0,1.0,0.0,0.0,1.0,0.0,0.0,1,78.2,3.48
-0.6258120759563507,-0.6525181719956369,1.2541936324134884,-0.6273381310209127,-0.005081808573862733,-0.3721891294336405,0.022765391304603057,-0.4254930629163352,-0.5832626452327563,0.0,0.0,1.0,0.0,0.0,1.0,1.0,0.0,0.0,1,76.43,3.27
-0.9001310496241504,-0.8621182172525103,0.9253518975322664,-0.7868888802471058,-0.8997839927416463,-0.06418379300281608,-0.996371170115453,1.37744364435627,-0.5832626452327563,0.0,1.0,0.0,1.0,0.0,0.0,0.0,1.0,0.0,1,77.68,3.12
0.23102323768732094,-0.6807461313025933,-0.13613011834406358,0.13476970426997215,-0.0747100820159131,-0.46098823130329447,0.0828619944849936,-1.3269614165526378,-0.5832626452327563,0.0,0.0,1.0,0.0,1.0,0.0,1.0,0.0,0.0,1,77.3,3.0
0.2323809098776554,-0.04071117602087518,-1.0129277041605673,0.7720361261448836,-0.10517745848873099,0.6789920486199322,1.4894282056130261,-1.3269614165526378,2.1723089070479817,1.0,0.0,0.0,0.0,1.0,0.0,1.0,0.0,0.0,0,86.4,3.19
-0.5655549785331802,-0.4538855572761927,1.2541936324134884,-0.09232803408129311,-0.12693740930567698,-0.4067792690678879,0.47458295128087,-1.3269614165526378,-0.5832626452327563,1.0,0.0,0.0,0.0,0.0,1.0,0.0,1.0,0.0,1,74.59,3.07
-0.5274522883119018,-0.38736494611327044,-0.9439376725587859,1.2743940025519513,0.0730169424473779,1.6425161418446483,0.03325808910886532,-1.3269614165526378,0.7945231309076128,1.0,0.0,0.0,0.0,1.0,0.0,1.0,0.0,0.0,1,84.13,3.23
0.21867361897511997,-0.28259425747125627,1.2541936324134884,0.610483079162853,0.11762581890833476,1.5108399637204437,-0.17234708180071628,1.37744364435627,-0.5832626452327563,0.0,0.0,1.0,1.0,0.0,0.0,1.0,0.0,0.0,1,87.06,3.31
-1.5643055812865874,-0.7938264397969707,-0.18278825246482558,-2.2202901561561355,-0.3983797944063545,-0.9182765287154476,0.35292279193838233,1.37744364435627,-0.5832626452327563,0.0,0.0,1.0,0.0,0.0,1.0,0.0,1.0,0.0,0,61.39,2.61
-1.5211985349090056,-1.776456612057158,1.2541936324134884,-0.49755140574238893,1.3336061562038728,0.07248567726610224,0.7995732500358427,-0.4254930629163352,-0.5832626452327563,1.0,0.0,0.0,1.0,0.0,0.0,1.0,0.0,0.0,1,79.14,3.47
-0.7900024946549076,-0.2365237880269279,0.8949788752709016,-0.5313795130890484,-1.1472287206009266,-0.6699933957352346,0.6497359019915814,-0.4254930629163352,-0.5832626452327563,1.0,0.0,0.0,0.0,0.0,1.0,0.0,1.0,0.0,1,74.52,2.89
-0.25409338160614503,-0.012395447691217434,-0.017887844126827448,0.5565519417198084,-0.6916220319524056,-0.33603586386281753,-0.3537131234641296,-0.4254930629163352,0.7945231309076128,1.0,0.0,0.0,0.0,1.0,0.0,0.0,1.0,0.0,1,78.78,3.31
0.3023583057909672,-0.02423710267820404,-0.44572162500793866,-2.686939218981918,1.733791050972124,1.7184816988697145,0.34643421564086735,0.4759752907199674,-0.5832626452327563,1.0,0.0,0.0,0.0,1.0,0.0,1.0,0.0,0.0,1,68.82,2.8
1.538085563583459,1.584733535344921,-0.2460269826703741,1.7971430333947969,-1.0136590716227531,-0.3163739979367963,0.5118711304492015,-0.4254930629163352,-0.5832626452327563,0.0,0.0,1.0,0.0,1.0,0.0,0.0,1.0,0.0,1,91.31,3.72
0.8825783267006199,0.23744150371415002,0.6145888557636122,0.6105357754845637,-1.3344182820407813,0.37192771457727686,-1.0737818701363808,1.37744364435627,-0.5832626452327563,0.0,1.0,0.0,0.0,0.0,1.0,1.0,0.0,0.0,1,78.95,2.99
-0.19730937284398578,0.2746234735713118,0.22170745475709333,0.21123591464017247,0.7868523644340703,0.5585833759473385,0.1795121190540034,0.4759752907199674,-0.5832626452327563,0.0,0.0,1.0,0.0,1.0,0.0,1.0,0.0,0.0,1,81.01,3.2
-0.047760868150588824,0.4486971930629469,-0.528977882450683,1.2902732107801143,-2.0692282779765336,-1.0307118178184562,-1.9990763948475567,1.37744364435627,0.7945231309076128,0.0,1.0,0.0,0.0,1.0,0.0,0.0,1.0,0.0,1,70.74,2.61
-1.0914771494692153,-1.2946759595569974,-0.04992598750314405,1.7971430333947969,-0.19824132747106166,-0.8807094021994486,0.5146369418651471,0.4759752907199674,-0.5832626452327563,0.0,0.0,1.0,0.0,1.0,0.0,0.0,1.0,0.0,1,76.61,2.82
-0.04722700204025006,0.6369625232443543,0.22329676128535744,0.9655027253701426,1.733791050972124,-1.242411266522087,0.70422562914748,-0.4254930629163352,-0.5832626452327563,1.0,0.0,0.0,0.0,0.0,1.0,0.0,1.0,0.0,1,79.99,3.3
-0.33390873862899123,-0.40899692611742683,-2.2462641297161348,1.04707274030836,-1.5286243286171581,-0.9125326651467067,0.7972056456046541,-0.4254930629163352,0.7945231309076128,1.0,0.0,0.0,0.0,1.0,0.0,1.0,0.0,0.0,0,75.82,2.93
0.31489227895073424,0.43507925167477823,0.6479869139381137,0.1922329263411311,-1.9725673968298287,-2.936897123399546,-0.42108073357089365,-0.4254930629163352,-0.5832626452327563,0.0,0.0,1.0,1.0,0.0,0.0,0.0,1.0,0.0,1,72.56,2.72
-0.9054483048895131,-0.6805858094346717,-0.9607374926966696,-0.09219968880240167,-1.482145694126424,0.5619446127579211,0.32965707536080724,0.4759752907199674,-0.5832626452327563,1.0,0.0,0.0,0.0,1.0,0.0,1.0,0.0,0.0,1,75.5,2.78
0.5235562865907317,0.4208252871347184,-1.154975347047708,-0.4414711492182046,0.9533280813222469,1.7184816988697145,1.518423373741319,1.37744364435627,-0.5832626452327563,1.0,0.0,0.0,0.0,1.0,0.0,1.0,0.0,0.0,1,89.59,3.28
1.5989807877361448,1.584733535344921,-1.7524330400645036,-0.8075096374605976,1.1833275215645391,0.15300065896991616,1.5075645035821523,-1.3269614165526378,-0.5832626452327563,1.0,0.0,0.0,0.0,1.0,0.0,0.0,1.0,0.0,1,80.95,2.85
-0.1429982437409828,0.26345437282832723,-1.8716401347243923,-0.6621691377217968,-0.4799437882634029,-1.4591132272518277,-0.030968501461576915,1.37744364435627,0.7945231309076128,1.0,0.0,0.0,0.0,1.0,0.0,0.0,1.0,0.0,0,58.12,2.35
0.39872079560863755,-0.4654180644368434,-1.3811036625138382,-1.355490257171033,0.7347769379521031,-0.661871200035581,0.14868594639640148,-0.4254930629163352,-0.5832626452327563,1.0,0.0,0.0,0.0,1.0,0.0,0.0,1.0,0.0,0,70.58,2.3
0.7048086743425092,1.2738858352356157,-0.6578754333019768,-0.023598870892369662,1.453006433631784,-0.4723251542172478,1.1846425210220863,0.4759752907199674,2.1723089070479817,1.0,0.0,0.0,0.0,0.0,1.0,0.0,1.0,0.0,1,85.66,3.52
-0.4533607428211504,-1.1936903025435412,1.2541936324134884,-1.7045965454227514,1.733791050972124,-1.0481878265076776,-1.6000889017364475,0.4759752907199674,-0.5832626452327563,0.0,1.0,0.0,1.0,0.0,0.0,1.0,0.0,0.0,0,75.66,3.12
0.21022906909225691,0.6970002400776943,-0.4529752078845922,0.2551623455732032,-0.20947770761100137,0.8872351370732853,-0.3443417512031133,-0.4254930629163352,2.1723089070479817,0.0,0.0,1.0,0.0,1.0,0.0,1.0,0.0,0.0,1,84.91,3.38
-0.014217423115913182,0.5394254980182528,0.33425255206972504,0.017716534729730244,-2.2971297542557356,0.8357797043799976,1.4241848458795832,0.4759752907199674,-0.5832626452327563,1.0,0.0,0.0,0.0,1.0,0.0,1.0,0.0,0.0,1,78.31,3.15
0.07607444540269644,-0.4417012971579655,0.5834464481476982,0.20920727581585993,-0.7931115662703632,-1.1902879543714129,1.0399414924013135,-0.4254930629163352,-0.5832626452327563,1.0,0.0,0.0,0.0,0.0,1.0,0.0,1.0,0.0,1,73.08,2.87
-0.8479081420761875,-0.9502184575803624,0.2820210150200325,-0.48988680536822793,-0.3928019339094148,0.7479853422535523,0.3938632121147092,1.37744364435627,-0.5832626452327563,0.0,0.0,1.0,0.0,0.0,1.0,1.0,0.0,0.0,1,78.54,3.19
-0.001570135044588736,-0.5188831560813384,0.04873953770892564,1.7971430333947969,-0.22228063117826663,1.5743335754770036,-1.6054525402503919,0.4759752907199674,-0.5832626452327563,0.0,0.0,1.0,0.0,1.0,0.0,1.0,0.0,0.0,1,68.64,2.79
0.5009012892830985,0.3617379819733987,-1.201922120172709,1.4768345013890047,-0.15007664364704487,1.7184816988697145,-0.053079835481164975,-1.3269614165526378,0.7945231309076128,1.0,0.0,0.0,0.0,1.0,0.0,1.0,0.0,0.0,1,85.04,3.66
1.5123908443875747,1.2305796360696735,1.2541936324134884,-1.2447189891731647,1.1773523347453083,1.7184816988697145,-0.628858741630747,0.4759752907199674,0.7945231309076128,1.0,0.0,0.0,1.0,0.0,0.0,1.0,0.0,0.0,1,88.53,3.85
0.990409387309518,1.2803902293328104,1.2541936324134884,0.2989966631467782,1.335346962333829,-0.9290465225123232,0.35310605251999116,-0.4254930629163352,-0.5832626452327563,0.0,0.0,1.0,0.0,0.0,1.0,0.0,1.0,0.0,1,84.55,3.68
1.74110657025609,1.584733535344921,-1.7471906864871076,-0.5796153638808973,-0.13363481164684848,1.7184816988697145,-0.8628267032381016,-1.3269614165526378,-0.5832626452327563,1.0,0.0,0.0,0.0,1.0,0.0,1.0,0.0,0.0,1,76.09,2.88
-0.8418993234125559,-0.07915092650829542,-1.0103089996216799,-1.004331173300758,1.156619697780047,-0.36444086382746993,-1.0935377297090887,-0.4254930629163352,-0.5832626452327563,0.0,0.0,1.0,0.0,1.0,0.0,1.0,0.0,0.0,1,71.89,3.03
0.8981367749077118,0.5540804637294062,-0.1776704735917462,-1.3445358547887172,0.4040751522285854,-0.6100155103315315,-1.9990763948475567,0.4759752907199674,3.550094683188351,0.0,1.0,0.0,0.0,0.0,1.0,0.0,1.0,0.0,0,76.0,3.14
0.16698416173474984,0.06291376501612635,-0.9437501255640021,0.507291880355554,0.10628156202247636,0.33775609214176605,1.302882429915445,-1.3269614165526378,0.7945231309076128,1.0,0.0,0.0,0.0,1.0,0.0,1.0,0.0,0.0,1,81.58,3.13
1.74110657025609,0.778060542247205,0.701463147502055,-0.6562824295272165,0.9616421636277304,-0.5992919377056924,-0.4261173212830408,-1.3269614165526378,-0.5832626452327563,1.0,0.0,0.0,0.0,0.0,1.0,1.0,0.0,0.0,1,74.43,2.8
-0.8853567347120225,-1.1733412257970712,-0.6794139109014414,1.0669389536068088,0.11415019294335993,0.41193770113141503,0.16769302921510146,0.4759752907199674,0.7945231309076128,0.0,0.0,1.0,0.0,0.0,1.0,1.0,0.0,0.0,0,82.56,3.23
-0.9187038004337663,-0.3549587568451889,1.2541936324134884,1.0940600382235215,1.733791050972124,-1.3599680569933783,-0.0022495823634559073,-1.3269614165526378,2.1723089070479817,1.0,0.0,0.0,0.0,0.0,1.0,0.0,1.0,0.0,1,89.29,3.36
-0.6636634953878698,0.18718257405791391,1.2541936324134884,1.4912522519459077,-1.4204141778969372,-0.24544214883150456,-1.1380114673187842,1.37744364435627,-0.5832626452327563,0.0,1.0,0.0,0.0,0.0,1.0,0.0,1.0,0.0,1,75.22,2.73
-2.28148494844762,-2.6394812595740706,0.37321389319680576,-0.8349636037329965,-0.4825667434435063,1.325696333006252,-1.342337430652881,-1.3269614165526378,0.7945231309076128,0.0,1.0,0.0,0.0,0.0,1.0,1.0,0.0,0.0,0,79.71,3.29
-0.5855183416469019,-0.8003018444692772,1.2541936324134884,0.5523772910355226,-0.08776563277768232,-0.05817213234393395,-1.0717774733471424,-1.3269614165526378,-0.5832626452327563,0.0,1.0,0.0,1.0,0.0,0.0,1.0,0.0,0.0,1,76.28,3.06
-0.8331815688879992,-0.75271754464371,1.2541936324134884,0.7165159142837981,0.4871605481921898,0.14658457382434695,-0.7709394036777557,1.37744364435627,-0.5832626452327563,0.0,0.0,1.0,1.0,0.0,0.0,0.0,1.0,0.0,1,83.97,3.36
0.13201910544764084,0.26584084599210767,-0.49556584184459523,-0.43978129851760117,1.3287766893965232,0.4904922775360815,0.39102962794373547,-0.4254930629163352,-0.5832626452327563,0.0,0.0,1.0,0.0,0.0,1.0,1.0,0.0,0.0,1,82.79,3.5
0.33509501880420356,-0.07296001868451928,-0.7778076689178408,-0.7507308636796086,0.0159704071046549,1.207247170377272,-0.8482947996641463,-0.4254930629163352,-0.5832626452327563,0.0,0.0,1.0,0.0,1.0,0.0,1.0,0.0,0.0,1,69.82,2.75
1.74110657025609,1.584733535344921,0.22281123511695825,1.7374323633968007,-1.4039766426145894,-1.7054060540638285,1.8623272667399546,1.37744364435627,-0.5832626452327563,1.0,0.0,0.0,0.0,1.0,0.0,0.0,1.0,0.0,1,81.33,3.42
0.9810208547334708,0.6712572319524907,1.0993907992599419,0.2933833506722311,0.8965988398220295,0.6031126445338209,1.095333553009574,-1.3269614165526378,-0.5832626452327563,1.0,0.0,0.0,1.0,0.0,0.0,1.0,0.0,0.0,1,86.96,3.33
-0.6397979023098861,-0.5723479943858889,0.2909661355040408,0.7201871330931103,0.807658444553464,-0.27573097928105844,0.8620477787286067,0.4759752907199674,0.7945231309076128,1.0,0.0,0.0,0.0,0.0,1.0,0.0,1.0,0.0,1,70.69,2.68
-0.9809893539918014,-0.611777716816779,-1.6289747886962658,-0.8032925258627244,-1.9318270308887824,0.1723955829960776,-0.12744914771570892,1.37744364435627,-0.5832626452327563,0.0,0.0,1.0,0.0,1.0,0.0,0.0,1.0,0.0,0,68.19,2.73
0.4944500525058669,0.46197566206338225,-0.762823674953785,-1.218327394252371,0.03689067819655121,1.0931363921340467,1.6147341529092465,0.4759752907199674,-0.5832626452327563,1.0,0.0,0.0,0.0,0.0,1.0,1.0,0.0,0.0,0,67.34,3.12
-1.4286283819277705,-1.4869109471981368,0.052622475121304635,-0.5393286149103634,-1.5745454683434281,-1.2302121389406333,-0.23231105590162746,-0.4254930629163352,0.7945231309076128,0.0,0.0,1.0,0.0,0.0,1.0,1.0,0.0,0.0,0,63.11,2.78
1.74110657025609,1.5322105089491291,0.050728620529039314,-0.07390974017812102,-0.6344119623801856,-1.0430958011491946,-0.03319558756789283,1.37744364435627,-0.5832626452327563,0.0,0.0,1.0,0.0,0.0,1.0,0.0,1.0,0.0,1,73.62,3.16
1.2240557558247511,1.0754513953698903,1.2541936324134884,-1.0563037593953337,-0.8763378371154423,-1.9942148096459515,0.18137165236003075,0.4759752907199674,-0.5832626452327563,0.0,0.0,1.0,1.0,0.0,0.0,0.0,0.0,1.0,1,74.9,2.72
-0.525475617450607,-0.6394826873786749,-1.4152725993854143,0.04539099667766928,0.8628235850670455,-0.5653793002078705,0.7484535413643345,-1.3269614165526378,2.1723089070479817,1.0,0.0,0.0,0.0,1.0,0.0,1.0,0.0,0.0,0,62.24,2.52
-1.8455801064553972,-1.7783554773370822,0.701042126446439,-1.7086063853241023,0.1594336175325322,1.371923534588706,0.6792381558551411,1.37744364435627,0.7945231309076128,1.0,0.0,0.0,1.0,0.0,0.0,1.0,0.0,0.0,0,62.19,2.65
1.4091654126300475,1.584733535344921,1.2541936324134884,-1.114636667051374,-1.2651761475967245,-0.12364854805750017,-0.506464118449742,0.4759752907199674,-0.5832626452327563,1.0,0.0,0.0,1.0,0.0,0.0,1.0,0.0,0.0,1,72.87,3.33
-0.1491317292012537,0.14647235188064475,1.2541936324134884,0.756698868283097,0.9347450412602335,-1.380631315897617,-0.5681661722798129,1.37744364435627,-0.5832626452327563,0.0,0.0,1.0,0.0,0.0,1.0,0.0,1.0,0.0,1,82.52,2.96
1.2860052893251699,1.0321501406783447,-0.3170596964887285,0.6865658130017929,-1.4157359709957802,-0.49994998753024167,0.6824314358128608,1.37744364435627,2.1723089070479817,1.0,0.0,0.0,0.0,0.0,1.0,0.0,1.0,0.0,1,79.11,3.31
-1.719606912925242,-1.2066128691515252,0.685200018352766,-0.35378626405513025,0.37609172848614647,-1.532904280096947,0.7627556922373837,-0.4254930629163352,-0.5832626452327563,1.0,0.0,0.0,0.0,0.0,1.0,0.0,1.0,0.0,1,76.22,3.26
-0.6636447941840633,-0.7469187044548661,0.7728373867969838,-1.0077631652318109,-0.7861346461864455,-1.15909297517113,-0.41927266930905194,-0.4254930629163352,-0.5832626452327563,0.0,0.0,1.0,1.0,0.0,0.0,0.0,1.0,0.0,0,67.29,2.78
-0.022015955239363172,0.5546261512818716,0.35409086478404717,-1.0178350095592432,-0.3307076908940087,0.4013985121315951,-1.6921977764420655,-1.3269614165526378,-0.5832626452327563,0.0,1.0,0.0,0.0,1.0,0.0,1.0,0.0,0.0,1,72.59,2.63
0.022275751027862372,0.2096110854952796,0.024795064819188948,-0.33434260839338,0.5530041331555056,-1.2092751072562595,-0.2209133707425287,-0.4254930629163352,-0.5832626452327563,1.0,0.0,0.0,0.0,0.0,1.0,0.0,1.0,0.0,1,68.45,2.79
-0.5051956582846867,-0.4952828601359601,0.6231574796828495,0.7291216247839356,0.5704545784525273,1.1474381574651544,0.6649693392453374,-0.4254930629163352,0.7945231309076128,0.0,0.0,1.0,0.0,0.0,1.0,1.0,0.0,0.0,1,82.36,3.38
0.633395389311344,0.7989153258338809,-2.6977172215102714,1.025582285663596,1.3988771042334291,-0.07266280358253674,1.9251571687985916,-0.4254930629163352,0.7945231309076128,1.0,0.0,0.0,0.0,1.0,0.0,0.0,1.0,0.0,1,82.7,3.34
-1.1605525894643651,-1.7884431604981856,0.8984899235828907,-0.4631380697038185,-0.04280008788190943,0.08886401656757377,-1.277182327123491,0.4759752907199674,2.1723089070479817,0.0,0.0,1.0,0.0,0.0,1.0,0.0,1.0,0.0,0,58.69,2.21
-0.17867549797916127,-0.6889170519029587,0.27655307634733023,-1.149582656916536,0.3520544148734214,-0.28627903025931856,-0.4546935324222219,1.37744364435627,0.7945231309076128,0.0,0.0,1.0,0.0,0.0,1.0,0.0,1.0,0.0,0,65.48,2.46
0.10007857272570071,-0.46935943749968767,-0.11352302624249706,0.33554188971971094,-0.4039080412859184,0.7972187826796644,-0.4150635916330484,-0.4254930629163352,-0.5832626452327563,1.0,0.0,0.0,0.0,0.0,1.0,1.0,0.0,0.0,1,78.39,3.23
0.5183481959060038,0.5489759869643708,1.2541936324134884,-0.8048169616231555,0.22562425884003473,0.8078474562426327,1.4457602309106248,0.4759752907199674,-0.5832626452327563,1.0,0.0,0.0,0.0,0.0,1.0,1.0,0.0,0.0,1,83.03,3.19
0.7275938435427045,1.4996363157669323,-0.6197386386595368,-0.4858337907257776,0.4871944335135629,0.3459831502526901,-0.03711946869207546,1.37744364435627,3.550094683188351,0.0,0.0,1.0,0.0,1.0,0.0,0.0,1.0,0.0,1,78.49,3.01
-1.2210646803142633,-0.021156854233482503,-0.31558126330164255,1.4404311074515574,-0.05911027010878569,0.5827717507574948,-0.9672974543576232,-0.4254930629163352,-0.5832626452327563,0.0,0.0,1.0,0.0,1.0,0.0,1.0,0.0,0.0,1,77.43,3.07
-1.6556014961812524,-1.1770360065661924,1.2541936324134884,0.9199133735181716,-1.7915337590277192,-0.2179605498235383,0.5958439936457998,-0.4254930629163352,-0.5832626452327563,1.0,0.0,0.0,0.0,0.0,1.0,0.0,1.0,0.0,1,66.07,2.67
1.3283057536408076,1.4519353761486782,-0.7955341558019184,0.22074171223675712,0.37747030597411113,0.5594921612320605,-0.43130782103486565,1.37744364435627,2.1723089070479817,0.0,0.0,1.0,0.0,1.0,0.0,1.0,0.0,0.0,1,70.58,3.03
0.32507509047314115,-0.5570956980779563,-0.48009023787042754,-1.2733241267699231,0.41108443395802796,-0.34761089203829143,-1.305362501730341,0.4759752907199674,-0.5832626452327563,0.0,1.0,0.0,0.0,0.0,1.0,1.0,0.0,0.0,1,65.55,2.38
-0.8218837698536081,-0.9899009506745746,-0.029109430629173073,0.2765615176863862,-0.6501799305749183,0.0029413290958069213,-0.9517800924068068,0.4759752907199674,-0.5832626452327563,0.0,0.0,1.0,0.0,0.0,1.0,0.0,1.0,0.0,1,78.64,2.89
1.6185209565782184,1.096536793600981,1.0760058409791105,1.1660261755800112,-1.263953134228367,-0.28243530895443486,1.8490539015696779,-1.3269614165526378,0.7945231309076128,1.0,0.0,0.0,0.0,0.0,1.0,1.0,0.0,0.0,1,85.51,3.34
0.09517471332213742,-0.1991797525128006,0.3678754671130329,-0.3368141864623513,1.5399849651476902,-0.47061593138327623,0.4097987475211701,1.37744364435627,3.550094683188351,0.0,0.0,1.0,0.0,0.0,1.0,0.0,1.0,0.0,0,83.17,2.97
1.2239040696825105,1.0370848719010854,-1.3108176309023454,1.4674286967924137,0.5399759798431811,-0.709629311678061,0.11503564271491465,-1.3269614165526378,-0.5832626452327563,1.0,0.0,0.0,0.0,1.0,0.0,0.0,1.0,0.0,1,75.93,3.15
0.044070810476300036,-0.17404919812352826,-0.46001127533617303,1.4064403489004866,-0.19195046697376114,0.4826913911006693,-0.2663116530978141,0.4759752907199674,0.7945231309076128,0.0,0.0,1.0,0.0,0.0,1.0,1.0,0.0,0.0,1,81.52,2.86
1.74110657025609,0.6362890307283716,-0.544129949087132,1.7940775306069778,-1.1142675982836547,1.351488346173736,0.311639640465766,-0.4254930629163352,-0.5832626452327563,0.0,0.0,1.0,0.0,1.0,0.0,1.0,0.0,0.0,1,81.19,3.39
1.74110657025609,1.584733535344921,0.048988378310337165,0.37461983902437485,-0.7940622798414996,1.2077010331361098,0.2989375502595141,-1.3269614165526378,-0.5832626452327563,1.0,0.0,0.0,0.0,1.0,0.0,1.0,0.0,0.0,1,80.42,3.44
-0.2917844562355392,-0.7651763884799982,0.6118220018511705,0.6694310259249874,1.3639545007288978,-1.294506117779946,0.3116609505734732,0.4759752907199674,2.1723089070479817,0.0,0.0,1.0,1.0,0.0,0.0,0.0,1.0,0.0,0,81.66,3.32
1.0034624313895777,1.0332218117220688,0.6032766428873494,1.5333325723630402,0.1805949767521257,1.3294283247310745,0.12259004011632223,0.4759752907199674,2.1723089070479817,1.0,0.0,0.0,1.0,0.0,0.0,1.0,0.0,0.0,1,89.25,3.2
0.6573002763819397,1.584733535344921,-1.8516349867614155,0.5231502699498063,-0.518543252888865,-0.3272861515360499,0.926490458137951,-0.4254930629163352,-0.5832626452327563,1.0,0.0,0.0,0.0,1.0,0.0,0.0,1.0,0.0,1,71.89,2.9
1.4248280398898334,0.8585551267647373,1.2541936324134884,-0.4680514809089582,0.5585083455828077,0.619819292834181,0.024771743203574753,1.37744364435627,-0.5832626452327563,0.0,0.0,1.0,1.0,0.0,0.0,1.0,0.0,0.0,1,82.96,3.16
-1.0515693006824973,-2.1497546136868997,0.41796047685094284,-0.4129954654208543,-0.7865282955104261,-0.9333988596611025,-1.0425875847302268,0.4759752907199674,-0.5832626452327563,0.0,1.0,0.0,0.0,0.0,1.0,0.0,1.0,0.0,1,59.79,2.15
0.7004656292585885,0.5078995311268004,1.2541936324134884,0.3049387517350678,1.565343814215847,0.14698049531607965,-0.6528572911506759,-1.3269614165526378,-0.5832626452327563,0.0,0.0,1.0,0.0,0.0,1.0,0.0,1.0,0.0,1,77.04,3.2
1.0956324739387493,1.529376186421031,0.6323573814795822,-1.2928032052881522,1.4149590451121916,0.3239970224665763,-1.9990763948475567,-0.4254930629163352,-0.5832626452327563,0.0,0.0,1.0,1.0,0.0,0.0,1.0,0.0,0.0,1,73.56,3.1
-1.8939766491457923,-0.7596467240505029,1.2541936324134884,-0.09401063379343388,-0.4332010344803186,-1.529547367311896,2.161224550649246,1.37744364435627,-0.5832626452327563,1.0,0.0,0.0,0.0,0.0,1.0,1.0,0.0,0.0,0,84.98,3.66
-1.283269148400689,-1.735709012758237,0.6573594020414423,1.201436952732947,-0.5978618361732322,0.6275847749272496,0.9200463314866079,1.37744364435627,-0.5832626452327563,1.0,0.0,0.0,0.0,0.0,1.0,1.0,0.0,0.0,1,84.01,3.3
-2.191638949578177,-1.7288559998107367,1.2541936324134884,-2.233918026492588,-2.618801336352136,1.387902196592731,-0.8849234046375181,1.37744364435627,-0.5832626452327563,0.0,0.0,1.0,1.0,0.0,0.0,1.0,0.0,0.0,0,51.35,2.09
-0.3134784864881573,-0.4936972660089851,0.7196830543207708,1.6590261256691468,-1.464266796206461,-0.17936920337376894,-0.3003794333407801,0.4759752907199674,-0.5832626452327563,1.0,0.0,0.0,1.0,0.0,0.0,0.0,1.0,0.0,1,77.03,3.41
0.7338840498058659,0.6243586654925837,0.025835507179345383,1.2284231538547474,-1.3199073718774084,1.4025723377661028,-0.678930851935636,1.37744364435627,0.7945231309076128,0.0,0.0,1.0,0.0,0.0,1.0,1.0,0.0,0.0,1,81.39,3.67
1.5667391825600758,1.584733535344921,1.2541936324134884,-0.4247208696536101,0.17808427213041228,-0.19487671426844752,1.6448731988691843,0.4759752907199674,-0.5832626452327563,1.0,0.0,0.0,1.0,0.0,0.0,0.0,1.0,0.0,1,83.26,3.55
0.05104966002213894,-0.661725557256758,1.1300472988158303,0.6234554282849578,-0.29064025423513323,0.8763116221787566,-1.513803019010464,-0.4254930629163352,-0.5832626452327563,0.0,1.0,0.0,1.0,0.0,0.0,1.0,0.0,0.0,1,74.47,2.91
1.7007262516627868,1.584733535344921,0.7772947956572019,0.058966627359995735,-1.3258658894723825,-2.286048433674689,0.12219656141600743,-0.4254930629163352,0.7945231309076128,0.0,0.0,1.0,0.0,0.0,1.0,0.0,1.0,0.0,1,78.62,3.15
-1.4921613078247036,-1.1110682442495037,-1.292557616938652,1.3408690346365686,-0.24485751670158487,1.7184816988697145,-0.11558068805098164,1.37744364435627,0.7945231309076128,0.0,0.0,1.0,0.0,1.0,0.0,1.0,0.0,0.0,1,82.96,3.28
-1.8352310686572217,-1.1247099802859537,-1.3059869134467919,1.0824628485541548,0.5540874049454781,1.5420164414435116,0.8817510441688823,-0.4254930629163352,-0.5832626452327563,1.0,0.0,0.0,0.0,1.0,0.0,1.0,0.0,0.0,1,85.35,3.56
-0.08652853655451835,-0.018822379472896014,0.4628769190531842,-1.4072272007724298,0.576945628752522,-0.29272354671236556,-0.11076272835868008,-1.3269614165526378,-0.5832626452327563,1.0,0.0,0.0,0.0,0.0,1.0,0.0,1.0,0.0,1,74.13,2.8
0.37999435308452767,0.5031473599828666,0.2981945396216725,0.6692959373103469,-1.8889711634148862,-2.0319994678363287,-1.874548205435937,-1.3269614165526378,0.7945231309076128,0.0,0.0,1.0,0.0,1.0,0.0,0.0,1.0,0.0,1,72.12,2.95
-0.06227670355621995,-0.2315435658003073,-0.5517021999610824,-0.159178642642021,-0.0895378184642531,0.29751326638911274,-0.2676168448507884,0.4759752907199674,-0.5832626452327563,1.0,0.0,0.0,0.0,0.0,1.0,1.0,0.0,0.0,1,72.19,2.95
-2.2215756667196898,-1.8649398666254828,0.29311682428383784,0.14222766621808694,-1.3644724846924952,-1.487619094427065,-1.0364282833106417,1.37744364435627,0.7945231309076128,0.0,0.0,1.0,0.0,0.0,1.0,0.0,1.0,0.0,0,55.56,2.3
-0.12215591811328663,-0.2624001399407994,1.2541936324134884,-0.7051740698463712,0.9567505152277694,0.4591536438473765,0.08498825855574829,0.4759752907199674,-0.5832626452327563,1.0,0.0,0.0,0.0,0.0,1.0,1.0,0.0,0.0,1,70.7,2.62
-1.4118997423241328,-0.9648494388111837,0.9134069947157563,1.7971430333947969,0.8373078909935873,0.4248437460452326,1.5293238208488276,-0.4254930629163352,-0.5832626452327563,1.0,0.0,0.0,1.0,0.0,0.0,0.0,1.0,0.0,1,82.37,3.34
0.683084126896708,0.452140047126077,-1.141187256658613,1.1424166371270714,-0.8714804821745101,-0.9696671147788535,-1.8545202129888725,1.37744364435627,-0.5832626452327563,0.0,1.0,0.0,0.0,1.0,0.0,0.0,1.0,0.0,1,71.47,3.21
0.36145794218760724,0.5194948631175167,0.010626878500567732,-0.7172938989613764,-0.7374102873820204,1.1560267262238797,-0.853098319214535,0.4759752907199674,0.7945231309076128,0.0,0.0,1.0,0.0,0.0,1.0,1.0,0.0,0.0,1,68.66,2.66
-1.02499264496352,-0.9273080702292334,-0.7652202064176677,-1.3388292842100684,-0.4278100480530652,0.8309505026429787,-0.5891704225780373,1.37744364435627,2.1723089070479817,1.0,0.0,0.0,0.0,0.0,1.0,1.0,0.0,0.0,0,61.43,2.51
-0.5729025388252021,0.03457220990622922,-0.2983783654978656,-0.34730369280699147,-2.2476812608585486,1.0064265035345674,-0.4067762226576204,1.37744364435627,-0.5832626452327563,0.0,0.0,1.0,0.0,0.0,1.0,1.0,0.0,0.0,1,69.35,2.41
-1.1516310756375627,-1.0522779156265833,-0.32737315469528633,0.509680427626314,0.3820387373422934,0.009770859845796967,0.7892936003113336,0.4759752907199674,-0.5832626452327563,1.0,0.0,0.0,0.0,1.0,0.0,1.0,0.0,0.0,1,80.48,3.27
-0.09409646438873912,-0.9222135414684441,-0.3990104409324041,0.3066637326043445,-0.23640639258017465,-1.458345566489295,-0.1849044186069191,1.37744364435627,-0.5832626452327563,1.0,0.0,0.0,0.0,0.0,1.0,0.0,1.0,0.0,1,71.11,2.89
0.9860281663100883,1.5075243128551254,-1.2688734865114308,1.3650501068253407,1.0262798341022725,1.0085383495848668,0.4434852276787497,-0.4254930629163352,-0.5832626452327563,0.0,0.0,1.0,0.0,1.0,0.0,1.0,0.0,0.0,1,84.26,3.39
-1.0736452610270997,-1.3912337122608749,-0.007437258485358146,0.8810483520875327,-1.0750328437240213,-0.2780317791690906,-0.6670918520727134,-1.3269614165526378,0.7945231309076128,0.0,0.0,1.0,0.0,0.0,1.0,1.0,0.0,0.0,1,71.22,2.99
0.5073197394105176,0.15724768251424312,-0.4918291842243323,1.0687601799279274,-0.588163483554865,-1.4318111934203992,0.2452929551243909,-1.3269614165526378,-0.5832626452327563,0.0,0.0,1.0,0.0,0.0,1.0,0.0,1.0,0.0,1,68.65,2.69
-0.5902965527395907,-0.8061489305397364,-3.142111311609306,0.3972020555457175,-1.489605945152496,1.3941939848174871,0.829461223324173,1.37744364435627,2.1723089070479817,1.0,0.0,0.0,0.0,1.0,0.0,1.0,0.0,0.0,0,65.68,2.86
-0.8689870538089989,-0.11379397891343025,1.2541936324134884,-1.395971768939094,-0.9794250786435853,1.7184816988697145,-0.7806754236430514,-1.3269614165526378,-0.5832626452327563,0.0,0.0,1.0,0.0,0.0,1.0,1.0,0.0,0.0,1,65.76,2.45
-0.14116257086693482,-1.138489515125253,1.2541936324134884,-0.14880369969514662,-1.15992787947846,-0.0418734376909393,0.8332575841008005,1.37744364435627,2.1723089070479817,1.0,0.0,0.0,1.0,0.0,0.0,0.0,1.0,0.0,0,75.38,3.3
-1.1261925433741122,0.4988742327469421,-0.2856248405556603,1.1633433949682264,1.0524866062490084,1.7184816988697145,0.0559791122632423,0.4759752907199674,0.7945231309076128,1.0,0.0,0.0,0.0,0.0,1.0,1.0,0.0,0.0,1,86.39,3.5
-0.6151200992024489,-0.037093370507571076,0.15643895919903833,0.001842394445481711,-0.6685544905301737,0.09475967063015922,1.1148556881835046,-0.4254930629163352,-0.5832626452327563,1.0,0.0,0.0,0.0,0.0,1.0,0.0,1.0,0.0,1,76.05,3.03
-1.2987834145231132,-1.0535698395219957,-1.1754741141362905,0.5813463150412933,0.16689534606203663,-0.39149635268313426,-0.2146265692912648,-1.3269614165526378,-0.5832626452327563,0.0,0.0,1.0,0.0,1.0,0.0,0.0,1.0,0.0,1,75.82,2.75
1.74110657025609,1.5584293276912817,1.2541936324134884,-0.2773758646262978,-0.3460327024330893,-0.6491750578512119,0.4066377872830144,0.4759752907199674,-0.5832626452327563,0.0,0.0,1.0,1.0,0.0,0.0,0.0,1.0,0.0,1,75.98,2.82
0.00984148189326803,0.15808840052436635,1.2541936324134884,-1.020351389115613,-1.2487952774303537,1.6879890760229828,-0.04315947158027505,-0.4254930629163352,-0.5832626452327563,0.0,0.0,1.0,1.0,0.0,0.0,1.0,0.0,0.0,1,79.01,3.23
-0.7701379654812496,-0.4334183299145084,0.3106944740536688,-0.07320201907710949,-0.1302082108817789,-0.8034564724250524,-0.10244923678721064,-1.3269614165526378,-0.5832626452327563,1.0,0.0,0.0,0.0,0.0,1.0,0.0,1.0,0.0,0,82.84,3.17
0.1994974840535229,0.5017069250445478,1.2541936324134884,0.3785948903601915,0.6493371231196284,0.7584864314177564,0.27622060502220336,-1.3269614165526378,-0.5832626452327563,0.0,0.0,1.0,1.0,0.0,0.0,1.0,0.0,0.0,1,80.39,3.41
-0.1467845444961196,0.14604521359933206,0.3314965577834941,-0.6294368533366826,-1.186113116406278,-0.575691386822645,0.5725061771080282,-0.4254930629163352,2.1723089070479817,0.0,0.0,1.0,0.0,0.0,1.0,0.0,1.0,0.0,1,64.17,2.62
-0.26207629592993764,-0.18138302951461951,-1.3601572371860222,-0.19061215359935113,0.8626692741318748,-0.47379897639461993,-1.3322080842926425,0.4759752907199674,-0.5832626452327563,0.0,1.0,0.0,0.0,1.0,0.0,0.0,1.0,0.0,1,64.76,2.31
0.6241806361906859,0.48149483055191655,-0.32536791596704573,-0.9259480057335484,-0.8224098928021477,1.0625239838022849,1.5287443926703488,0.4759752907199674,0.7945231309076128,1.0,0.0,0.0,0.0,0.0,1.0,1.0,0.0,0.0,1,78.64,3.3
0.7762958823337506,0.6409412219010538,0.28298630219481546,1.2251534120578296,-0.44987052001731775,-0.3910644279242589,-1.9827234072512447,-1.3269614165526378,2.1723089070479817,0.0,0.0,1.0,0.0,1.0,0.0,0.0,1.0,0.0,1,87.05,3.45
-0.5905549889679503,-0.6143487577623036,-0.37316832894735324,-0.25199307543507216,0.5798343949752572,-0.4165831546674601,-0.7300420813699287,-0.4254930629163352,0.7945231309076128,1.0,0.0,0.0,0.0,1.0,0.0,1.0,0.0,0.0,0,80.39,3.21
-0.6386460465179962,-0.0211004770245367,-0.10924736180754566,1.5736317432235676,-0.6331777997608897,1.1682278673523225,-0.1003773148439072,0.4759752907199674,-0.5832626452327563,0.0,0.0,1.0,0.0,0.0,1.0,1.0,0.0,0.0,1,86.98,3.69
-0.31946888435202797,0.008282814958541895,0.03312532255375524,1.6530345255754753,0.07892435435772908,1.6470854572883495,0.43981013362412663,-0.4254930629163352,-0.5832626452327563,1.0,0.0,0.0,0.0,0.0,1.0,1.0,0.0,0.0,1,91.32,3.37
-2.470407739555076,-3.627597627152747,0.044896385157380134,-0.02900561318808387,-0.27891475146371364,0.6651257437085666,1.6807260928708474,-0.4254930629163352,-0.5832626452327563,1.0,0.0,0.0,0.0,1.0,0.0,1.0,0.0,0.0,0,70.63,2.6
-1.6355200602207374,-1.1503475470539255,0.19385132676573696,-0.9980295127044158,0.17216981902281311,-0.6742328415766631,-1.981260993646632,-1.3269614165526378,-0.5832626452327563,0.0,0.0,1.0,0.0,1.0,0.0,0.0,1.0,0.0,0,68.9,2.82
1.4229631819943365,1.3907374406692783,-1.0512311118074533,-2.123833757009839,-2.3776512814625534,-0.5256451931054194,-0.5411905582573076,-0.4254930629163352,-0.5832626452327563,1.0,0.0,0.0,0.0,1.0,0.0,0.0,1.0,0.0,1,65.06,2.26
1.718079373770522,1.554973151040425,-0.6668205303579737,-1.4824233457258083,-1.8178753660930551,0.08301019308513374,-1.9990763948475567,-0.4254930629163352,0.7945231309076128,0.0,0.0,1.0,0.0,0.0,1.0,1.0,0.0,0.0,1,63.6,2.42
-0.29186074793265704,-0.43737730364262434,-1.3018211917240068,-1.379813855303965,0.6664676081314779,0.3314251837244898,0.03385363873877451,1.37744364435627,-0.5832626452327563,1.0,0.0,0.0,0.0,1.0,0.0,1.0,0.0,0.0,1,78.15,3.32
0.5842687198514691,1.0786664006204463,1.2293734562795866,1.496011930007619,1.094346306495459,-1.0175564622035833,0.28981862013369153,-0.4254930629163352,-0.5832626452327563,0.0,0.0,1.0,0.0,0.0,1.0,0.0,1.0,0.0,1,94.61,3.76
0.3027218654015358,0.7397890706239744,-2.2204340016208444,0.1767003395734524,-0.8841370886311942,0.7458795052659818,1.6963180519528551,0.4759752907199674,3.550094683188351,1.0,0.0,0.0,0.0,1.0,0.0,1.0,0.0,0.0,0,73.15,2.65
1.74110657025609,1.214384600360188,1.2541936324134884,0.462767312019869,-0.2071342792229912,0.08878014372097369,0.12876325926531382,-1.3269614165526378,-0.5832626452327563,1.0,0.0,0.0,1.0,0.0,0.0,0.0,1.0,0.0,1,87.39,3.53
1.1605260580375827,1.25547273851637,1.2541936324134884,-2.2643941841454387,0.34013719160809164,-1.7677467677581624,1.1133255052870465,-1.3269614165526378,-0.5832626452327563,1.0,0.0,0.0,1.0,0.0,0.0,0.0,0.0,1.0,1,80.16,3.13
-0.16332835834652892,-0.6007310531908964,-0.2026985181642295,-1.196052619628079,0.7449404341541941,-0.9568073402185429,0.622651361968815,-0.4254930629163352,0.7945231309076128,1.0,0.0,0.0,0.0,1.0,0.0,1.0,0.0,0.0,0,72.09,2.74
-1.0416119242573176,-1.5893824200233058,-2.777030756267332,0.9825688757778552,-2.019003433588556,-0.518966408900911,-0.46394529845327687,-0.4254930629163352,-0.5832626452327563,1.0,0.0,0.0,0.0,1.0,0.0,1.0,0.0,0.0,0,61.79,3.18
-1.7323612645705677,-1.8524105106568611,-0.2688537022302405,0.35532194955115154,-0.8593038492655661,-0.07445354719586977,-1.5021634212004757,0.4759752907199674,-0.5832626452327563,0.0,1.0,0.0,0.0,1.0,0.0,0.0,1.0,0.0,0,73.98,3.07
0.1883374835773277,0.5956962063665772,0.06357416929941793,-0.09813410690273049,-0.29708632857779527,1.7184816988697145,0.2933571888864423,1.37744364435627,-0.5832626452327563,0.0,0.0,1.0,0.0,1.0,0.0,1.0,0.0,0.0,1,82.93,3.26
-0.8302293650626121,-0.280678095099218,-0.9952829715708251,0.6458696874160604,0.7550200213763689,0.24612537765997586,-1.5908125545077745,-1.3269614165526378,0.7945231309076128,0.0,1.0,0.0,0.0,1.0,0.0,0.0,1.0,0.0,0,72.38,3.07
-1.536893796415392,-1.1297142895259296,-0.4410472630642971,1.7648888018537765,1.733791050972124,-0.8659460219468492,1.3811475084259446,1.37744364435627,-0.5832626452327563,1.0,0.0,0.0,0.0,0.0,1.0,0.0,1.0,0.0,1,76.28,2.99
-0.7137317461817554,-0.2847384597965516,1.2541936324134884,-0.17528504851768814,-0.19085814979700044,0.22804630686712943,-0.17266143368152942,0.4759752907199674,-0.5832626452327563,1.0,0.0,0.0,1.0,0.0,0.0,1.0,0.0,0.0,1,62.42,2.39
-1.1753327028623999,-0.8017122767000703,0.8793109226001303,0.12816069956389353,-1.3884831407328215,-0.3622571713663221,1.2744911784346495,-1.3269614165526378,-0.5832626452327563,1.0,0.0,0.0,1.0,0.0,0.0,0.0,1.0,0.0,1,83.8,3.41
1.74110657025609,1.2773472108414317,-0.8990271877633003,0.2569181549933264,0.44938761370925795,0.3353709028744643,-0.5118904156312961,0.4759752907199674,-0.5832626452327563,0.0,0.0,1.0,0.0,0.0,1.0,0.0,1.0,0.0,1,76.16,3.15
0.9080263401298221,1.039361708691802,-1.652025273291401,1.7971430333947969,1.3826510968141716,0.5990348022909021,0.28679815754938015,-0.4254930629163352,-0.5832626452327563,0.0,0.0,1.0,0.0,1.0,0.0,1.0,0.0,0.0,1,92.31,3.88
-0.036041299204533965,0.3633617808357848,-0.2304860909927829,-2.1378961458659145,0.15047808000020832,1.247000423265826,0.22335440188599076,0.4759752907199674,-0.5832626452327563,1.0,0.0,0.0,0.0,0.0,1.0,1.0,0.0,0.0,1,68.2,3.01
1.542954322881594,1.584733535344921,-0.10343346982848786,0.7695631775230832,-0.8802382043287716,-0.024391009178469536,-0.04789135474024048,-0.4254930629163352,-0.5832626452327563,0.0,0.0,1.0,0.0,0.0,1.0,1.0,0.0,0.0,1,82.5,3.54
0.05452356745453366,0.6313134288594422,0.6905364432936402,-0.06427685360902567,1.0139059674961561,1.6899248619918426,-0.4611851222215227,1.37744364435627,-0.5832626452327563,0.0,0.0,1.0,1.0,0.0,0.0,1.0,0.0,0.0,1,87.1,3.66
-0.9415860416643566,-0.4985563757077005,-0.4635334551739882,0.6478856435515873,0.7147989918281866,0.9365440560220255,0.4185918702103156,-1.3269614165526378,-0.5832626452327563,0.0,0.0,1.0,0.0,0.0,1.0,1.0,0.0,0.0,1,74.25,3.16
1.5887774055770638,1.584733535344921,0.7076546643750374,-0.631197301963882,-1.0015601171234982,-0.7285197995492456,-0.9873820343346277,-1.3269614165526378,-0.5832626452327563,0.0,1.0,0.0,0.0,0.0,1.0,0.0,1.0,0.0,1,79.73,3.43
0.5443173451087551,1.0167291205081148,1.2541936324134884,0.004515088615752177,0.4282153923383287,1.7184816988697145,-1.2894200352923355,1.37744364435627,-0.5832626452327563,0.0,1.0,0.0,0.0,0.0,1.0,1.0,0.0,0.0,1,83.97,3.5
-1.1283190344862297,-1.0193067558922282,1.0477744038689947,0.799015778688932,1.053798934849394,0.337675839847279,1.3252972973155261,-0.4254930629163352,-0.5832626452327563,1.0,0.0,0.0,1.0,0.0,0.0,0.0,1.0,0.0,1,85.88,3.12
-0.22957038463650586,-0.6175312112140647,0.08158214157631266,1.7971430333947969,1.241344470047046,-0.8601252369469153,0.7754775174869902,-1.3269614165526378,-0.5832626452327563,1.0,0.0,0.0,0.0,1.0,0.0,0.0,1.0,0.0,1,90.09,3.7
-0.956797514338799,-0.9298386699020512,-0.06952648095729949,0.8999778725949232,-0.026745307004523433,1.7043057881971229,0.07039353524615811,0.4759752907199674,0.7945231309076128,1.0,0.0,0.0,0.0,0.0,1.0,1.0,0.0,0.0,1,84.12,3.64
-1.4950247481160186,-1.6947080528400111,-0.2636653034705747,-0.8304485049503102,-0.3229898475447193,1.7184816988697145,1.7755899370867412,-0.4254930629163352,0.7945231309076128,1.0,0.0,0.0,0.0,1.0,0.0,1.0,0.0,0.0,0,72.89,2.75
0.9552903923148518,0.5515425122570135,1.2541936324134884,-0.3871000617687711,1.2874462949780279,-0.033398095048577894,-0.28536738870472705,-1.3269614165526378,-0.5832626452327563,0.0,0.0,1.0,1.0,0.0,0.0,0.0,1.0,0.0,1,91.15,3.57
1.74110657025609,1.515482814288874,-0.5664602842829916,-0.41808535625713633,-1.188552216326912,-0.5184733062765456,1.410465194080617,0.4759752907199674,-0.5832626452327563,1.0,0.0,0.0,0.0,1.0,0.0,0.0,1.0,0.0,1,76.38,3.04
-1.51175777725359,-1.7325887957661892,0.18597962683459307,-1.8205526412421593,0.4862733300500991,-0.17702642461651322,0.18734215082255024,0.4759752907199674,-0.5832626452327563,1.0,0.0,0.0,0.0,1.0,0.0,0.0,1.0,0.0,1,66.05,2.68
0.5698492571972686,0.3794204582891588,0.19266473003278947,-0.2892267558807204,-1.3509476835244345,0.7373182567152513,-1.0925006499666658,-1.3269614165526378,-0.5832626452327563,0.0,1.0,0.0,0.0,0.0,1.0,1.0,0.0,0.0,1,73.03,2.81
-0.7180505459245698,-1.543477164538699,-0.4260169499287407,0.8213955271597241,1.1229872618788976,1.317733545112385,1.970604184558303,1.37744364435627,-0.5832626452327563,1.0,0.0,0.0,0.0,0.0,1.0,1.0,0.0,0.0,1,75.87,3.05
-0.5445240938746795,-0.37717602663925154,-1.4001436144944481,-1.2757410557109932,-0.22137321704928067,0.5886449357641561,1.0564793091120677,1.37744364435627,-0.5832626452327563,1.0,0.0,0.0,0.0,1.0,0.0,1.0,0.0,0.0,0,63.44,2.64
-0.6562363662028605,-0.5796903973710745,0.49673100297439216,1.1512153887798742,1.3294092908385198,0.1054877356558792,-0.12890151323397786,-1.3269614165526378,0.7945231309076128,1.0,0.0,0.0,0.0,1.0,0.0,0.0,1.0,0.0,1,79.77,2.79
-0.9444582853508511,-1.2320906111710173,0.06713219578916794,0.5653434173632299,0.5399427070740809,1.5446483707234469,0.7754810047991758,0.4759752907199674,-0.5832626452327563,1.0,0.0,0.0,0.0,0.0,1.0,1.0,0.0,0.0,1,75.42,3.03
0.023911115489241453,0.34986068027427086,0.6950578685012113,-0.7115075228173878,-1.2018185695895345,-0.32180071376849834,-0.4303107883105531,1.37744364435627,-0.5832626452327563,0.0,0.0,1.0,1.0,0.0,0.0,0.0,1.0,0.0,1,70.72,2.75
-0.9093951369568792,-0.35962505055372973,-0.4616131235081651,-0.09220374708296426,1.4879226656953362,1.0632141891670557,0.8842145059657068,1.37744364435627,0.7945231309076128,1.0,0.0,0.0,0.0,1.0,0.0,1.0,0.0,0.0,0,85.07,3.06
0.25943148223961415,-0.5236567141200589,1.2541936324134884,1.7257309090163118,1.616543495940235,-0.2962663805445953,-1.9990763948475567,1.37744364435627,-0.5832626452327563,0.0,0.0,1.0,1.0,0.0,0.0,0.0,1.0,0.0,1,81.15,3.36
-0.08089393480516222,-0.42616946359196484,-0.8455589039020387,0.8221465149758219,0.9370007033025114,0.4448984059347311,-1.0872233494063233,-0.4254930629163352,-0.5832626452327563,0.0,0.0,1.0,0.0,1.0,0.0,1.0,0.0,0.0,0,78.72,3.21
-0.2811552457802548,-0.6100973932917078,1.2541936324134884,0.06485549151858835,-0.7328824276712521,-0.11640823816948237,1.0442696051553553,1.37744364435627,3.550094683188351,1.0,0.0,0.0,0.0,0.0,1.0,0.0,1.0,0.0,0,74.21,3.0
-0.9906983756543751,-1.3326997502085356,-1.8198884909310329,-0.19267273080156538,-0.27010059472839154,-0.05692589871796701,-0.26605767561951926,-1.3269614165526378,0.7945231309076128,1.0,0.0,0.0,0.0,1.0,0.0,0.0,1.0,0.0,0,79.3,3.29
-0.639657477289476,-0.16782664079360332,0.6218089505570649,0.1357248601965332,0.1884831126290823,-0.3883327225860697,0.22142816002778823,-1.3269614165526378,0.7945231309076128,0.0,0.0,1.0,0.0,0.0,1.0,0.0,1.0,0.0,1,84.82,3.46
0.7740498431973575,0.618522305363451,0.6673004405623093,-0.47905348478486254,-0.6740892460664509,1.3867880292955104,-1.43586942128364,-0.4254930629163352,-0.5832626452327563,0.0,1.0,0.0,1.0,0.0,0.0,1.0,0.0,0.0,1,76.13,2.9
0.5039988580886704,0.34077089308223896,-0.7546928648572054,-2.14353143173831,1.733791050972124,-0.7547888379705548,1.970419514762889,-0.4254930629163352,-0.5832626452327563,1.0,0.0,0.0,0.0,0.0,1.0,0.0,1.0,0.0,1,74.48,3.12
-1.0649743057509224,-1.9096070860731584,0.6102000403277592,1.7971430333947969,0.18736495135749648,-0.7623193846648985,1.269535509788048,-1.3269614165526378,2.1723089070479817,1.0,0.0,0.0,1.0,0.0,0.0,0.0,1.0,0.0,1,71.77,3.05
0.07783203255286378,0.38713801580186324,1.2541936324134884,0.2179735000275609,-2.70536442264634,1.7184816988697145,-0.21384321710250612,-0.4254930629163352,-0.5832626452327563,1.0,0.0,0.0,0.0,0.0,1.0,1.0,0.0,0.0,1,77.36,2.88
0.7698006403324497,0.11373277781043618,-2.3448141885716427,0.4716934447781209,0.38547997463682365,1.0085128833996408,-0.431368956251936,1.37744364435627,0.7945231309076128,0.0,0.0,1.0,0.0,1.0,0.0,1.0,0.0,0.0,0,73.11,3.1
-1.7991740896542563,-1.5837179569815525,0.6978597459751147,-0.004828972838649872,-0.3129108151799011,-2.4577057763838632,1.0979494040871964,0.4759752907199674,-0.5832626452327563,1.0,0.0,0.0,0.0,0.0,1.0,0.0,0.0,1.0,0,71.6,2.81
0.549039897741368,0.6411114207111256,-2.6541113207220155,-0.7124306514262366,-0.035357016968030876,-0.58197343078453,2.113940049485814,0.4759752907199674,-0.5832626452327563,1.0,0.0,0.0,0.0,1.0,0.0,0.0,1.0,0.0,1,67.42,2.82
-0.7307651322046456,0.004429114874146239,-0.9450110336272548,-0.13859099754927334,-0.33369652586886606,-1.8669840286848292,1.0170808510800842,0.4759752907199674,3.550094683188351,1.0,0.0,0.0,0.0,1.0,0.0,0.0,0.0,1.0,0,78.57,3.17
0.5779457043463616,-0.09286115576046601,1.2541936324134884,-1.6154967512320833,0.8605702065984742,-0.9792398061967411,2.3158149654337556,-1.3269614165526378,-0.5832626452327563,1.0,0.0,0.0,1.0,0.0,0.0,0.0,1.0,0.0,1,75.43,2.98
-0.8375606562190798,-2.190914428108113,-0.5155193024979737,1.7971430333947969,1.1781580647790733,-3.2342393988348785,-0.9833175705462399,-0.4254930629163352,-0.5832626452327563,0.0,0.0,1.0,0.0,0.0,1.0,0.0,1.0,0.0,1,64.04,2.67
-1.942943759973501,-1.654175283704679,-1.1779641559193443,-1.2342383262162038,0.32828652438419204,-0.1405545612788489,-0.8735319788629294,0.4759752907199674,-0.5832626452327563,0.0,0.0,1.0,0.0,1.0,0.0,0.0,1.0,0.0,0,63.5,2.47
-1.7547487245528357,-0.7095445144616906,-0.0860706071899953,-1.0226025138407695,-0.3039246440363085,-1.1763631653001219,-1.267568143603799,1.37744364435627,-0.5832626452327563,0.0,0.0,1.0,0.0,1.0,0.0,0.0,1.0,0.0,1,68.53,2.96
0.023447703930221928,0.627224215468978,1.2541936324134884,-0.4043400701617949,-0.0012362273400476167,0.06238579273707151,0.4711627871986674,1.37744364435627,-0.5832626452327563,1.0,0.0,0.0,0.0,0.0,1.0,0.0,1.0,0.0,1,82.71,3.56
0.2480400852746271,0.33683435913983806,-1.913919669324584,1.4015612177198296,0.0606647139431683,-1.6743782950724966,0.18737356766204716,1.37744364435627,-0.5832626452327563,0.0,0.0,1.0,0.0,1.0,0.0,1.0,0.0,0.0,1,75.76,2.92
-0.9872525800448508,-1.1147865472651994,-1.040831603367821,0.07083778498874378,-0.7743707923153058,0.08609879072023668,-0.161880632728495,-0.4254930629163352,-0.5832626452327563,0.0,0.0,1.0,0.0,1.0,0.0,0.0,1.0,0.0,1,73.53,2.91
0.6501015523468171,0.9862230580141457,1.2541936324134884,-1.2359349986273538,0.6288432434346216,-0.4270148085524407,0.8630064184715647,0.4759752907199674,0.7945231309076128,1.0,0.0,0.0,0.0,0.0,1.0,0.0,1.0,0.0,1,83.18,3.25
-1.7908061982420627,-2.0713853264658884,1.2541936324134884,1.3663097463538059,0.5080759431747985,1.5487105772669016,1.3141035287045995,1.37744364435627,-0.5832626452327563,1.0,0.0,0.0,0.0,0.0,1.0,1.0,0.0,0.0,1,87.98,3.59
-0.09770533059229863,0.15239427961284638,0.0196641781724912,0.8194850124504734,1.605568531967233,1.4553327832137117,-1.6265962232459579,-0.4254930629163352,3.550094683188351,0.0,0.0,1.0,0.0,1.0,0.0,1.0,0.0,0.0,0,82.81,3.57
-1.31272594799321,-0.9309210312733672,-1.2508800414305123,0.618277141919464,1.3159664606332568,0.8101002823483365,-0.6363828542319584,1.37744364435627,-0.5832626452327563,0.0,0.0,1.0,0.0,1.0,0.0,1.0,0.0,0.0,1,75.45,2.68
-0.71931714387958,-0.12920194450285086,1.2541936324134884,0.8035334830470141,-0.6557684135898695,-0.3360010440663117,0.8746124812350697,0.4759752907199674,-0.5832626452327563,1.0,0.0,0.0,0.0,0.0,1.0,0.0,1.0,0.0,1,79.27,2.89
0.022719420077479874,1.3552648805778245,1.2541936324134884,1.7971430333947969,0.8740318320874298,1.7184816988697145,-0.49858818384638093,0.4759752907199674,-0.5832626452327563,1.0,0.0,0.0,1.0,0.0,0.0,1.0,0.0,0.0,1,92.16,3.67
-0.9406618997232118,-0.649089530411663,0.894996438011773,1.7971430333947969,-0.9252440170620821,-1.60007896390794,-0.8509480624832184,0.4759752907199674,0.7945231309076128,1.0,0.0,0.0,1.0,0.0,0.0,0.0,1.0,0.0,1,75.92,3.07
-0.435675716238166,-0.6249694102467246,-0.7735395270663225,-0.6618569730520287,0.7476978812420695,-1.4460127386725656,1.086149318728285,0.4759752907199674,3.550094683188351,1.0,0.0,0.0,0.0,1.0,0.0,1.0,0.0,0.0,0,70.23,2.62
1.0403096952370583,0.9396004830654867,0.08052952800993411,1.7524413505170262,-0.4840328784662281,-0.08571441542327221,-1.3747888280365517,0.4759752907199674,0.7945231309076128,0.0,1.0,0.0,0.0,1.0,0.0,0.0,1.0,0.0,1,90.56,3.66
-0.6397853947136735,-1.4131204623193514,-0.04402837367183177,0.4560421198914669,-0.9986877587305079,1.7184816988697145,-0.32142177428709184,1.37744364435627,-0.5832626452327563,1.0,0.0,0.0,0.0,0.0,1.0,1.0,0.0,0.0,1,72.13,2.74
0.8592661331863832,0.4554638111094563,0.5055436436021473,0.5771724900743058,0.32523111621202005,-0.20791039634702413,0.3505525219974838,0.4759752907199674,-0.5832626452327563,0.0,0.0,1.0,0.0,0.0,1.0,1.0,0.0,0.0,1,76.57,2.97
-1.22643946902938,-1.2913299330258152,1.2541936324134884,-1.712541028121885,-2.6761281426163808,-0.1882304749676032,-0.6116969812496054,1.37744364435627,0.7945231309076128,0.0,0.0,1.0,1.0,0.0,0.0,0.0,1.0,0.0,0,64.5,2.83
0.5346540881467955,0.24407220300616897,1.1192842596148767,-0.12235491623879122,-1.737923864198411,-1.4855420284223324,0.8351742017580931,0.4759752907199674,2.1723089070479817,1.0,0.0,0.0,1.0,0.0,0.0,0.0,1.0,0.0,1,73.1,2.86
1.5022297500493702,1.4420134345996467,-1.0699946795701696,-0.7936248627237087,-0.13954509538153864,0.9756148845647923,-0.6064265874847014,1.37744364435627,3.550094683188351,0.0,0.0,1.0,0.0,1.0,0.0,1.0,0.0,0.0,0,73.36,2.86
-2.6505202344972583,-2.775362185977154,1.2541936324134884,0.9208990983074213,0.12450112930377438,0.9830840575782486,1.5020731662295057,0.4759752907199674,-0.5832626452327563,1.0,0.0,0.0,1.0,0.0,0.0,1.0,0.0,0.0,1,82.09,3.31
-0.8732556988839857,-0.2390771571096146,0.4857192720194917,1.1748274124438813,-0.33440699595918866,0.8139443954734339,-0.1339398146319266,1.37744364435627,3.550094683188351,0.0,0.0,1.0,0.0,0.0,1.0,1.0,0.0,0.0,0,80.23,3.43
0.5848154183688157,0.5406049470157486,0.9040798385065649,-2.111910089642861,-1.5636705574053886,-0.6478992712943862,0.7158765981236449,0.4759752907199674,-0.5832626452327563,1.0,0.0,0.0,1.0,0.0,0.0,0.0,1.0,0.0,0,75.88,3.03
-0.24305489970206529,-0.21158709433051606,1.2541936324134884,0.03265386090004002,-0.790077225517652,-0.7277645237170121,0.7955826333603933,-0.4254930629163352,-0.5832626452327563,1.0,0.0,0.0,1.0,0.0,0.0,0.0,1.0,0.0,1,71.2,2.74
0.366283940289635,0.18603229691112708,-1.1082626363899482,1.2278874297351072,0.43815389628517004,-1.33218548697899,-0.668975866887064,1.37744364435627,-0.5832626452327563,1.0,0.0,0.0,0.0,1.0,0.0,0.0,1.0,0.0,1,72.95,3.03
-0.6685371567773281,-0.5170121281442609,0.09530202392938142,-0.13937933946443015,0.6317415065358599,0.08708893535871638,-1.9990763948475567,-0.4254930629163352,-0.5832626452327563,0.0,0.0,1.0,0.0,1.0,0.0,0.0,1.0,0.0,1,73.54,3.1
0.06430951547728074,0.46581737146530827,-0.4592124321107544,0.8174611003964157,0.02427520569154898,-1.1129393015236622,0.38479155780069124,1.37744364435627,0.7945231309076128,0.0,0.0,1.0,0.0,0.0,1.0,0.0,1.0,0.0,1,84.52,3.61
-0.19278723453485008,-0.5772476785691615,-1.618752161741459,0.4226031399022007,1.2158917776035192,-1.212927077055,0.07721403875319678,1.37744364435627,0.7945231309076128,1.0,0.0,0.0,0.0,1.0,0.0,1.0,0.0,0.0,0,69.1,2.76
1.2116840798916773,0.7912631963183661,0.5232864792946125,0.4126713164716111,0.44443949195277593,-0.4360586604087538,0.5927846586291388,1.37744364435627,0.7945231309076128,0.0,0.0,1.0,1.0,0.0,0.0,0.0,1.0,0.0,1,83.98,3.45
0.24241390002908042,0.08574846596515287,1.2541936324134884,-0.22781375531007603,-0.7185266219657171,-0.5035341902378295,-0.24139744391113085,-1.3269614165526378,-0.5832626452327563,0.0,0.0,1.0,1.0,0.0,0.0,0.0,1.0,0.0,1,69.25,2.93
0.33068747112426483,-0.333909999232716,-1.9233126323578529,-1.2155023935519,-0.24418505390218728,-0.5538556004301182,-0.45880545651776106,0.4759752907199674,-0.5832626452327563,0.0,0.0,1.0,0.0,1.0,0.0,0.0,1.0,0.0,1,69.01,2.8
-0.4646695458202599,-0.7998406269038095,0.09926816780001894,-1.11618593557612,-1.3843067882880888,0.4814076416516653,2.1416652029508327,-0.4254930629163352,0.7945231309076128,1.0,0.0,0.0,0.0,0.0,1.0,1.0,0.0,0.0,1,67.92,2.98
-0.5450343675344931,-0.7080397049897291,0.8520296149228347,0.7968653492845682,-0.06909492611747488,0.08211609668805732,-1.569756355292182,-0.4254930629163352,-0.5832626452327563,0.0,1.0,0.0,1.0,0.0,0.0,0.0,1.0,0.0,1,79.36,3.3
-0.48661671313069493,-0.008095870545978804,0.2730850999648648,0.07600916010590238,1.1704508642124727,-0.2963624753333304,0.7827093268016152,1.37744364435627,0.7945231309076128,1.0,0.0,0.0,0.0,1.0,0.0,0.0,1.0,0.0,1,83.45,3.71
0.3910168401525456,0.4913039863966327,0.008815273597817263,-0.08905093605884395,0.7368874909593293,0.18927340004278367,-0.6125307270154038,-0.4254930629163352,-0.5832626452327563,1.0,0.0,0.0,0.0,1.0,0.0,1.0,0.0,0.0,1,69.54,2.96
-0.4743345526453775,-0.3232306898818174,-1.3181917232505276,-0.3872362725396364,1.4649463994633554,-1.021330005659055,-0.3578861541223316,-0.4254930629163352,-0.5832626452327563,0.0,0.0,1.0,0.0,1.0,0.0,1.0,0.0,0.0,0,72.55,2.52
0.27993201490795144,0.6729053043777401,0.39582806990755753,-0.26320785615870385,-0.2669223828663162,0.1091523176623618,-0.3379731534933551,-0.4254930629163352,-0.5832626452327563,0.0,0.0,1.0,0.0,0.0,1.0,0.0,1.0,0.0,1,74.81,2.91
1.74110657025609,1.5189074704336036,-0.7112907820507214,1.1495740333682463,1.4081522880886121,0.1558678246020848,-0.8565226129191345,-0.4254930629163352,0.7945231309076128,0.0,0.0,1.0,0.0,1.0,0.0,0.0,1.0,0.0,1,88.36,3.21
0.8968676357644908,1.0094186895020536,-2.3147214162354204,-0.2946119487226787,-0.1556076151047287,-1.5485556856576024,0.6092029252927842,-1.3269614165526378,-0.5832626452327563,1.0,0.0,0.0,0.0,1.0,0.0,0.0,1.0,0.0,1,66.27,2.52
-0.3735608237742678,-0.37445032400439704,1.2541936324134884,-1.3455730459931927,1.5356229580556908,1.0269070280108024,1.48290641875661,1.37744364435627,-0.5832626452327563,1.0,0.0,0.0,1.0,0.0,0.0,1.0,0.0,0.0,1,77.86,3.04
1.2471623822244848,1.2658173559791808,1.2076352878713235,0.8327039351504516,0.01855244263329296,-0.907856330152891,0.5012874771482853,-0.4254930629163352,0.7945231309076128,0.0,0.0,1.0,0.0,0.0,1.0,1.0,0.0,0.0,1,90.28,3.78
-0.46063524837624176,-0.6828711978438964,0.19318282275791357,-0.1583937400368942,0.7591759270302204,0.09372388556387073,0.11036755001457026,-1.3269614165526378,-0.5832626452327563,0.0,0.0,1.0,0.0,1.0,0.0,0.0,1.0,0.0,1,81.58,3.18
-2.1904635056209143,-3.1344405861545264,0.3916749874094663,0.08848252098845559,1.5392060471454354,1.2008053830884324,-1.0516524583107505,-1.3269614165526378,0.7945231309076128,0.0,1.0,0.0,0.0,0.0,1.0,1.0,0.0,0.0,0,67.18,2.97
-1.0973742493368774,-1.0429966507481974,1.2541936324134884,1.7354028324070936,-0.15573296966096953,0.9547402079650761,0.5512002119057603,1.37744364435627,-0.5832626452327563,0.0,0.0,1.0,1.0,0.0,0.0,1.0,0.0,0.0,1,93.4,3.6
-2.012888073518094,-1.1236831665472338,0.3863773887594803,0.03419433331642355,0.2625992569646976,0.03602875800637304,2.2993382119146966,0.4759752907199674,-0.5832626452327563,1.0,0.0,0.0,0.0,1.0,0.0,0.0,1.0,0.0,1,64.81,2.53
-0.40061107480363084,0.09440861199585711,1.1468075505909048,0.3578396495426338,1.3500103460712058,-0.37298809718169657,-0.4057777125679826,0.4759752907199674,0.7945231309076128,0.0,0.0,1.0,0.0,0.0,1.0,1.0,0.0,0.0,1,82.7,3.06
-0.008034823038683633,0.4677132080647819,-0.19744191864901706,-1.1761550491218788,-0.09435249143257192,0.9772457920111646,-0.40075457538124726,0.4759752907199674,-0.5832626452327563,0.0,0.0,1.0,0.0,1.0,0.0,1.0,0.0,0.0,1,68.11,3.01
1.74110657025609,1.584733535344921,1.2541936324134884,-0.17385041763261508,-1.3010359531971307,0.6960522063354267,-0.5981228216512026,-0.4254930629163352,-0.5832626452327563,0.0,0.0,1.0,0.0,0.0,1.0,1.0,0.0,0.0,1,82.78,3.63
0.319358723621802,0.3432591906684389,0.49428217747315895,0.6925587439342267,1.733791050972124,-0.6367103031903515,-0.5216996755238559,1.37744364435627,-0.5832626452327563,1.0,0.0,0.0,0.0,0.0,1.0,1.0,0.0,0.0,1,81.05,3.22
-0.26009281504552856,-0.1279671131045337,0.3524912042927093,-1.5695000925684213,-0.4364419048372874,-0.818659119376599,-1.9990763948475567,0.4759752907199674,-0.5832626452327563,0.0,1.0,0.0,0.0,1.0,0.0,0.0,1.0,0.0,1,59.94,2.1
0.8525947891486736,0.4863653722673096,-1.2855725217878309,0.26553650117813044,0.2020228300453805,-2.135344225736002,0.4320045834333922,-0.4254930629163352,-0.5832626452327563,0.0,0.0,1.0,0.0,1.0,0.0,0.0,1.0,0.0,0,68.55,2.7
-2.3740646707434774,-2.283067325780455,0.45643299209371363,0.1609921322775264,1.2150515797634291,0.15940246922200468,-0.9014307013980448,1.37744364435627,-0.5832626452327563,0.0,0.0,1.0,0.0,1.0,0.0,0.0,1.0,0.0,1,68.35,2.78
0.2224564384412284,0.5083315460690462,-0.7954151286066428,0.09881803809032964,-0.5773662702169029,-0.08459573548300951,-1.7168014792268365,-0.4254930629163352,0.7945231309076128,0.0,1.0,0.0,0.0,1.0,0.0,0.0,1.0,0.0,1,72.9,2.79
0.7904710087826791,1.3031095051588863,-0.5787328207730538,1.1393834349825833,-0.9830590278784695,1.1717185304061242,0.80322335617407,0.4759752907199674,0.7945231309076128,1.0,0.0,0.0,0.0,1.0,0.0,1.0,0.0,0.0,1,89.86,4.0
-1.596674577972474,-1.4963826769479587,-0.7768660605990815,0.40512549419006694,0.29850683409706885,0.3707208179680521,-1.1535614564133334,0.4759752907199674,-0.5832626452327563,0.0,1.0,0.0,0.0,0.0,1.0,0.0,1.0,0.0,1,81.02,3.61
1.1861852506229948,0.8678705643701908,-1.057529859417098,1.6000842751544755,-1.7806907913958385,1.375836964025838,-0.3609680731006905,-1.3269614165526378,-0.5832626452327563,0.0,0.0,1.0,0.0,1.0,0.0,1.0,0.0,0.0,1,80.42,2.87
0.33163592477635545,0.31211641380855065,1.2541936324134884,-0.9825034253824866,-0.25170622108481705,-0.7181351270260045,1.5637266597161905,-1.3269614165526378,-0.5832626452327563,1.0,0.0,0.0,1.0,0.0,0.0,1.0,0.0,0.0,1,77.81,2.88
-0.46828928563420724,-0.12244872513293832,1.2541936324134884,0.19770239139731677,0.28967057508550226,1.1737376351284061,-1.502435368821816,1.37744364435627,-0.5832626452327563,0.0,0.0,1.0,1.0,0.0,0.0,1.0,0.0,0.0,1,86.12,3.54
0.6439352798029307,-0.09797307805580367,1.2541936324134884,0.1439352244567822,-0.23346797663224883,-0.5445152036821076,-1.6339915264446094,-0.4254930629163352,-0.5832626452327563,0.0,0.0,1.0,1.0,0.0,0.0,0.0,1.0,0.0,1,72.48,2.68
1.74110657025609,0.48444534494958713,-1.2328026704979334,-1.0615641902822304,-1.5271158548603792,0.8021127968344859,0.28728372982157635,-0.4254930629163352,-0.5832626452327563,0.0,0.0,1.0,0.0,1.0,0.0,1.0,0.0,0.0,1,66.45,2.69
0.16541807692827273,-0.10205247538058282,0.21510340548218432,1.0548904281684457,1.660155450887856,-1.5029073721306694,1.2257743005889739,0.4759752907199674,-0.5832626452327563,1.0,0.0,0.0,0.0,0.0,1.0,0.0,1.0,0.0,1,91.88,3.68
0.2358341108967643,-0.35959685459303664,-1.3118047320626554,1.7971430333947969,0.145931295871593,0.24299615240126707,-1.678500391721128,0.4759752907199674,-0.5832626452327563,0.0,1.0,0.0,0.0,1.0,0.0,1.0,0.0,0.0,1,76.38,3.05
-0.51506008108641,-0.6962655725369065,-0.6429660864913223,0.037908338673886405,1.4945502778020079,-2.0449852235915302,0.4348347773070267,1.37744364435627,-0.5832626452327563,0.0,0.0,1.0,0.0,1.0,0.0,0.0,0.0,1.0,1,73.18,3.13
-0.9294459511229253,-0.8978128336114638,-0.8918252638029551,0.5833636839224765,-0.2233954482861462,-0.2746985709102089,0.619625841664783,-1.3269614165526378,0.7945231309076128,0.0,0.0,1.0,0.0,1.0,0.0,1.0,0.0,0.0,0,65.49,2.98
0.8535819663763814,0.5660360394556795,1.2541936324134884,0.143989233664306,-0.8531802069895837,0.45451594479546104,-1.9990763948475567,0.4759752907199674,0.7945231309076128,0.0,1.0,0.0,0.0,0.0,1.0,1.0,0.0,0.0,1,74.59,3.06
-0.9360673391874004,-0.13698280764517343,-0.3079215448244097,-0.6899321749352666,0.3141948008879146,-0.5363233432582809,0.8515364896343236,-0.4254930629163352,-0.5832626452327563,1.0,0.0,0.0,0.0,0.0,1.0,0.0,1.0,0.0,1,82.86,3.07
0.04836633881978964,0.2126174048802756,1.2541936324134884,-1.8467969830133184,-0.17844623112852542,-1.0820494021033125,0.9348152261808454,0.4759752907199674,0.7945231309076128,1.0,0.0,0.0,0.0,0.0,1.0,0.0,1.0,0.0,1,73.59,2.97
-0.5344766024615865,-0.32632691543794373,0.8112802805314612,-0.6817704279933436,-1.1556405656059328,0.8727391374025797,-0.332303641491645,-1.3269614165526378,-0.5832626452327563,0.0,0.0,1.0,1.0,0.0,0.0,1.0,0.0,0.0,1,73.22,2.81
0.4807186593394823,0.7446479860336058,1.2541936324134884,-1.3987507827845955,1.5337936423040857,-0.10599835663132158,1.335447402915965,-0.4254930629163352,0.7945231309076128,1.0,0.0,0.0,1.0,0.0,0.0,0.0,1.0,0.0,1,88.18,3.93
0.32650570370285725,-0.23847773111204695,-1.5198323840991825,1.7971430333947969,-0.5913605532166998,-0.5039613881552714,1.2118791934279316,-1.3269614165526378,-0.5832626452327563,1.0,0.0,0.0,0.0,1.0,0.0,1.0,0.0,0.0,1,69.98,2.94
1.073469539989601,1.4797248349947005,1.2541936324134884,-0.06459809667860955,-1.8286274008338261,0.043823492917111045,0.11008598563138751,1.37744364435627,0.7945231309076128,0.0,0.0,1.0,1.0,0.0,0.0,0.0,1.0,0.0,1,77.29,3.17
-0.5688163211639484,-0.5376252820312961,1.2541936324134884,-0.30576629288545176,1.389934806507876,1.7184816988697145,-0.4812155078655937,1.37744364435627,-0.5832626452327563,0.0,0.0,1.0,1.0,0.0,0.0,1.0,0.0,0.0,1,93.7,3.88
-0.3139752408771153,0.0501045681296822,-0.953641569537756,0.9847360058333288,-0.47152183341800846,1.1895615423995063,-1.0371380569238815,-1.3269614165526378,-0.5832626452327563,0.0,1.0,0.0,0.0,1.0,0.0,1.0,0.0,0.0,1,77.92,3.11
-1.0662567500503297,-1.4641653166301452,1.2541936324134884,-1.116416807318862,-0.5766856584327534,1.1989108740026062,-0.03991517792518261,-0.4254930629163352,-0.5832626452327563,0.0,0.0,1.0,1.0,0.0,0.0,1.0,0.0,0.0,1,71.33,3.1
-0.4990701164153109,-1.1828667131781048,0.5114662394873979,-0.7456026805975856,-1.7525638983674827,0.449560653582301,0.6076405636021515,-1.3269614165526378,-0.5832626452327563,0.0,0.0,1.0,0.0,0.0,1.0,1.0,0.0,0.0,1,74.85,2.88
0.37281529852781575,0.7409697137505905,-0.11911859941022312,0.1268049338407389,1.733791050972124,0.17223827408602296,-0.34551581539756865,0.4759752907199674,-0.5832626452327563,0.0,0.0,1.0,0.0,1.0,0.0,0.0,1.0,0.0,1,88.73,3.74
0.7757450140190428,0.8932997559147661,-0.7864429126966088,1.130616995084769,-1.2691272736516217,-2.4690111489693187,-1.9990763948475567,0.4759752907199674,-0.5832626452327563,0.0,1.0,0.0,0.0,1.0,0.0,0.0,0.0,1.0,1,63.43,2.86
-1.0061938394428582,-1.3285556791374458,-0.6691625371050423,0.579877921737272,0.10012924628207735,-0.6991867812254522,1.3528992357386727,-1.3269614165526378,0.7945231309076128,1.0,0.0,0.0,0.0,1.0,0.0,1.0,0.0,0.0,1,75.57,2.86
0.8952558841836205,0.40413273505387004,1.2541936324134884,0.3151474191257414,0.9678144639049573,-0.4946889311980856,0.2029617496818996,0.4759752907199674,-0.5832626452327563,0.0,0.0,1.0,0.0,0.0,1.0,0.0,1.0,0.0,1,91.22,3.72
1.4110389666847998,1.584733535344921,0.13614796996672762,0.13730123271030972,0.46914418212904946,-1.9318181398212155,-0.40463669269711555,-1.3269614165526378,-0.5832626452327563,0.0,0.0,1.0,0.0,1.0,0.0,0.0,0.0,1.0,1,74.67,3.07
0.4111615798777337,-0.1862628105531984,1.0104385850811533,0.47387576953304067,-0.01984314103213939,-1.1923122539183357,0.9140793960454703,0.4759752907199674,-0.5832626452327563,1.0,0.0,0.0,1.0,0.0,0.0,0.0,1.0,0.0,1,76.06,2.83
1.74110657025609,1.584733535344921,-0.7494818007088825,0.2663805671811649,-1.687833987952224,-2.0410154963333293,1.6257781912742002,-1.3269614165526378,3.550094683188351,1.0,0.0,0.0,0.0,0.0,1.0,0.0,1.0,0.0,0,74.73,2.72
-0.8487352671418625,-1.1856717701441046,-0.7371229426104778,-1.020519015158262,-0.7817810037860381,-0.038859356009228,-1.9990763948475567,0.4759752907199674,0.7945231309076128,0.0,0.0,1.0,0.0,0.0,1.0,0.0,1.0,0.0,0,66.02,2.46
-1.3484235424715523,-0.8994652553822376,1.2541936324134884,0.10382485495596475,0.23152664514079194,0.8445467994347233,0.46316913344024596,-0.4254930629163352,0.7945231309076128,0.0,0.0,1.0,1.0,0.0,0.0,1.0,0.0,0.0,1,72.34,2.88
-1.915180480504774,-1.8746680794319943,-1.3745348051110098,-1.0661973574088581,-0.7588734481129824,1.141398450197706,-1.5210236935790014,-0.4254930629163352,-0.5832626452327563,0.0,1.0,0.0,0.0,1.0,0.0,1.0,0.0,0.0,1,46.9,1.96
1.5600400244390211,1.584733535344921,-0.3291611268739985,0.1403990986908086,0.24733193778181284,0.4281613182321247,0.5323119025536733,0.4759752907199674,-0.5832626452327563,0.0,0.0,1.0,0.0,0.0,1.0,0.0,1.0,0.0,1,84.45,3.3
0.6668402639812298,0.3538514916462846,0.17345421996140933,-0.4465414231022522,0.733284700866545,-0.9923355720954307,0.13653880339939642,-1.3269614165526378,-0.5832626452327563,0.0,0.0,1.0,0.0,0.0,1.0,1.0,0.0,0.0,1,81.43,3.64
-0.08656777171119105,-0.14381696145541098,0.25998876243656666,1.7971430333947969,1.0184862506690364,-1.9907466945618768,0.6779783289343859,0.4759752907199674,-0.5832626452327563,1.0,0.0,0.0,0.0,1.0,0.0,0.0,0.0,1.0,1,79.83,3.4
0.26952552218229253,0.2753802523122428,-0.06498726224214725,0.013992819473852131,-1.2048245155673565,-1.8101709495055864,-0.5321844878294367,1.37744364435627,-0.5832626452327563,1.0,0.0,0.0,0.0,0.0,1.0,0.0,0.0,1.0,1,66.27,2.74
-1.2219634798856056,-1.5713970509219615,0.5782309992311635,-1.4115831383613895,1.733791050972124,-1.3073046218833415,-1.9971999192862993,1.37744364435627,-0.5832626452327563,0.0,0.0,1.0,1.0,0.0,0.0,1.0,0.0,0.0,1,64.37,2.49
1.74110657025609,1.584733535344921,0.910557701331888,-0.08452448373671102,0.8203771189359669,-0.9155103329275895,-0.480066947548974,-1.3269614165526378,-0.5832626452327563,0.0,0.0,1.0,0.0,0.0,1.0,0.0,1.0,0.0,1,89.67,3.6
0.10955047665069671,-0.13462096122059283,0.9573035689744633,0.5983448044570691,0.03901372509047057,-0.16401227846162053,0.433936888865903,0.4759752907199674,-0.5832626452327563,1.0,0.0,0.0,0.0,0.0,1.0,0.0,1.0,0.0,1,76.91,3.3
0.0885104700616213,-0.017240160272155566,-0.9675427460555794,1.7971430333947969,1.147529828216198,-1.0446622415235685,1.0827958662596164,0.4759752907199674,-0.5832626452327563,1.0,0.0,0.0,0.0,1.0,0.0,0.0,1.0,0.0,1,85.26,3.59
0.7426118505816809,0.20653497460643522,-0.18253142784253149,-0.5602289429914209,1.733791050972124,0.3500251002323785,-1.2493248512756907,-0.4254930629163352,0.7945231309076128,0.0,1.0,0.0,0.0,1.0,0.0,0.0,1.0,0.0,1,71.51,3.04
0.4828722899838704,-0.7793811936026654,1.2541936324134884,-1.5977685064976412,-1.4207280000031195,-0.2387641133120053,1.0952369414101784,-1.3269614165526378,-0.5832626452327563,1.0,0.0,0.0,1.0,0.0,0.0,1.0,0.0,0.0,0,62.99,2.46
0.2100078513913281,0.11048604973003366,1.1363238937618243,0.9091736688306828,-0.18807166541101375,0.011510697036682704,-0.6906551075866301,1.37744364435627,0.7945231309076128,1.0,0.0,0.0,1.0,0.0,0.0,0.0,1.0,0.0,1,84.92,3.29
-0.866441866776643,0.3859802500422213,-1.4005843176229065,-1.3868812941458957,-2.3753073282589776,1.1759023426848094,0.38659791562370927,1.37744364435627,-0.5832626452327563,0.0,0.0,1.0,0.0,1.0,0.0,1.0,0.0,0.0,1,75.87,2.75
0.4727473962896724,0.8152670280157,0.5286231146882346,-0.40005213352242003,0.236454593556784,-1.2158287456612242,-0.543536114590401,-1.3269614165526378,-0.5832626452327563,1.0,0.0,0.0,1.0,0.0,0.0,0.0,1.0,0.0,1,79.73,3.29
1.74110657025609,1.575504311343507,-2.0778733879685594,-0.21350466433023235,0.41193037422136236,0.4322017988985407,0.1943756950340239,1.37744364435627,-0.5832626452327563,0.0,0.0,1.0,0.0,1.0,0.0,1.0,0.0,0.0,1,68.15,2.42
1.4001956979911272,1.1508899400102988,0.18789524487934628,-0.017080916923700524,0.0009732754875009927,-0.013761080258196947,0.9510986894353032,-1.3269614165526378,0.7945231309076128,1.0,0.0,0.0,0.0,0.0,1.0,0.0,1.0,0.0,1,79.44,3.17
1.6631286463175896,1.525078182917829,1.2541936324134884,0.7757712672247901,-0.6241343601064332,-0.3430845597369388,-1.3081633236425472,1.37744364435627,-0.5832626452327563,0.0,0.0,1.0,1.0,0.0,0.0,0.0,1.0,0.0,1,83.36,3.25
-0.5700890093062246,-0.2403002179704604,-0.9251274527921552,-0.6586376366707661,-2.0411861789287387,0.9130786895985606,-0.7248108462959492,1.37744364435627,0.7945231309076128,1.0,0.0,0.0,0.0,1.0,0.0,1.0,0.0,0.0,0,68.06,2.77
-1.077761463710617,-1.5267645724525878,-0.7980646129600977,-0.23033638019600286,0.420198594946953,0.9066448618963558,0.1973526137216422,-1.3269614165526378,-0.5832626452327563,0.0,0.0,1.0,0.0,0.0,1.0,1.0,0.0,0.0,1,62.75,2.74
-0.1610672636215788,0.40087386520788615,0.9901878851052631,0.04076683731252223,1.5192168305903382,-0.9749109538282321,2.56081826944338,-1.3269614165526378,-0.5832626452327563,1.0,0.0,0.0,1.0,0.0,0.0,0.0,1.0,0.0,1,78.07,3.39
0.031555329597794717,0.3836632282612725,-1.5907171311314012,0.21198943306704085,-0.5596143321310382,-0.18711251190208705,-0.9202366717276371,1.37744364435627,0.7945231309076128,0.0,0.0,1.0,0.0,1.0,0.0,0.0,1.0,0.0,0,67.92,2.86
1.1335888886364185,1.3802357075231917,-0.5725483806645701,0.15789521685284932,0.48777739426179206,0.2904872790537841,2.175423517178199,1.37744364435627,-0.5832626452327563,1.0,0.0,0.0,0.0,0.0,1.0,0.0,1.0,0.0,1,84.64,3.23
-1.8236449545316284,-1.4244262193182182,0.8026881002080201,0.5112510160511023,-1.5521999144842944,-0.28074804461823566,2.1373472145276784,-0.4254930629163352,0.7945231309076128,1.0,0.0,0.0,0.0,0.0,1.0,1.0,0.0,0.0,0,64.66,2.58
1.5955970129778048,1.4627261570050556,-0.5742610743304384,0.9373880186478813,0.5052019194967391,0.6036251936360009,-0.10362092356786651,0.4759752907199674,-0.5832626452327563,0.0,0.0,1.0,0.0,0.0,1.0,1.0,0.0,0.0,1,88.38,3.36
-0.19526056302851627,0.1584546200332177,-0.128621463064002,0.46593286934649597,-0.3588512477973674,0.2904670105898052,-0.3177674454397071,-1.3269614165526378,-0.5832626452327563,1.0,0.0,0.0,0.0,0.0,1.0,0.0,1.0,0.0,1,77.07,2.95
-0.480592085688139,-0.1380599551163716,0.9679861475428712,0.529619730085863,-0.7337256465454013,1.7184816988697145,-0.7377756659584258,-1.3269614165526378,0.7945231309076128,0.0,0.0,1.0,1.0,0.0,0.0,1.0,0.0,0.0,1,75.69,3.12
-1.1016382687302217,-1.1521531586203408,0.6070138335506368,-1.5975545076254678,-0.731638834633738,-1.5766241104212464,-0.07258394329910275,0.4759752907199674,2.1723089070479817,0.0,0.0,1.0,1.0,0.0,0.0,0.0,1.0,0.0,0,63.67,2.35
-1.7837349262362276,-1.8733532730483335,0.43390301061859643,0.10815951300863864,-0.3590841597371026,-0.1255541154940813,-1.499773626537315,-0.4254930629163352,-0.5832626452327563,0.0,1.0,0.0,0.0,0.0,1.0,0.0,1.0,0.0,0,61.08,2.35
0.8459781332660663,0.8251652287999169,-0.24402923838891544,0.5567051153450293,0.429239033924844,-0.935756265387476,-0.08115282375146576,1.37744364435627,0.7945231309076128,0.0,0.0,1.0,0.0,0.0,1.0,0.0,1.0,0.0,1,78.71,2.93
0.05022529624868689,0.7999883554848947,0.5494119564441556,0.8173331544821406,-1.2921687635838637,0.6232973429797386,1.596180961968888,1.37744364435627,-0.5832626452327563,1.0,0.0,0.0,1.0,0.0,0.0,1.0,0.0,0.0,1,74.75,3.12
-1.3965030364106121,-1.842548474226889,-0.003049285620312134,-0.6677453181550284,-0.36264334430386475,-1.6661848463710338,-0.6514308355551474,-0.4254930629163352,0.7945231309076128,0.0,0.0,1.0,0.0,1.0,0.0,1.0,0.0,0.0,0,54.12,2.09
-1.401934185584559,-1.9569071033371348,0.6475813400149537,-0.6329388240253474,-0.0013729296973659898,0.35758718865996525,-0.25653477357005966,-0.4254930629163352,-0.5832626452327563,0.0,0.0,1.0,1.0,0.0,0.0,1.0,0.0,0.0,1,67.3,2.25
-0.38391949460692143,-0.25539268205161314,-0.4205882980991159,-0.5441882445961767,-1.0756728180247344,-0.6487524455468396,-1.8136991903866593,0.4759752907199674,-0.5832626452327563,0.0,1.0,0.0,0.0,1.0,0.0,0.0,1.0,0.0,1,62.43,2.82
1.74110657025609,1.584733535344921,-0.06887589689234902,0.6161653810769607,1.733791050972124,-0.7560626112262346,0.3989793964559471,0.4759752907199674,-0.5832626452327563,1.0,0.0,0.0,0.0,0.0,1.0,0.0,1.0,0.0,1,87.86,3.72
-0.30306217489085663,-0.1782599717847746,-0.9721902631319329,1.1359584841118782,-0.8262441710585271,-1.4902707425290147,0.2821396160669812,1.37744364435627,-0.5832626452327563,0.0,0.0,1.0,0.0,0.0,1.0,0.0,1.0,0.0,1,72.82,2.51
-1.6227344584011265,-1.3361988716023023,0.09621717516930285,-0.37006897450619786,-0.6392734979280175,-0.4787145945014272,0.0680592551573138,-0.4254930629163352,-0.5832626452327563,0.0,0.0,1.0,0.0,0.0,1.0,0.0,1.0,0.0,0,78.98,3.31
-0.2883662017855726,-0.3550049171700265,-0.7719715318392211,1.0043886053632451,-0.9530313776484057,1.1184405544792781,-0.23105439750823079,-0.4254930629163352,-0.5832626452327563,0.0,0.0,1.0,0.0,0.0,1.0,1.0,0.0,0.0,1,75.99,3.34
-0.3169982468624618,0.4400078999360525,-1.11102184536786,0.18469912205614453,1.733791050972124,-0.02532089809130092,-0.31201546124528917,1.37744364435627,-0.5832626452327563,0.0,0.0,1.0,0.0,1.0,0.0,0.0,1.0,0.0,1,62.85,2.48
-2.8895499720096316,-3.364261479788046,0.42477660269839645,-0.0741859955626962,0.6024080905172263,0.6475940969003399,0.5352864406014024,1.37744364435627,3.550094683188351,0.0,0.0,1.0,0.0,0.0,1.0,1.0,0.0,0.0,0,59.76,2.42
-0.0851990153960378,-0.4615741774242668,0.37339933054732405,-0.16519336060646078,-0.9106554198074517,1.716394682715186,-0.030588813409641615,1.37744364435627,-0.5832626452327563,1.0,0.0,0.0,0.0,0.0,1.0,1.0,0.0,0.0,1,70.89,2.77
-0.27265120315610014,-0.2833362965807844,1.0112706811731593,0.8357963483211965,1.1644889457443133,0.2724952039004558,0.3359746280164434,1.37744364435627,-0.5832626452327563,0.0,0.0,1.0,0.0,0.0,1.0,1.0,0.0,0.0,1,100.0,4.0
0.7112421393825799,-0.1327065718329998,-0.3469634034445907,0.3958671347309122,0.24462907441894036,-0.5753159393827432,0.22936159517989774,1.37744364435627,-0.5832626452327563,0.0,0.0,1.0,0.0,1.0,0.0,1.0,0.0,0.0,1,75.9,3.24
1.74110657025609,1.5004673000722832,0.5919174707033108,1.7971430333947969,0.30207858925520287,0.4822400573560524,1.1979878207506969,0.4759752907199674,2.1723089070479817,1.0,0.0,0.0,0.0,0.0,1.0,1.0,0.0,0.0,1,97.69,3.67
1.1679440575153792,1.584733535344921,0.7516216408501649,-0.8347942046956932,-0.3091724005378236,-0.5603671959920354,0.7219797542373012,1.37744364435627,-0.5832626452327563,1.0,0.0,0.0,1.0,0.0,0.0,0.0,1.0,0.0,1,83.83,3.21
-0.3129286258075249,-0.2602239540095324,0.633001234637326,0.5970313456869847,-0.7205179706296324,-0.5192694459089533,0.2057751718349015,-0.4254930629163352,-0.5832626452327563,1.0,0.0,0.0,1.0,0.0,0.0,1.0,0.0,0.0,1,70.0,2.82
-1.2018395635749808,-0.9624457672099349,-0.7883652466978319,-0.49727351624707966,0.3838651090717746,-1.5659188688474983,1.619149796366516,-1.3269614165526378,-0.5832626452327563,1.0,0.0,0.0,0.0,0.0,1.0,1.0,0.0,0.0,0,60.51,2.48
1.74110657025609,0.9808854774741839,0.3024933244358449,-0.8526222937234225,-0.5129563994926242,0.9553387723515315,0.4482468772612634,0.4759752907199674,-0.5832626452327563,0.0,0.0,1.0,0.0,1.0,0.0,1.0,0.0,0.0,1,81.82,3.35
0.03526269790230719,-0.25113562237098364,0.5427876870267448,0.04432278697182192,1.733791050972124,-0.39721333087253796,1.3915494052253339,-0.4254930629163352,-0.5832626452327563,1.0,0.0,0.0,1.0,0.0,0.0,1.0,0.0,0.0,1,70.59,2.79
-0.0127986977736254,-0.17897719108948118,0.14341536329645732,0.19919438720027752,-1.2486183611532289,0.18833063285463586,0.6472875615474578,-1.3269614165526378,-0.5832626452327563,0.0,0.0,1.0,0.0,0.0,1.0,1.0,0.0,0.0,1,80.2,3.03
-0.05318247371981645,-0.1879031383922177,-2.1989872231189103,1.7971430333947969,1.601216277791251,-1.067129235606631,-1.9638039607211204,0.4759752907199674,-0.5832626452327563,0.0,1.0,0.0,0.0,1.0,0.0,0.0,1.0,0.0,1,75.19,3.2
0.182629355040414,0.7914384246296232,0.31494135865961154,-0.13673250713780277,-0.07232509506988982,0.44997428627321845,1.3914130050706115,1.37744364435627,-0.5832626452327563,1.0,0.0,0.0,0.0,1.0,0.0,1.0,0.0,0.0,1,84.9,3.15
-0.18077768201832614,0.11634641998833765,1.2541936324134884,-1.125222659428459,0.3445727575795049,-0.7846949296182669,0.1442680697324826,0.4759752907199674,-0.5832626452327563,0.0,0.0,1.0,1.0,0.0,0.0,0.0,1.0,0.0,1,75.74,2.93
-0.6363578246768671,-1.0949065078091156,-0.2674313671734175,0.3409408639561439,0.8870946807636747,-0.14541860333505818,-0.05525981791947349,1.37744364435627,-0.5832626452327563,0.0,0.0,1.0,0.0,0.0,1.0,1.0,0.0,0.0,1,76.81,3.08
-0.6079140811377132,-0.4185083555723337,-0.6791956260551151,-2.1120706735076347,-0.5994658672610247,0.9054202580748832,0.3001236450509527,1.37744364435627,-0.5832626452327563,0.0,0.0,1.0,0.0,0.0,1.0,1.0,0.0,0.0,0,67.72,2.81
-0.06233880795312795,0.1948100348825061,0.5530899808683652,-0.04040610028844381,0.91867720311653,0.8156802157627695,-0.36770047213583673,1.37744364435627,2.1723089070479817,0.0,0.0,1.0,1.0,0.0,0.0,1.0,0.0,0.0,0,82.59,3.25
-0.6042696975028231,0.013000919888428525,0.4848757683998811,0.07242211765185962,-2.70962661545001,-0.022065304115246192,0.24220565278665182,-1.3269614165526378,0.7945231309076128,0.0,0.0,1.0,0.0,1.0,0.0,1.0,0.0,0.0,1,72.04,3.03
-0.7840613626517828,0.06166165497999045,1.2541936324134884,0.8859390773511919,-0.6906259424048018,-1.8217790849547544,-0.6309493003114295,0.4759752907199674,-0.5832626452327563,1.0,0.0,0.0,1.0,0.0,0.0,0.0,1.0,0.0,1,68.52,2.99
0.08536443512252219,-0.3969550599057674,-1.2719309514319226,1.0729953092022462,-0.897927988544321,1.7184816988697145,1.3588258250618965,1.37744364435627,-0.5832626452327563,1.0,0.0,0.0,0.0,1.0,0.0,1.0,0.0,0.0,1,78.36,3.01
-0.2981655990929089,-0.6454483152166891,0.9536592784031204,-0.4704918079911759,-1.2325835223686978,1.7184816988697145,-0.12097618707963506,-0.4254930629163352,-0.5832626452327563,0.0,0.0,1.0,0.0,0.0,1.0,1.0,0.0,0.0,1,86.37,3.53
1.5684752585186306,0.826224534538723,0.7959538997852924,-0.10169582432670012,-0.17760077472177238,0.7455052413893016,-0.40779208665470024,0.4759752907199674,-0.5832626452327563,1.0,0.0,0.0,1.0,0.0,0.0,1.0,0.0,0.0,1,82.35,3.34
-2.840822461374151,-2.6652704209272207,-0.02365088555306029,-0.7448261186204669,0.4326081612655222,-0.775689195522447,-0.986062609320797,-0.4254930629163352,-0.5832626452327563,0.0,1.0,0.0,0.0,0.0,1.0,0.0,1.0,0.0,0,68.55,2.67
1.1307398874132228,1.256991729725219,0.5143106505684775,-1.1230115124395819,0.7545322251124524,-0.11643874383366547,0.2867181919511513,-1.3269614165526378,-0.5832626452327563,0.0,0.0,1.0,0.0,0.0,1.0,0.0,1.0,0.0,1,74.08,2.58
1.2947803272311202,1.584733535344921,1.2541936324134884,0.3794802545197648,0.28544281981227626,-0.5594645911844811,0.19963919412595812,-1.3269614165526378,2.1723089070479817,0.0,0.0,1.0,1.0,0.0,0.0,0.0,1.0,0.0,1,79.7,3.26
-2.2278878980850667,-2.035995431124575,1.1113388529415442,-1.2750654676388329,-0.6354708217238034,1.3033029468922628,0.41429339678799676,0.4759752907199674,0.7945231309076128,0.0,0.0,1.0,1.0,0.0,0.0,1.0,0.0,0.0,0,63.74,2.64
-0.39124493161957813,-0.49422368833699065,-1.1434369616128264,-0.37755740802440846,0.4156098791679802,0.27120404682894556,-1.0951674803434195,-1.3269614165526378,-0.5832626452327563,0.0,0.0,1.0,0.0,1.0,0.0,0.0,1.0,0.0,1,64.27,2.79
-0.4217582580899138,-0.29579498542322213,1.0529848840410985,-0.9841589783444348,0.16700709670757088,-0.8075998800058418,-1.707117908942284,-1.3269614165526378,-0.5832626452327563,0.0,1.0,0.0,1.0,0.0,0.0,0.0,1.0,0.0,1,61.7,2.4
-1.5212493885656573,-1.761632592227961,0.06300979279284973,0.6300301829690501,0.9916211025962943,-0.48456812188240134,0.6671716764282918,0.4759752907199674,2.1723089070479817,1.0,0.0,0.0,0.0,1.0,0.0,0.0,1.0,0.0,1,76.33,2.92
-0.8530092875535211,0.24329851056946808,0.21691626650808588,1.7971430333947969,0.8299841081469221,1.1562546344837927,1.5831317914429501,-0.4254930629163352,2.1723089070479817,1.0,0.0,0.0,0.0,1.0,0.0,1.0,0.0,0.0,1,89.0,3.38
-1.2061374063322114,-1.8472367139755586,0.2172775222830106,-1.3043246298198747,0.07171359995914305,1.64986892951508,-1.0942097078243425,1.37744364435627,2.1723089070479817,0.0,1.0,0.0,0.0,1.0,0.0,1.0,0.0,0.0,0,72.93,2.32
1.74110657025609,1.584733535344921,-0.032709273672918135,-1.880502911847648,-0.870694012585648,1.5758991121557133,1.6948738644713877,0.4759752907199674,-0.5832626452327563,1.0,0.0,0.0,0.0,1.0,0.0,1.0,0.0,0.0,1,77.1,3.0
0.965372806757017,1.584733535344921,1.2541936324134884,-0.07481408102913767,-0.6225258927298771,0.7809173968187696,0.3028561283288792,0.4759752907199674,-0.5832626452327563,0.0,0.0,1.0,1.0,0.0,0.0,1.0,0.0,0.0,1,72.32,3.45
1.321809301614618,1.2093313256209945,0.04171956781165848,0.07207993397641965,-0.5177329244947304,-0.2597403539131343,-0.007393998362497457,1.37744364435627,-0.5832626452327563,0.0,0.0,1.0,0.0,0.0,1.0,0.0,1.0,0.0,1,80.81,3.49
0.7382666532076458,0.5880217974014741,-1.117174938196329,0.2841502031948516,-0.279499362021598,-3.340401075773737,-0.42374831772829546,-0.4254930629163352,-0.5832626452327563,0.0,0.0,1.0,0.0,1.0,0.0,0.0,0.0,1.0,1,57.65,2.11
-1.2257442864101398,-1.2658627690249344,-0.3049009578862909,-0.41067340803593827,0.31304642198481664,0.3069253030495589,-1.476101435527818,1.37744364435627,-0.5832626452327563,0.0,1.0,0.0,0.0,0.0,1.0,0.0,1.0,0.0,0,70.44,2.71
-0.5842080040000375,-0.6016608081708089,0.33530939141934946,-0.15396620527368768,0.7672446148265378,-0.0012437230973189684,1.0532994078353421,1.37744364435627,-0.5832626452327563,1.0,0.0,0.0,0.0,1.0,0.0,0.0,1.0,0.0,0,73.88,2.85
0.4917496807221391,1.1143036090121805,1.2541936324134884,0.43968163143675293,-0.011172474642341411,0.1449213361591436,-0.8268511833739044,-0.4254930629163352,0.7945231309076128,0.0,0.0,1.0,0.0,0.0,1.0,0.0,1.0,0.0,1,84.05,3.64
-1.3245177245247972,-2.2436661470421986,0.8101321529219823,1.1428022735736303,0.05713490780923022,0.056193414265580985,-0.8313297560578508,-0.4254930629163352,0.7945231309076128,0.0,0.0,1.0,1.0,0.0,0.0,0.0,1.0,0.0,1,66.72,3.11
0.729062086062605,1.4055661210838823,-0.8162030152749008,-1.9871122410574398,0.1863286439300648,-1.3663429365547544,1.057775293216741,1.37744364435627,-0.5832626452327563,1.0,0.0,0.0,0.0,0.0,1.0,1.0,0.0,0.0,1,74.56,3.0
-0.28261690794351585,-0.9251927519558742,1.2541936324134884,-0.32981952791792185,-0.4833127771117051,0.5751645870539527,-1.9990763948475567,1.37744364435627,0.7945231309076128,0.0,0.0,1.0,1.0,0.0,0.0,1.0,0.0,0.0,0,72.12,2.94
-0.4253450937163155,-0.4995288219834579,0.4316171871378371,0.27908200304826214,-0.8992784729181929,0.6522692646077095,-1.6243948510827082,0.4759752907199674,-0.5832626452327563,0.0,1.0,0.0,0.0,0.0,1.0,1.0,0.0,0.0,1,71.9,2.98
0.7268988451021594,0.46313283983768155,1.2541936324134884,-0.9034965419562478,-1.7424567883298756,0.7039307083019679,-0.019198780740019596,-0.4254930629163352,0.7945231309076128,0.0,0.0,1.0,1.0,0.0,0.0,1.0,0.0,0.0,1,66.23,2.65
0.44387706661036935,0.6952506153372661,-0.03435554022758862,1.7971430333947969,-0.6653927551770106,0.9762821813983988,0.31285045662019734,-1.3269614165526378,-0.5832626452327563,1.0,0.0,0.0,0.0,1.0,0.0,1.0,0.0,0.0,1,95.1,3.86
-0.41064237718735713,-1.1242682368132864,0.7321114724393422,-0.60824896008388,0.5213863854592837,0.6232398188390339,0.5169836856475172,-0.4254930629163352,-0.5832626452327563,0.0,0.0,1.0,1.0,0.0,0.0,1.0,0.0,0.0,1,70.84,2.84
1.2027144392350442,1.3199850662647026,1.0745894530656983,0.012531761430434106,-0.6732776439039194,-0.4219778941172389,-0.3216549471659852,1.37744364435627,-0.5832626452327563,1.0,0.0,0.0,0.0,0.0,1.0,0.0,1.0,0.0,1,80.92,3.33
-1.17481835870337,-0.07857864776012619,1.2541936324134884,0.6366535790111126,-0.20081453313216321,-0.07237065774991816,2.698135968683895,1.37744364435627,-0.5832626452327563,1.0,0.0,0.0,0.0,0.0,1.0,0.0,1.0,0.0,1,79.48,2.78
0.6260578219913018,-0.07545714173879906,1.2541936324134884,-0.5621435680747476,0.5145659905498229,0.09456397971068596,-0.24285296322455863,1.37744364435627,-0.5832626452327563,1.0,0.0,0.0,0.0,0.0,1.0,1.0,0.0,0.0,1,96.38,3.76
0.6018257294806618,0.6467712102041977,1.1112064083101025,-1.8737682105239832,0.5696826529166243,0.11164747262033366,-0.2459382485511934,1.37744364435627,-0.5832626452327563,1.0,0.0,0.0,1.0,0.0,0.0,0.0,1.0,0.0,1,75.66,2.79
-0.35607512979793915,-0.6264071197393042,-0.2171380362955124,-0.39221458358292066,-1.0558578230350748,1.0295084242628088,-0.8496478728001754,-1.3269614165526378,3.550094683188351,1.0,0.0,0.0,0.0,0.0,1.0,1.0,0.0,0.0,1,68.13,2.86
0.3185157479981712,0.5040922170851349,-0.5042909388650603,1.1313186988930746,1.0535894610465857,0.6640733428057072,0.13225207888869508,-0.4254930629163352,-0.5832626452327563,0.0,0.0,1.0,0.0,0.0,1.0,1.0,0.0,0.0,1,87.96,3.36
-1.3552777781673548,-1.2023857485647784,0.5075085034205664,-0.2963370912814047,1.1859416058345562,1.7184816988697145,0.6558373952794623,-1.3269614165526378,-0.5832626452327563,1.0,0.0,0.0,0.0,0.0,1.0,1.0,0.0,0.0,1,83.78,3.04
0.9530082251566419,0.5656258144328798,1.1793766773196883,-0.8287439970279131,-1.1069709251697089,1.7184816988697145,1.2834483391800098,-1.3269614165526378,-0.5832626452327563,1.0,0.0,0.0,1.0,0.0,0.0,1.0,0.0,0.0,1,82.84,2.96
-0.2238010596554176,0.044036815762088344,-0.11379803411724614,1.022893307911965,-0.7961163130511592,0.08273635440405208,-1.587808134030147,1.37744364435627,-0.5832626452327563,0.0,0.0,1.0,0.0,1.0,0.0,1.0,0.0,0.0,1,74.23,3.06
-0.582300744652093,0.35111285160182304,1.2541936324134884,-0.2899421892121333,1.2506906797737933,-3.9538162133232104,-0.26215499835434264,-1.3269614165526378,-0.5832626452327563,1.0,0.0,0.0,1.0,0.0,0.0,0.0,0.0,1.0,1,74.18,2.78
1.0856408829320365,0.9013154619109389,1.2541936324134884,-0.4773788105465206,-0.10842198399929161,1.2754497369018263,0.4764332048975278,1.37744364435627,0.7945231309076128,1.0,0.0,0.0,0.0,0.0,1.0,1.0,0.0,0.0,1,82.52,3.27
-0.7750388377112857,-0.3426616993161442,-0.8898046216652321,0.21184119828998263,-2.214143455358088,-0.5563270336956367,0.6260851605024624,1.37744364435627,-0.5832626452327563,1.0,0.0,0.0,0.0,1.0,0.0,1.0,0.0,0.0,0,68.74,3.07
-1.5222571175336304,-1.9820702545160687,-0.8009708980267233,0.8610185263643766,-1.3810717494169023,-0.825451744030188,0.007119289690882181,1.37744364435627,-0.5832626452327563,0.0,0.0,1.0,0.0,1.0,0.0,0.0,1.0,0.0,0,62.6,2.58
-1.6794946945824532,-1.9626629942589466,-0.021668938908933396,1.7971430333947969,-0.21256005987431992,-0.41003807467800363,0.5784947539283893,-1.3269614165526378,0.7945231309076128,0.0,0.0,1.0,0.0,1.0,0.0,1.0,0.0,0.0,0,68.61,2.64
0.6155245939606413,0.7946071889159718,0.47954403391807454,0.9200394685957826,-1.1406888823563002,-0.45971572570581887,-0.8624185525412598,1.37744364435627,-0.5832626452327563,0.0,0.0,1.0,0.0,0.0,1.0,1.0,0.0,0.0,1,80.9,3.0
-1.3863880410214817,-0.5284947560438491,-0.45150658888505796,1.2675703358340649,-0.3792098094760097,0.6317103170929474,1.6612488564705528,-1.3269614165526378,-0.5832626452327563,1.0,0.0,0.0,0.0,1.0,0.0,1.0,0.0,0.0,1,84.37,3.46
1.74110657025609,1.584733535344921,1.2541936324134884,-0.4729959447646759,0.07366377408535066,-1.6066759881534176,1.058523578023366,-0.4254930629163352,0.7945231309076128,1.0,0.0,0.0,1.0,0.0,0.0,0.0,1.0,0.0,1,86.5,3.43
-2.236949776324172,-2.1577964359676804,0.6098341041735261,-1.0162306543725783,1.5261448561329882,-1.1101702283514991,-1.4338884675130388,1.37744364435627,-0.5832626452327563,0.0,1.0,0.0,0.0,0.0,1.0,0.0,1.0,0.0,1,65.94,2.75
1.74110657025609,1.584393989699184,0.17951776209121018,0.12080636609953066,-0.25429437141863936,0.354336186456211,-1.1461886386435276,0.4759752907199674,-0.5832626452327563,0.0,0.0,1.0,0.0,0.0,1.0,0.0,1.0,0.0,1,79.44,2.7
0.19635370247292266,-0.4094804239978637,-1.471125344322975,0.16765725250298927,1.1302661595204337,0.6427122819425545,-1.1161404130940373,0.4759752907199674,2.1723089070479817,0.0,0.0,1.0,0.0,1.0,0.0,1.0,0.0,0.0,1,67.86,2.94
-0.13021378006519974,0.18444719810407428,-1.3367633507149912,-1.0712379410111585,1.4921204774364185,0.6618809233386479,0.7230202764897107,0.4759752907199674,-0.5832626452327563,1.0,0.0,0.0,0.0,1.0,0.0,1.0,0.0,0.0,1,76.0,2.7
-0.6058554837111109,-0.11197190914489973,0.44977987438807826,-0.1274839823769873,1.4977577870081633,-0.8105604962636054,-1.3697003737682438,0.4759752907199674,-0.5832626452327563,0.0,0.0,1.0,0.0,0.0,1.0,0.0,1.0,0.0,1,77.5,3.0
0.3959875289295997,0.15334484401744602,-2.2505844485240534,0.4729163051920886,0.33001487492640497,-1.0076614319689787,-0.3528169133848717,0.4759752907199674,3.550094683188351,0.0,0.0,1.0,0.0,1.0,0.0,0.0,1.0,0.0,0,62.63,2.78
-0.06751904396485804,-0.27384261777098645,1.2541936324134884,0.43224520966423335,-1.9535965846268408,-0.5215495189484074,0.4849640188588705,-1.3269614165526378,-0.5832626452327563,1.0,0.0,0.0,1.0,0.0,0.0,1.0,0.0,0.0,1,79.97,2.75
1.1432569186939028,1.1722292153317966,-0.041560014887628796,0.582597542008166,0.5088708658016643,0.24787906553055286,-0.07041242907301822,-0.4254930629163352,-0.5832626452327563,0.0,0.0,1.0,0.0,0.0,1.0,0.0,1.0,0.0,1,79.94,3.18
0.09363915434015771,-0.11233576504831039,1.2541936324134884,0.3597006390473176,1.1057422833440544,1.5317291095890937,0.2761748496823114,-1.3269614165526378,0.7945231309076128,1.0,0.0,0.0,1.0,0.0,0.0,1.0,0.0,0.0,1,85.14,3.35
0.13192144736845057,0.09981496859705388,1.2541936324134884,-0.4740851898724062,-0.04159471978983822,-2.1096611400038356,-1.1362721821058148,1.37744364435627,0.7945231309076128,0.0,0.0,1.0,1.0,0.0,0.0,0.0,0.0,1.0,0,73.64,2.94
-0.4134503942275362,0.6451365682159945,-0.06762293627187281,-0.48128646351146376,1.733791050972124,-0.22686489404562948,0.6343985167870074,-0.4254930629163352,-0.5832626452327563,0.0,0.0,1.0,0.0,1.0,0.0,1.0,0.0,0.0,1,80.61,3.3
-0.08801203160422386,-0.18548407384180818,0.016413165561032186,-1.1970817930551267,0.9141925301816836,-1.3729562230359773,-0.6536985617436795,-0.4254930629163352,-0.5832626452327563,0.0,0.0,1.0,0.0,0.0,1.0,0.0,1.0,0.0,1,76.25,3.05
0.2990623960552782,0.11073670965160232,1.2492501878311992,1.7971430333947969,0.6180193882446109,-1.7023324579135766,-0.34598796382848296,-0.4254930629163352,0.7945231309076128,0.0,0.0,1.0,1.0,0.0,0.0,0.0,1.0,0.0,1,85.56,3.15
-1.842432405921,-1.9617927363646461,1.2541936324134884,0.06973163962681249,1.1443240253054767,0.9972875659556744,0.2536175535822065,-0.4254930629163352,0.7945231309076128,0.0,0.0,1.0,1.0,0.0,0.0,1.0,0.0,0.0,1,77.35,3.11
-1.4582916170186513,-0.9479878743313318,-1.6972586202115634,-0.17926665726118893,0.37939930546809847,0.5619880813780563,0.1100436511602608,0.4759752907199674,-0.5832626452327563,0.0,0.0,1.0,0.0,1.0,0.0,1.0,0.0,0.0,1,55.91,2.23
0.7611803814907672,0.6129387358632409,-1.8632300065335703,-0.9147979316219466,-2.491495827563097,0.4638742473015581,0.02570542696253362,1.37744364435627,-0.5832626452327563,0.0,0.0,1.0,0.0,1.0,0.0,1.0,0.0,0.0,0,71.69,2.86
0.15374387444343893,-0.15995576435189848,-0.5605544906957778,1.7971430333947969,-0.4662811442639195,0.9499464867667169,-0.8002168233958931,-0.4254930629163352,-0.5832626452327563,0.0,0.0,1.0,0.0,0.0,1.0,1.0,0.0,0.0,1,75.13,3.42
-0.22282601767761973,0.4442827100103782,0.7873564318883977,-1.0658205460618968,1.2568641773707045,-0.4938071467220917,-0.31925686993359503,-0.4254930629163352,0.7945231309076128,1.0,0.0,0.0,1.0,0.0,0.0,1.0,0.0,0.0,1,80.79,3.5
-0.008018317073977346,0.6853751464202983,0.6912909720103538,-0.3924166618587261,-0.7796137527360412,-0.44528016511141694,0.002465049963090843,0.4759752907199674,0.7945231309076128,0.0,0.0,1.0,0.0,0.0,1.0,1.0,0.0,0.0,1,78.04,3.49
0.34127735482713784,0.032858382015781694,1.2541936324134884,0.4901769104570503,-0.1862532052656932,1.7184816988697145,-1.4660437551137078,-1.3269614165526378,2.1723089070479817,0.0,1.0,0.0,1.0,0.0,0.0,1.0,0.0,0.0,1,81.0,3.31
-0.6003802579566971,-1.4242373217005542,-1.2068490944993153,0.6828277005385036,-1.0206123289500795,-0.25350066118734194,-0.49303760292954263,-1.3269614165526378,0.7945231309076128,0.0,0.0,1.0,0.0,1.0,0.0,0.0,1.0,0.0,0,72.97,3.28
-0.853527199292889,-0.2756559416560962,-2.455939979193107,1.0566009509933678,1.733791050972124,0.7583450219604255,0.4134993256785171,-1.3269614165526378,-0.5832626452327563,0.0,0.0,1.0,0.0,1.0,0.0,1.0,0.0,0.0,1,83.05,3.15
0.1802527640268026,-0.15291042746412636,1.0953385500803312,1.7971430333947969,1.733791050972124,0.007218668279308569,-1.361926193267096,1.37744364435627,-0.5832626452327563,0.0,1.0,0.0,1.0,0.0,0.0,1.0,0.0,0.0,1,87.85,3.44
-1.065841881649862,-0.5713227244193151,-0.7912099209985982,0.5845512593813454,-0.8570981431005814,-1.9043668416377075,1.2333385637169045,-1.3269614165526378,0.7945231309076128,1.0,0.0,0.0,0.0,0.0,1.0,0.0,0.0,1.0,1,61.88,2.36
0.4056622210836605,-0.5653225773650412,-2.1229195884431795,-1.04774702716237,0.19038349445027025,-2.1067667347519006,1.3538581842301811,-0.4254930629163352,0.7945231309076128,1.0,0.0,0.0,0.0,1.0,0.0,0.0,0.0,1.0,0,64.17,2.47
-1.8343833349870404,-1.2165170578314528,0.2976827381432465,-0.21279899427981006,-0.650505573953639,-0.5961203428936936,-1.3275013116433232,0.4759752907199674,-0.5832626452327563,0.0,1.0,0.0,0.0,0.0,1.0,0.0,1.0,0.0,1,61.22,2.46
1.06457201015704,0.39339455125925243,1.0227966054611357,0.37732528839960505,0.6654290656024511,1.089169295677355,1.4476947161088145,0.4759752907199674,-0.5832626452327563,1.0,0.0,0.0,1.0,0.0,0.0,1.0,0.0,0.0,1,81.57,3.3
0.47394563794737876,0.7905499100372482,-0.0011746664452402455,1.7971430333947969,0.5585020942344434,0.8131367925102273,-0.1529566410755767,-1.3269614165526378,2.1723089070479817,0.0,0.0,1.0,0.0,1.0,0.0,1.0,0.0,0.0,1,86.24,3.54
0.2441212749973591,0.2396697575944652,-0.37686114738719345,-1.4048602935498078,0.8653030770358882,0.9427844569909026,0.4463767120499603,0.4759752907199674,-0.5832626452327563,0.0,0.0,1.0,0.0,0.0,1.0,1.0,0.0,0.0,1,83.27,3.68
1.0152631474269722,0.47212566075405504,-0.04291197073752499,1.3122248580678562,0.3779249383438006,-1.0167115617212623,-0.5294159108954748,-0.4254930629163352,-0.5832626452327563,0.0,0.0,1.0,0.0,0.0,1.0,0.0,1.0,0.0,1,81.83,2.97
1.7398413693618902,1.3885465477371346,-0.27922752915192767,0.2436664226356993,1.733791050972124,1.6661279223141303,0.9843306163096169,-1.3269614165526378,-0.5832626452327563,1.0,0.0,0.0,0.0,1.0,0.0,1.0,0.0,0.0,1,92.24,3.45
1.0488813786283335,1.2884675111500392,-1.3728240337759743,0.9311093660288993,-1.0034321959515342,-0.9938784941721881,0.4331333477271908,-0.4254930629163352,-0.5832626452327563,0.0,0.0,1.0,0.0,1.0,0.0,0.0,1.0,0.0,1,80.8,2.74
-1.9811390525523316,-1.7260234972028312,-0.6642075816939886,-0.05089452917383319,-1.6969128898665948,0.2200002109514868,-0.8679516961890144,1.37744364435627,-0.5832626452327563,1.0,0.0,0.0,0.0,0.0,1.0,0.0,1.0,0.0,0,60.38,2.25
-1.3854834787487846,-0.9587992132447972,0.7185969911478628,-0.8245627337258409,-0.35855452930256654,-0.010028963278946874,-1.2422563792412522,-0.4254930629163352,0.7945231309076128,0.0,1.0,0.0,0.0,0.0,1.0,1.0,0.0,0.0,0,61.15,2.36
-0.6906458080056825,0.33573176673637356,0.4952810679688505,0.8402490121792473,-1.5520413976928702,-0.17857130902348478,-1.5569063444367297,-0.4254930629163352,-0.5832626452327563,0.0,0.0,1.0,0.0,0.0,1.0,0.0,1.0,0.0,1,66.33,2.51
0.00010750999598331705,-0.7370906734485166,0.3234109509994091,0.7394790273053701,-1.4753204577133123,1.3803338693263147,0.2005291652672718,-0.4254930629163352,-0.5832626452327563,0.0,0.0,1.0,0.0,0.0,1.0,1.0,0.0,0.0,1,78.62,2.92
0.5217654974056055,1.2585052435589739,-0.9779976561885061,1.071359776771313,-0.9764020856088107,-0.7261192638143164,0.6105327502451888,-0.4254930629163352,-0.5832626452327563,0.0,0.0,1.0,0.0,1.0,0.0,1.0,0.0,0.0,1,84.04,3.38
-0.7977489115298757,-0.6580602576954963,-0.06768345591479775,0.04177589555421445,-0.8960244384505226,-1.3904027638443064,0.6942270299879008,1.37744364435627,0.7945231309076128,1.0,0.0,0.0,0.0,0.0,1.0,0.0,1.0,0.0,1,74.56,2.91
0.17061855791005182,-0.2642297351577098,-2.3003372631536116,-0.5710639471923021,-0.9289667177467691,0.021250620282212602,-0.12566019004733567,-1.3269614165526378,2.1723089070479817,0.0,0.0,1.0,0.0,1.0,0.0,1.0,0.0,0.0,0,62.37,2.32
-0.8292023100543308,-1.3739328987387975,0.33506543171196074,-1.5730665383199092,0.5671730188727853,-0.4114619507260968,-1.2335072419295376,-0.4254930629163352,0.7945231309076128,0.0,1.0,0.0,0.0,1.0,0.0,0.0,1.0,0.0,0,72.18,2.92
-0.6765308619906051,-0.6892187245655426,1.2541936324134884,0.911823750813439,-0.47344279811104745,1.7184816988697145,-0.7271234308597133,-1.3269614165526378,2.1723089070479817,1.0,0.0,0.0,1.0,0.0,0.0,1.0,0.0,0.0,1,91.94,3.56
-1.5203467236249033,-0.9189941195410157,-1.513889165546672,0.49859095325711006,-0.1415997887517233,0.697920356481938,1.228825126532955,0.4759752907199674,-0.5832626452327563,1.0,0.0,0.0,0.0,1.0,0.0,1.0,0.0,0.0,1,78.29,3.36
-1.0073271313579768,-0.95845164330499,-0.520157484273415,-0.9534485908798148,0.9491359948671494,-0.42126790755481863,-0.5165969691708607,-0.4254930629163352,-0.5832626452327563,1.0,0.0,0.0,0.0,1.0,0.0,0.0,1.0,0.0,1,76.54,3.03
-1.4620049936789905,-0.5838266507777379,0.5035918512597224,-0.5070668177491783,-0.7376919974554009,-1.0878975569456524,0.1530554267096913,-0.4254930629163352,-0.5832626452327563,0.0,0.0,1.0,0.0,1.0,0.0,0.0,1.0,0.0,1,74.02,2.89
-1.063189355303815,-1.643157714380377,1.2541936324134884,-0.43202895998313257,-0.2279764468048796,-1.9373801774249435,-1.1467723400796355,0.4759752907199674,-0.5832626452327563,0.0,0.0,1.0,0.0,0.0,1.0,0.0,1.0,0.0,1,64.17,2.62
1.0905570241192601,0.9914399734517526,-0.3660939811886591,-1.493862013834874,0.4123019050583655,-1.0560565411875167,0.3590174781939177,-1.3269614165526378,0.7945231309076128,0.0,0.0,1.0,0.0,1.0,0.0,1.0,0.0,0.0,1,68.9,2.35
-1.0350944338410168,-1.5225328057064298,-0.639112293174655,-0.7987017285264735,-1.931531570269665,0.1191121657739278,-0.48786800584584017,1.37744364435627,-0.5832626452327563,0.0,0.0,1.0,0.0,1.0,0.0,0.0,1.0,0.0,0,54.51,2.42
1.74110657025609,1.584733535344921,-2.0674661013391322,-1.1290381690102582,-2.381883604186857,1.4717949758082656,1.1161911341237514,-0.4254930629163352,2.1723089070479817,1.0,0.0,0.0,0.0,1.0,0.0,1.0,0.0,0.0,0,70.58,2.98
0.49593440135387734,0.8852190407712581,0.25111159834248953,-0.37531312372805514,0.3923484688894833,1.1567710171542318,0.8249404161995477,0.4759752907199674,-0.5832626452327563,1.0,0.0,0.0,0.0,0.0,1.0,1.0,0.0,0.0,1,81.77,3.11
0.16856973812155612,-0.03702041251660621,1.2541936324134884,-0.7161720480195378,0.5405537483795042,0.2367702163036919,-0.5284081948979673,0.4759752907199674,-0.5832626452327563,0.0,0.0,1.0,1.0,0.0,0.0,0.0,1.0,0.0,1,75.94,2.81
-0.9384804874821324,-2.083050094188492,0.44569533734627387,-1.644346032850856,1.733791050972124,-0.33244911853452314,-0.13491834136882436,-0.4254930629163352,-0.5832626452327563,0.0,0.0,1.0,0.0,0.0,1.0,0.0,1.0,0.0,0,67.0,2.48
0.7155968396371705,0.7539446454586994,0.11045808961566696,1.7971430333947969,0.20135119410671562,0.2777072401594203,-0.5874892562188393,-1.3269614165526378,-0.5832626452327563,0.0,0.0,1.0,0.0,0.0,1.0,1.0,0.0,0.0,1,74.0,2.68
-0.6384545885262203,-0.3549324255534886,0.49573280904187944,1.3644314403691225,0.873464335967735,-0.5339212314730932,-1.5133296397374283,-1.3269614165526378,-0.5832626452327563,0.0,0.0,1.0,0.0,1.0,0.0,1.0,0.0,0.0,1,83.32,2.99
0.10189768477779826,0.2981212426050956,0.122974184980371,-0.7583035884909906,-0.15781034013833514,1.7184816988697145,-0.9141086486539524,-0.4254930629163352,-0.5832626452327563,1.0,0.0,0.0,0.0,0.0,1.0,1.0,0.0,0.0,1,81.44,2.97
1.74110657025609,1.584733535344921,-0.7742242646393902,0.34032509484372914,0.342684840445693,-0.19435794823930483,0.21148544139909395,0.4759752907199674,-0.5832626452327563,1.0,0.0,0.0,0.0,0.0,1.0,1.0,0.0,0.0,1,83.33,2.8
-0.12952058328689758,-0.6178290091619992,1.0564775043492802,0.49187823877399517,1.733791050972124,-0.08834761586690516,0.34694377949302796,-0.4254930629163352,-0.5832626452327563,0.0,0.0,1.0,0.0,0.0,1.0,1.0,0.0,0.0,1,76.49,2.99
1.1920423818378092,1.4148297583172735,0.3879681864732568,1.3002185159530477,-2.1168428490696245,-2.283216531402909,0.1585255650088985,1.37744364435627,-0.5832626452327563,0.0,0.0,1.0,0.0,0.0,1.0,0.0,1.0,0.0,1,78.17,3.1
-0.7738001212672133,-0.11501003046982652,0.15508990102870593,-0.7996657655173807,0.4609153408008881,-0.20079435160842315,-0.3215851725594125,1.37744364435627,-0.5832626452327563,1.0,0.0,0.0,0.0,0.0,1.0,0.0,1.0,0.0,1,73.49,3.2
-0.06471085125890261,-0.8983377807815661,-0.9558648559626564,1.1967973396573102,1.733791050972124,0.8628089906007159,0.9950163079515068,-1.3269614165526378,-0.5832626452327563,1.0,0.0,0.0,0.0,0.0,1.0,1.0,0.0,0.0,1,85.5,3.62
1.74110657025609,1.584733535344921,1.2541936324134884,-0.5168172451656913,0.3272514599940437,-1.0998650727515158,0.06788817027031736,1.37744364435627,-0.5832626452327563,0.0,0.0,1.0,1.0,0.0,0.0,1.0,0.0,0.0,1,87.87,3.37
-0.6929258015541631,-0.8549954879529185,0.8790598427396832,-1.3401372611784401,1.717442718902704,-0.7731294959011513,0.7499791143552951,0.4759752907199674,-0.5832626452327563,1.0,0.0,0.0,0.0,0.0,1.0,1.0,0.0,0.0,1,72.74,2.86
1.74110657025609,1.545669351687859,-0.48322911912012395,0.8123128908458856,-0.5984123124531321,0.8176918470295841,-1.891145679316533,1.37744364435627,-0.5832626452327563,0.0,1.0,0.0,0.0,0.0,1.0,1.0,0.0,0.0,1,81.66,3.49
0.7234944412188169,0.8323447580494086,1.2541936324134884,1.4043643144951272,0.008200461678442364,-1.521355774326936,-1.9990763948475567,-0.4254930629163352,-0.5832626452327563,0.0,1.0,0.0,1.0,0.0,0.0,1.0,0.0,0.0,1,75.55,2.93
-0.6244773076007488,-0.7850580226823328,-0.4213030085194788,1.7971430333947969,0.07481011732212971,1.0909212413760982,0.30272494699789854,0.4759752907199674,-0.5832626452327563,0.0,0.0,1.0,0.0,1.0,0.0,1.0,0.0,0.0,1,87.14,3.52
0.6435382515664603,0.2697503310579091,-0.7395289944590451,-1.1978903907188563,-2.211921987445205,-0.5478418132425672,-1.5190153564108,-1.3269614165526378,-0.5832626452327563,0.0,0.0,1.0,0.0,0.0,1.0,0.0,1.0,0.0,0,66.34,2.53
1.0045061322999138,0.9358868289190962,-0.7145791206381474,0.7859643024533224,-1.1459053068059657,-0.3998577520622271,-0.2263891961834191,-1.3269614165526378,-0.5832626452327563,0.0,0.0,1.0,0.0,1.0,0.0,0.0,1.0,0.0,1,77.81,3.12
0.6322917601939818,0.062392342272849476,-1.8461044860383993,-0.3725151794358214,-1.0734744325711096,-1.1577451266469858,-0.32197327269062503,1.37744364435627,-0.5832626452327563,0.0,0.0,1.0,0.0,1.0,0.0,0.0,1.0,0.0,0,60.55,2.44
-1.693922455918456,-2.0376932107809917,0.6629501708090514,0.8741928872118232,0.8758275035636892,0.39029509554359054,1.6926979942423792,-1.3269614165526378,0.7945231309076128,1.0,0.0,0.0,0.0,0.0,1.0,0.0,1.0,0.0,0,76.29,2.98
-0.7992275651665518,-0.3838577421629469,-1.9133184558730028,-1.4808063723277038,0.9267069896797755,1.7184816988697145,0.42663194276239613,-0.4254930629163352,-0.5832626452327563,0.0,0.0,1.0,0.0,1.0,0.0,1.0,0.0,0.0,1,63.4,2.75
-0.2902504601043963,-0.8002333232632467,-1.2390107343459393,-1.2637642910696594,0.3699182271685354,0.8061337574612341,0.1769834988637596,0.4759752907199674,-0.5832626452327563,0.0,0.0,1.0,0.0,1.0,0.0,1.0,0.0,0.0,0,66.18,2.47
-0.10657030616677565,0.23541131958476189,-2.18680377887511,-0.755017862952272,0.877896548182506,-0.89018135579217,0.8925761427386909,-0.4254930629163352,0.7945231309076128,1.0,0.0,0.0,0.0,1.0,0.0,0.0,1.0,0.0,0,74.61,3.01
0.6310842441884768,0.8039556945238139,0.039088426403745775,0.13818552491164365,-0.1259915246766949,1.1711302155694991,0.39304626343155075,-0.4254930629163352,-0.5832626452327563,0.0,0.0,1.0,0.0,0.0,1.0,1.0,0.0,0.0,1,84.33,3.73
0.16099785792400909,-0.6692122746937582,-0.03279594950185356,-0.6141748739026349,1.2617031882524907,-0.32576178554241403,-0.48785993575185327,-0.4254930629163352,0.7945231309076128,1.0,0.0,0.0,0.0,0.0,1.0,0.0,1.0,0.0,1,73.96,3.02
-1.4446645223085661,-1.616961406191396,-0.23012683627907077,0.7443098350592615,0.04968248959381143,1.4173287773475942,1.1425948403627495,-0.4254930629163352,-0.5832626452327563,1.0,0.0,0.0,0.0,0.0,1.0,1.0,0.0,0.0,1,85.92,3.28
0.3758900104989892,0.9240241021093397,-1.0310619151340106,1.128658501475457,0.09953455049392676,0.8320860289169342,-1.1831309848492244,0.4759752907199674,-0.5832626452327563,0.0,0.0,1.0,0.0,1.0,0.0,1.0,0.0,0.0,1,83.0,3.39
0.6203804828732977,0.1024672645249026,-1.1761223592685868,0.6821637586707892,-0.22903974241039432,-3.032867502327214,0.3447981591724693,0.4759752907199674,0.7945231309076128,0.0,0.0,1.0,0.0,1.0,0.0,0.0,0.0,1.0,1,66.69,3.15
0.5664758873948669,0.30140950778050407,0.6549254900277315,1.7471152320297145,0.7360345999315518,-1.0342680161484108,-1.6499549074671838,-0.4254930629163352,-0.5832626452327563,0.0,1.0,0.0,1.0,0.0,0.0,0.0,1.0,0.0,1,78.0,3.13
1.1193571899384294,1.244652925106872,-0.4805787647113065,0.49016624555152455,-0.3871078693601796,0.9740231035508476,0.21759133683517906,-0.4254930629163352,-0.5832626452327563,0.0,0.0,1.0,0.0,0.0,1.0,1.0,0.0,0.0,1,81.49,3.42
0.8573878324597595,1.1620479549938154,0.4893287549008738,-1.2158324773868254,1.0326351135169445,0.1569549901703565,0.20591143673794537,-1.3269614165526378,-0.5832626452327563,0.0,0.0,1.0,0.0,0.0,1.0,0.0,1.0,0.0,1,77.19,3.09
0.4597069243512363,0.3069894071352243,-0.8550407089351991,1.4802414485975173,-1.1093065870819951,-1.054548478518091,1.787651941340907,-1.3269614165526378,-0.5832626452327563,1.0,0.0,0.0,0.0,1.0,0.0,0.0,1.0,0.0,1,83.31,3.39
-0.10204135161655281,-0.3660995265855226,0.33795876161336097,-0.5766375548735588,-1.0755479026382233,-0.6524022562284765,-1.6685119768127357,0.4759752907199674,-0.5832626452327563,0.0,0.0,1.0,0.0,0.0,1.0,1.0,0.0,0.0,1,69.39,2.76
-1.7902128439195193,-0.9227700357309306,1.2541936324134884,1.006955023186157,0.7390579669855429,-1.9641251087473868,-0.6405573691425616,-1.3269614165526378,-0.5832626452327563,0.0,0.0,1.0,1.0,0.0,0.0,0.0,0.0,1.0,1,73.98,2.76
0.42833551413998194,1.2324403808907212,0.7911919542473144,1.7000398455211494,-0.0491901289985923,-0.0904455415928874,0.8773195038177725,0.4759752907199674,0.7945231309076128,1.0,0.0,0.0,0.0,0.0,1.0,0.0,1.0,0.0,1,87.36,3.57
0.1928200988636124,0.6555520933936988,-0.32602851626346524,0.5328614545766329,-0.42031771914359756,1.7184816988697145,0.3576678343552428,0.4759752907199674,0.7945231309076128,1.0,0.0,0.0,0.0,0.0,1.0,1.0,0.0,0.0,1,86.66,3.22
0.26062217457982256,0.28861496162970357,0.4231407044650713,-1.5076276512362512,0.9448948968677402,0.8302894995260697,0.19238652974915482,1.37744364435627,-0.5832626452327563,0.0,0.0,1.0,0.0,1.0,0.0,1.0,0.0,0.0,1,81.94,3.22
-1.3824819554563788,-1.6234349148088716,-0.13387448374275768,-0.9037431981340015,-0.5761142805755274,1.7184816988697145,-1.0193400591675656,0.4759752907199674,3.550094683188351,0.0,1.0,0.0,0.0,1.0,0.0,1.0,0.0,0.0,0,59.61,2.77
-1.174811156051971,-1.4465184024624047,0.1442004518976154,1.43778586655787,-0.1626137651861415,0.9101316678126696,-0.6298215113578234,-1.3269614165526378,-0.5832626452327563,0.0,0.0,1.0,0.0,0.0,1.0,1.0,0.0,0.0,1,77.11,3.07
1.0900381514908695,1.2471434571269584,-0.22891274768492711,-0.12103515043397542,1.4621210177133215,1.0596685714884369,1.3276580907671665,1.37744364435627,-0.5832626452327563,1.0,0.0,0.0,0.0,1.0,0.0,1.0,0.0,0.0,1,87.39,3.31
-0.06955705068915231,0.15004137277556062,-0.04847578153190418,0.1388223676013291,1.6042490873802975,1.7184816988697145,-0.05478472260613609,-1.3269614165526378,0.7945231309076128,1.0,0.0,0.0,0.0,0.0,1.0,1.0,0.0,0.0,1,87.31,3.54
0.6956363038830674,1.3122068501816453,0.3726761065270704,0.8485575123587166,1.638031113852835,0.38948805295189776,0.4003629671576489,0.4759752907199674,0.7945231309076128,0.0,0.0,1.0,0.0,1.0,0.0,1.0,0.0,0.0,1,89.83,3.48
0.002471175708227453,0.3262839377835337,-0.9759952305890512,0.7832509360093498,-0.24583446737874098,-0.19233482022138038,-0.12268241175038018,0.4759752907199674,0.7945231309076128,0.0,0.0,1.0,0.0,0.0,1.0,1.0,0.0,0.0,1,78.95,3.18
0.003996947908379651,-0.704270796661652,-1.0011909654807774,0.3469897690280709,1.2909296315652665,1.0650057369816381,-1.2613246244547234,-0.4254930629163352,-0.5832626452327563,0.0,0.0,1.0,0.0,1.0,0.0,1.0,0.0,0.0,1,75.51,2.79
0.9681377029559931,1.3907520557472315,-1.4181307231975586,-0.16235561633828513,-0.9232118096883213,1.4991205812073167,0.9958094042012899,0.4759752907199674,-0.5832626452327563,1.0,0.0,0.0,0.0,1.0,0.0,1.0,0.0,0.0,1,76.05,3.2
-0.5752136585679659,-0.9853502618985478,-1.6550146597356763,-0.27102313518749876,-0.880496557805089,-0.4940604381272377,0.5367068424809254,1.37744364435627,0.7945231309076128,0.0,0.0,1.0,0.0,1.0,0.0,0.0,1.0,0.0,0,70.47,2.84
0.07442391894691759,-0.1044126273558878,-1.2265235447586196,0.9520783057032612,-2.346888898113488,-0.7430831747408957,2.458515252840656,0.4759752907199674,-0.5832626452327563,1.0,0.0,0.0,0.0,1.0,0.0,0.0,1.0,0.0,1,77.69,2.91
-0.5181528667808043,-0.3356756749428344,0.31379221010317493,0.6340909439478213,1.733791050972124,0.14376069725681329,-1.0827238359034412,-0.4254930629163352,-0.5832626452327563,0.0,1.0,0.0,0.0,0.0,1.0,0.0,1.0,0.0,1,83.89,3.43
-0.48867338464927884,0.5273429744374714,-0.8634752236561875,-0.21316979631848648,-0.8368944198900716,0.8576706502731107,0.8772027440373829,0.4759752907199674,-0.5832626452327563,1.0,0.0,0.0,0.0,0.0,1.0,1.0,0.0,0.0,1,80.98,3.63
-0.35567790121032683,1.1813779059498022,0.7100208223593698,1.1863543244026256,-0.08777953205489473,0.8232370680809638,-1.3982930672015375,0.4759752907199674,0.7945231309076128,0.0,1.0,0.0,1.0,0.0,0.0,1.0,0.0,0.0,1,80.37,3.06
0.20815046171643067,0.49107636958646883,0.17422210115170939,-0.07914743533080064,-0.8839721582025973,-1.4672544934659335,0.1679071145291098,0.4759752907199674,-0.5832626452327563,0.0,0.0,1.0,0.0,1.0,0.0,0.0,1.0,0.0,1,70.17,2.96
-0.5356345707097847,-0.5591390021652768,-2.066997399573922,-0.8342064928664662,0.7469188957723967,1.7184816988697145,1.0413340615509221,-0.4254930629163352,-0.5832626452327563,1.0,0.0,0.0,0.0,1.0,0.0,1.0,0.0,0.0,0,80.14,3.29
1.3050432405818266,1.4470572001271689,0.8681770014407907,-0.7373550944339272,-0.3408217983859632,-0.6602102679687482,-1.9990763948475567,-1.3269614165526378,-0.5832626452327563,0.0,0.0,1.0,1.0,0.0,0.0,1.0,0.0,0.0,1,76.34,3.13
-0.9769489269557607,-0.4445500069948986,1.0425133394713006,-0.9669883486521821,-1.2847062222039065,-0.2725624475160418,-0.21837184109249153,0.4759752907199674,-0.5832626452327563,0.0,0.0,1.0,0.0,0.0,1.0,0.0,1.0,0.0,0,69.93,2.98
-0.22589112551551224,-0.3452883225084595,-0.9765590829436167,-0.22895793834305536,0.4894053857267283,-0.9297285504209234,-0.6003839083858986,1.37744364435627,0.7945231309076128,0.0,0.0,1.0,0.0,0.0,1.0,0.0,1.0,0.0,1,69.12,2.71
-0.494228651645131,0.4262711657970334,0.6054983604679716,1.3447705195737034,-1.4156589726119237,1.7184816988697145,-0.748323087895815,-0.4254930629163352,-0.5832626452327563,0.0,0.0,1.0,1.0,0.0,0.0,1.0,0.0,0.0,1,89.69,3.62
1.5079701273393178,1.484437517352845,-0.8228744307114063,-0.7855496082791145,-0.8098998501517591,0.25014446908382804,0.41086865243750015,1.37744364435627,-0.5832626452327563,1.0,0.0,0.0,0.0,1.0,0.0,1.0,0.0,0.0,1,66.95,2.7
0.18100571689433986,0.41434116877430394,0.24465858136864851,0.25261204285271655,-2.0994685370862163,-0.8764624946361463,1.1950646184765987,0.4759752907199674,-0.5832626452327563,1.0,0.0,0.0,0.0,0.0,1.0,0.0,1.0,0.0,0,75.49,2.85
1.0674255062453166,1.29544188000986,-1.2793489399981421,-0.6304834317240651,-1.4057324524047232,0.8910909107393296,-0.14197123273433473,-0.4254930629163352,-0.5832626452327563,1.0,0.0,0.0,0.0,1.0,0.0,1.0,0.0,0.0,1,73.86,3.05
-1.6040756077567824,-1.2342296621025075,-1.870760699654057,-0.21631388043076313,0.2221087918155115,0.79339274723814,0.21923609757659526,0.4759752907199674,-0.5832626452327563,1.0,0.0,0.0,0.0,1.0,0.0,1.0,0.0,0.0,1,64.23,2.5
0.2558163988849974,0.6453970837886827,-0.292915523851303,-1.522133081569742,-1.9548632027283244,-0.19284986530044684,0.1220181721453509,1.37744364435627,-0.5832626452327563,0.0,0.0,1.0,0.0,1.0,0.0,1.0,0.0,0.0,1,75.68,3.39
0.9165065288406408,0.5442740832176256,-0.0030451081811202537,-0.174758184481234,-1.4638248661248618,0.8670581462237025,0.0020597860111748545,-0.4254930629163352,-0.5832626452327563,0.0,0.0,1.0,0.0,1.0,0.0,1.0,0.0,0.0,1,62.62,2.4
0.059740149371699795,-0.20120930114709937,-0.3095438361102706,-0.14672109723513763,0.03834860321669482,-0.8499907923783152,-1.1613715588817555,-1.3269614165526378,-0.5832626452327563,0.0,1.0,0.0,0.0,0.0,1.0,0.0,1.0,0.0,1,71.42,2.59
1.1031202694598619,0.48140452268859135,-1.1893207377932797,0.6202132893794774,-0.5114526442934665,-0.5074118026705577,1.1820125768402259,-1.3269614165526378,0.7945231309076128,1.0,0.0,0.0,0.0,1.0,0.0,0.0,1.0,0.0,1,79.67,3.41
-0.5765335115560303,-0.297688678393597,-0.3120268869277217,0.28897922388161645,1.733791050972124,-2.071297778167094,0.3148879898342528,-1.3269614165526378,0.7945231309076128,0.0,0.0,1.0,0.0,1.0,0.0,0.0,0.0,1.0,0,70.32,2.66
1.4680362362849948,1.584733535344921,0.43667358182062427,-1.196497420264047,1.733791050972124,-1.3639608987841036,0.42117802204880295,0.4759752907199674,-0.5832626452327563,0.0,0.0,1.0,0.0,1.0,0.0,0.0,1.0,0.0,1,80.45,2.98
1.74110657025609,1.584733535344921,0.08515727217537616,1.1885338704539299,-0.8408994121435093,1.7184816988697145,-0.8598017009254844,-0.4254930629163352,-0.5832626452327563,0.0,0.0,1.0,0.0,1.0,0.0,1.0,0.0,0.0,1,85.35,3.49
-0.41262938543139505,0.4421158272073824,0.33956793185289824,0.275418913765534,0.6067074436305457,1.692468743419202,-0.4895055867634661,1.37744364435627,2.1723089070479817,0.0,0.0,1.0,0.0,0.0,1.0,1.0,0.0,0.0,1,88.77,3.82
-0.5003533994342266,-0.44217416745043003,-0.6143472984111676,0.26297490037421306,0.8018924284030682,0.06844983006164662,-0.1876657640220696,1.37744364435627,-0.5832626452327563,0.0,0.0,1.0,0.0,0.0,1.0,0.0,1.0,0.0,0,93.77,3.9
1.5147688825260084,1.584733535344921,1.2541936324134884,0.046083182431963916,-0.5661769485225454,1.7146317920658256,-1.6356191086742684,0.4759752907199674,-0.5832626452327563,0.0,1.0,0.0,1.0,0.0,0.0,1.0,0.0,0.0,1,85.85,3.32
1.6486807914121537,0.9781420882617784,-1.1805300027081704,-0.48531637526222393,-1.478448443223417,-0.16434827633303958,-1.7997247977525854,0.4759752907199674,0.7945231309076128,0.0,1.0,0.0,0.0,1.0,0.0,0.0,1.0,0.0,0,71.83,2.9
-0.5824461377806078,-0.6991204228999496,0.6808711698596037,0.2832547761579561,0.028261968632502292,-0.2502428608040893,-0.6404088993441549,1.37744364435627,-0.5832626452327563,1.0,0.0,0.0,1.0,0.0,0.0,0.0,1.0,0.0,1,70.07,2.75
-0.4734880620717869,-0.08194195061192308,1.2541936324134884,0.5526101164994361,-0.13482537581809773,0.058886955308463704,0.5572730225735044,-0.4254930629163352,-0.5832626452327563,0.0,0.0,1.0,1.0,0.0,0.0,0.0,1.0,0.0,1,82.22,3.62
-0.3266139332241239,0.12428294386416838,0.6734286197396796,-1.7696174100301363,-0.4019040025363638,-0.12811603986795966,-0.6962690051722411,0.4759752907199674,-0.5832626452327563,0.0,0.0,1.0,0.0,0.0,1.0,0.0,1.0,0.0,1,67.52,2.61
-1.4543280833660104,-1.4418753616708064,-0.09120202530389186,-0.5072623815790056,0.4900700418611984,-0.22116259111166284,-1.086161222235427,-0.4254930629163352,-0.5832626452327563,0.0,1.0,0.0,0.0,1.0,0.0,1.0,0.0,0.0,1,72.54,2.92
-1.0024653997408164,-0.9272509318627521,-0.4556797855229123,-0.21071116389582334,-0.7218523742898146,1.1791465406434491,-0.8685193625298947,1.37744364435627,0.7945231309076128,0.0,0.0,1.0,0.0,0.0,1.0,1.0,0.0,0.0,0,64.36,2.61
-1.0931871892494518,-1.70220876913396,1.2541936324134884,0.3233449807315423,-1.1294690281125437,0.15538665174891297,-0.48537070757000705,-0.4254930629163352,-0.5832626452327563,1.0,0.0,0.0,1.0,0.0,0.0,0.0,1.0,0.0,0,66.34,2.42
-0.8423768713094345,-0.919450420075529,-1.4566539911407985,1.3025435302000694,0.151563840310768,0.734999210073169,-0.37716426852206664,-1.3269614165526378,-0.5832626452327563,0.0,0.0,1.0,0.0,1.0,0.0,1.0,0.0,0.0,1,82.47,3.26
-0.06438866389721355,0.3808754675619502,-0.9500003167995957,-0.7506983232184857,0.43283176837951,1.0636895365021513,2.309117638337985,1.37744364435627,2.1723089070479817,1.0,0.0,0.0,0.0,1.0,0.0,1.0,0.0,0.0,0,80.76,3.2
0.22097092629475157,0.48755144995902155,-0.3094074217550434,-0.4646323633500182,-1.1545063864407765,0.4007459581770361,1.1246229247671726,-1.3269614165526378,2.1723089070479817,1.0,0.0,0.0,0.0,0.0,1.0,0.0,1.0,0.0,0,82.14,3.56
1.6178295951000863,1.584733535344921,1.2541936324134884,-0.4798586193091023,0.9835295175494354,-0.9994216484490617,1.0927991652476985,1.37744364435627,-0.5832626452327563,1.0,0.0,0.0,0.0,0.0,1.0,0.0,1.0,0.0,1,85.3,3.45
-1.0870462442969342,-0.9454748155687909,0.5602717051329513,-0.7818219065826169,-1.7577380373934806,-1.3937635125821395,1.2461321555791518,-1.3269614165526378,-0.5832626452327563,1.0,0.0,0.0,0.0,0.0,1.0,0.0,1.0,0.0,1,68.87,2.68
1.016994424630533,0.9341841228168755,-0.9476748689402438,-0.3070903284009043,-0.5465051570136219,0.15399002767552222,-1.0648529914115161,-0.4254930629163352,-0.5832626452327563,0.0,1.0,0.0,0.0,1.0,0.0,0.0,1.0,0.0,1,72.14,2.86
-0.2546682323766767,-0.5340322538482529,-0.21179121630876044,0.8610728709194179,-0.22133565256109664,-0.17587342453358898,-1.3032058482322808,1.37744364435627,0.7945231309076128,0.0,1.0,0.0,0.0,1.0,0.0,0.0,1.0,0.0,1,73.39,2.92
-0.08007213219831917,0.2749224289882787,-0.5519266097716469,-1.0454531989572249,-0.6055348099394007,0.09071590873915204,-1.1800603678646233,1.37744364435627,-0.5832626452327563,0.0,0.0,1.0,0.0,1.0,0.0,1.0,0.0,0.0,1,74.15,2.96
0.6885461265889445,0.8359058334070786,-0.6587347177942615,0.5026920130667262,-0.5332456523357098,-0.01590578088433007,1.4230500154867718,-1.3269614165526378,-0.5832626452327563,1.0,0.0,0.0,0.0,0.0,1.0,0.0,1.0,0.0,1,79.52,3.37
-1.2190270780776629,-0.8527487234535283,1.2305750677218383,-1.722604676339182,1.733791050972124,1.7184816988697145,-0.5833048217929849,-0.4254930629163352,-0.5832626452327563,0.0,0.0,1.0,1.0,0.0,0.0,1.0,0.0,0.0,1,82.73,3.51
0.3782373009181672,0.10188203509510221,-1.3993353656015541,-0.5308527864239342,-0.8235914635711823,-1.3704287449982595,-1.3341180209618082,1.37744364435627,-0.5832626452327563,0.0,1.0,0.0,0.0,1.0,0.0,0.0,1.0,0.0,0,64.26,2.37
0.14906050047551014,-0.8848602831438664,1.2541936324134884,-0.2885988968439768,1.733791050972124,-2.050405005297638,-0.4594116194723653,0.4759752907199674,-0.5832626452327563,0.0,0.0,1.0,1.0,0.0,0.0,0.0,0.0,1.0,1,67.42,2.91
0.4950147156253477,0.9851438090356445,1.062015359619388,1.7971430333947969,0.48479783776421437,0.3432234205123085,-0.2542756389067939,-1.3269614165526378,-0.5832626452327563,1.0,0.0,0.0,1.0,0.0,0.0,1.0,0.0,0.0,1,83.03,3.47
0.27928869421436386,0.03513928121067504,1.2541936324134884,-0.23145759056680956,0.134266599183516,-0.38733916189964074,0.28633166092175916,1.37744364435627,-0.5832626452327563,1.0,0.0,0.0,1.0,0.0,0.0,0.0,1.0,0.0,1,76.99,3.07
1.74110657025609,1.1713070661291827,-0.3825571478897974,-2.244355975437489,0.524530251946542,0.32641370128492175,0.2677125853902629,-0.4254930629163352,-0.5832626452327563,0.0,0.0,1.0,0.0,0.0,1.0,0.0,1.0,0.0,1,77.97,2.82
-0.7043581638672196,-0.29142356141782083,-0.03237109140727121,-2.032919889623983,1.733791050972124,0.6024519326119196,-0.882908271032766,-0.4254930629163352,-0.5832626452327563,0.0,0.0,1.0,0.0,1.0,0.0,1.0,0.0,0.0,1,68.54,2.78
-0.591081145881199,-0.7092727492026525,-1.4680399926161976,0.0912344411917037,-0.9685582662418085,1.324173427006192,0.7312159007771675,-0.4254930629163352,-0.5832626452327563,1.0,0.0,0.0,0.0,1.0,0.0,1.0,0.0,0.0,1,77.07,3.01
-0.6888650393191149,-0.10183220959499387,-0.45161331582525055,0.6969940583897257,-1.097389758241333,-1.5528629587880691,-0.6814014098126043,-0.4254930629163352,0.7945231309076128,0.0,0.0,1.0,0.0,0.0,1.0,0.0,1.0,0.0,1,70.93,2.95
-0.617059797744211,-0.24923027501375328,0.6876898115716134,0.44798366415265534,-0.7260544114494548,-0.573170348812844,-0.1664923785299528,-1.3269614165526378,0.7945231309076128,0.0,0.0,1.0,1.0,0.0,0.0,0.0,1.0,0.0,0,78.27,3.26
-0.7039837077293015,-0.29583389099607066,1.2541936324134884,0.23076815771106765,0.07340670343811123,0.4425672628992424,0.7324076216238361,1.37744364435627,-0.5832626452327563,1.0,0.0,0.0,0.0,0.0,1.0,1.0,0.0,0.0,1,79.49,3.44
1.2342183605324637,0.47242984658716214,-1.1033136573774884,1.270098558157788,-1.7123206391071741,0.7947613332975627,-0.6842033686252185,-1.3269614165526378,-0.5832626452327563,0.0,0.0,1.0,0.0,1.0,0.0,1.0,0.0,0.0,1,77.99,2.91
1.4798759782072277,1.584733535344921,-0.2735475281047155,-0.5081300319458057,0.06344768198397109,1.7184816988697145,-0.6069324666689065,-1.3269614165526378,-0.5832626452327563,0.0,0.0,1.0,0.0,0.0,1.0,1.0,0.0,0.0,1,86.74,3.9
-0.63326363397348,-0.4343352293276854,-0.03389099554863512,0.9907510947970822,1.733791050972124,0.9856893861559577,0.6310011085731831,-0.4254930629163352,-0.5832626452327563,1.0,0.0,0.0,0.0,1.0,0.0,1.0,0.0,0.0,1,85.35,3.59
-0.9108866249185057,-0.987189458414461,-1.4262383430016605,-1.6495808403960412,0.194557901941511,-0.057891063871215474,-0.914418656843343,0.4759752907199674,-0.5832626452327563,0.0,0.0,1.0,0.0,1.0,0.0,0.0,1.0,0.0,0,60.65,2.57
0.4726913634835656,0.5079574555839159,0.7969912382437417,-0.8898835713482255,-0.2565612208118231,-0.9171347795089341,-0.4101465529806415,-0.4254930629163352,-0.5832626452327563,0.0,0.0,1.0,0.0,0.0,1.0,1.0,0.0,0.0,1,63.82,2.94
-0.6136065333838109,-1.392909376582973,-0.6746233128672384,-1.832462407101864,-0.5871857556756785,-0.5809747953044693,0.5926952543136982,0.4759752907199674,0.7945231309076128,0.0,0.0,1.0,0.0,0.0,1.0,0.0,1.0,0.0,0,64.88,2.66
0.6440944103408768,0.789858624647507,-0.0832205764264956,-0.23150251610801043,0.953482624569702,-0.610260166115165,2.1903067855795064,-1.3269614165526378,-0.5832626452327563,1.0,0.0,0.0,0.0,0.0,1.0,0.0,1.0,0.0,1,77.82,3.32
0.1877637762606736,-0.31132130412559583,-0.3702612735502527,0.007340247307840935,-0.7981437950980816,0.6759933097892132,0.6456475631132832,-0.4254930629163352,-0.5832626452327563,0.0,0.0,1.0,0.0,0.0,1.0,1.0,0.0,0.0,1,72.7,2.94
-1.6361069666657184,-2.113348329463557,-0.7477354777032853,0.17489991337840782,1.733791050972124,0.26552956067906885,0.5040875503554353,-0.4254930629163352,-0.5832626452327563,0.0,0.0,1.0,0.0,1.0,0.0,1.0,0.0,0.0,1,68.59,2.91
1.6146509548676165,0.7410466570922775,0.12750202812154596,0.12033826361454557,1.733791050972124,-1.3636501276472914,0.5661024194233011,-1.3269614165526378,0.7945231309076128,1.0,0.0,0.0,0.0,1.0,0.0,0.0,1.0,0.0,1,79.6,3.42
1.74110657025609,1.584733535344921,-0.10584204227475358,-0.9135035867935137,0.30156801449860576,-0.4486443352771394,-1.1441491489773419,-0.4254930629163352,-0.5832626452327563,0.0,1.0,0.0,0.0,0.0,1.0,0.0,1.0,0.0,1,86.09,3.66
-0.6778795434581558,-0.9013452264104224,-0.28065414552119633,-0.1431010761269477,0.029057723916181884,0.9051332298195768,0.12339148299925737,1.37744364435627,0.7945231309076128,0.0,0.0,1.0,0.0,1.0,0.0,1.0,0.0,0.0,1,76.44,2.76
-0.43901430687248116,0.35083613429977756,-0.6796258350046138,-1.5089733046511886,1.0877215267808857,0.3631010905460483,-0.0316016273415526,0.4759752907199674,-0.5832626452327563,0.0,0.0,1.0,0.0,0.0,1.0,0.0,1.0,0.0,1,70.53,2.74
0.27578324123215,0.004677446281456046,0.49287129685686787,1.480087288779846,1.15287499950953,0.5867456416301066,0.3430253665608704,0.4759752907199674,0.7945231309076128,0.0,0.0,1.0,0.0,1.0,0.0,1.0,0.0,0.0,1,84.7,3.62
0.3273490328991218,-0.510142907133255,1.2541936324134884,-0.26157494752964605,-0.7779888352733574,0.3953202424771505,0.12436316863552192,0.4759752907199674,2.1723089070479817,1.0,0.0,0.0,0.0,0.0,1.0,0.0,1.0,0.0,1,68.4,2.84
0.6712746631099256,0.08356744474446587,0.2918912055342896,-0.455149323808012,-0.49413109463736565,1.677010350385095,0.4049904593375782,-0.4254930629163352,2.1723089070479817,0.0,0.0,1.0,0.0,1.0,0.0,1.0,0.0,0.0,1,73.21,2.92
1.74110657025609,1.584733535344921,1.249850653964307,1.715928396159924,-1.3025141282549202,0.24393178913842778,-0.33196417151149843,1.37744364435627,-0.5832626452327563,0.0,0.0,1.0,0.0,0.0,1.0,0.0,1.0,0.0,1,80.6,3.33
-0.21535921225402951,-0.25682259684842557,-1.4200096199663719,-1.2423199814037584,0.4562920122701618,-0.3972341740030953,0.0626283872879876,-0.4254930629163352,-0.5832626452327563,1.0,0.0,0.0,0.0,1.0,0.0,0.0,1.0,0.0,1,69.64,2.56
-0.8747435069590046,-1.0403276086978974,0.3118890394306732,-1.1204249757623848,0.7179300232451619,-0.9432314789078368,-1.3090317698799614,0.4759752907199674,-0.5832626452327563,0.0,1.0,0.0,0.0,0.0,1.0,1.0,0.0,0.0,1,69.24,2.93
-1.4913311954970048,-1.2577508267806257,-1.0923621919670448,-1.0897402274106882,-1.3305286635845628,0.25791473026741596,-0.34096338512714336,-0.4254930629163352,2.1723089070479817,1.0,0.0,0.0,0.0,1.0,0.0,1.0,0.0,0.0,0,63.71,2.62
-0.8032525993053287,-0.47259084844139393,-1.5170137719706398,-0.015239764888248564,-0.42164589440966527,-2.5150029546198875,1.4831089547558074,0.4759752907199674,-0.5832626452327563,1.0,0.0,0.0,0.0,1.0,0.0,0.0,0.0,1.0,1,68.92,2.77
-0.06273538581855419,0.4911502918897768,-0.6918318081425585,0.5066805621352168,-1.327814672332493,-0.18930628147666892,0.34006525073823357,-1.3269614165526378,-0.5832626452327563,0.0,0.0,1.0,0.0,1.0,0.0,0.0,1.0,0.0,1,71.49,2.82
1.74110657025609,1.584733535344921,1.2541936324134884,0.8285491740717188,-0.8722652896315036,-0.21151884373699326,-0.02217019145667746,0.4759752907199674,-0.5832626452327563,0.0,0.0,1.0,1.0,0.0,0.0,0.0,1.0,0.0,1,78.48,3.19
-0.5768761228250232,-0.6809936868651937,1.1982708613383444,1.7971430333947969,0.6004900482409601,-1.4057247996375715,2.021872630999995,-1.3269614165526378,-0.5832626452327563,1.0,0.0,0.0,1.0,0.0,0.0,0.0,1.0,0.0,1,78.27,3.08
0.20990589792165293,-0.4334869464516835,0.40726004310322034,-2.2947076410351848,-0.7043319497454424,-0.9561264118033397,-1.450849463062227,-1.3269614165526378,-0.5832626452327563,0.0,1.0,0.0,0.0,0.0,1.0,0.0,1.0,0.0,1,55.49,2.15
-0.045008813680441594,-0.22640332943985786,-1.5794160852812795,0.6917328127814775,-0.26483051380865263,0.8351586903708568,-1.1828168978552038,-1.3269614165526378,-0.5832626452327563,0.0,0.0,1.0,0.0,1.0,0.0,1.0,0.0,0.0,1,76.2,3.41
1.2335569518241116,1.2510953854214772,-0.08421665285545124,-0.5264565365669702,-1.6123034540057273,0.23843678006205749,1.8263102731062004,0.4759752907199674,-0.5832626452327563,1.0,0.0,0.0,0.0,1.0,0.0,1.0,0.0,0.0,1,87.88,3.2
1.74110657025609,1.1229177697151276,0.47292889390519655,-0.5570553824216938,0.23070369927170473,0.1055548605166888,0.049142514657061404,1.37744364435627,-0.5832626452327563,0.0,0.0,1.0,0.0,1.0,0.0,0.0,1.0,0.0,1,74.29,2.66
-0.5909451174767846,-0.9799538967778106,0.3317756455611926,-0.5919093976800751,-0.004218796503908134,0.3163949093085299,-0.2585166413814478,0.4759752907199674,2.1723089070479817,0.0,0.0,1.0,0.0,1.0,0.0,1.0,0.0,0.0,0,70.33,2.97
-0.5469798015390289,-0.3168632993098577,-1.9274699487006053,-0.8938769303983605,-0.6997375747647216,0.09611284040441831,-1.2785112577201254,-0.4254930629163352,0.7945231309076128,0.0,0.0,1.0,0.0,1.0,0.0,0.0,1.0,0.0,0,65.92,2.39
1.0804957554756027,0.964833286012626,-0.86071213596276,1.7971430333947969,-0.15124981266970328,1.2816649835766134,0.47749162097640024,-0.4254930629163352,0.7945231309076128,0.0,0.0,1.0,0.0,0.0,1.0,1.0,0.0,0.0,1,85.94,3.04
0.6960510174382383,0.6566765173034642,0.06369320744190703,0.9357766240352747,0.22390243902276882,0.12786017576249295,0.5806655262695146,1.37744364435627,-0.5832626452327563,1.0,0.0,0.0,0.0,1.0,0.0,0.0,1.0,0.0,1,85.1,3.61
1.74110657025609,1.2212763530613595,0.7353914471947991,0.07991462931488759,-0.7870056925302537,-1.502345351013531,-1.1668645684055898,1.37744364435627,0.7945231309076128,0.0,1.0,0.0,0.0,0.0,1.0,0.0,1.0,0.0,1,71.94,3.13
0.5920911517568672,0.4366724864502226,-2.321664878573299,1.467325945980417,-1.4588644256235217,1.680823162953898,-0.149431624994502,1.37744364435627,-0.5832626452327563,0.0,0.0,1.0,0.0,1.0,0.0,1.0,0.0,0.0,1,75.25,2.75
-0.4088658281345018,-0.7997474422706969,-0.046001835711220795,-1.5247324833621845,1.733791050972124,0.3823524952635447,-0.3576059596400527,-1.3269614165526378,-0.5832626452327563,0.0,0.0,1.0,0.0,1.0,0.0,0.0,1.0,0.0,1,71.44,2.5
0.5992295507090656,0.9800897981297992,0.2954283635468775,-1.3347485338536746,-0.6025371122392971,-0.6067051719670996,0.273071677041154,1.37744364435627,-0.5832626452327563,0.0,0.0,1.0,0.0,0.0,1.0,1.0,0.0,0.0,1,74.39,2.73
1.14898926777526,1.546074660766009,1.0859380804094367,-2.220035636595793,-0.05753600635950448,-1.291245363440665,-1.1932604536233462,1.37744364435627,-0.5832626452327563,0.0,0.0,1.0,1.0,0.0,0.0,1.0,0.0,0.0,1,76.77,2.93
0.8431251671243439,-0.11087860239513654,0.9105597469853323,-0.6751261004914408,1.0675878676766521,0.4087116794266521,1.3350220686716563,1.37744364435627,-0.5832626452327563,1.0,0.0,0.0,1.0,0.0,0.0,0.0,1.0,0.0,1,82.49,3.68
0.5107448187252723,0.028209051808325537,0.7871704137194924,0.22463306660551174,1.733791050972124,-0.12012850371439042,0.9766311977912694,0.4759752907199674,3.550094683188351,1.0,0.0,0.0,1.0,0.0,0.0,0.0,1.0,0.0,0,82.47,3.21
1.1043876907495238,0.29261340198882696,-0.7595970982541361,0.16315242563171595,-1.2234212556972857,1.6231210593789716,-0.387098061324683,-0.4254930629163352,-0.5832626452327563,0.0,0.0,1.0,0.0,0.0,1.0,1.0,0.0,0.0,1,80.84,3.4
1.2132902552897757,0.7965915124568785,-1.9993070953582412,0.2117218954375708,0.4976992133386631,-0.35588693762710527,-0.23061900770249977,-0.4254930629163352,-0.5832626452327563,0.0,0.0,1.0,0.0,1.0,0.0,0.0,1.0,0.0,1,80.39,3.36
1.4391835190180218,1.2720897591855567,-0.3043671750442336,-1.418706356831369,-0.6779919169307995,-0.8624508003471975,-0.14532291104607567,1.37744364435627,-0.5832626452327563,1.0,0.0,0.0,0.0,0.0,1.0,0.0,1.0,0.0,1,69.26,3.03
0.6608382924749319,-0.08548289727556538,1.2541936324134884,0.8948773501833633,-0.5065598464439404,0.9239422072174418,-0.8297323871322217,-0.4254930629163352,-0.5832626452327563,0.0,0.0,1.0,1.0,0.0,0.0,1.0,0.0,0.0,1,80.75,3.1
-0.2049284001494196,-0.6144375972039469,1.2541936324134884,0.30605945207872093,-0.6908519503092657,0.9543332189117818,-0.4726685013625046,0.4759752907199674,-0.5832626452327563,1.0,0.0,0.0,1.0,0.0,0.0,1.0,0.0,0.0,1,75.77,3.03
0.12811373793390968,-0.3530122953119878,0.9303531873511182,0.8216308335929313,-1.1027096657596815,0.17447087756684418,-0.2880381764797828,-0.4254930629163352,-0.5832626452327563,0.0,0.0,1.0,1.0,0.0,0.0,0.0,1.0,0.0,1,81.58,3.22
1.2527815485312301,1.2430538560744506,0.6157346627234498,-1.9220302733654417,-0.0011896590041253932,0.6977653089058258,1.7198529267653742,-1.3269614165526378,0.7945231309076128,1.0,0.0,0.0,0.0,0.0,1.0,1.0,0.0,0.0,1,79.03,3.27
-0.8945228347794185,-0.762232143053769,0.5601285113150567,0.381147964768653,-1.457076724862816,-0.03820309116237811,1.0094657707280652,0.4759752907199674,-0.5832626452327563,1.0,0.0,0.0,1.0,0.0,0.0,1.0,0.0,0.0,1,67.5,2.94
0.36366002437562234,-0.005059650204490261,-0.48680697087140257,-1.1853936087022114,1.002542605832113,0.24168695348350305,0.9967096165963224,-0.4254930629163352,-0.5832626452327563,1.0,0.0,0.0,0.0,0.0,1.0,0.0,1.0,0.0,1,77.29,3.53
-0.4449966285755416,-0.3047715047589143,-0.010128680340966768,-0.3594771854259815,0.09662817165210419,1.2014023072719673,0.39456889210153095,-0.4254930629163352,0.7945231309076128,1.0,0.0,0.0,0.0,0.0,1.0,1.0,0.0,0.0,1,85.01,3.32
0.0029237263119247753,-0.2469503997328766,1.2541936324134884,0.6140244222022632,0.46987358258963824,0.6451594868986188,-1.1912098118238004,0.4759752907199674,0.7945231309076128,0.0,1.0,0.0,1.0,0.0,0.0,1.0,0.0,0.0,1,88.78,3.58
1.3291282363914545,1.0825103823033337,-0.91915892634176,0.15085945096407025,-0.43280947662967945,-0.1738307062032554,-0.04410296468829119,-0.4254930629163352,0.7945231309076128,1.0,0.0,0.0,0.0,1.0,0.0,0.0,1.0,0.0,1,74.48,3.15
0.1752160518147305,0.9724910063868026,1.2541936324134884,-0.8340788143125888,-0.332258699858982,1.3945270877859017,1.0349172488466258,-0.4254930629163352,-0.5832626452327563,1.0,0.0,0.0,1.0,0.0,0.0,1.0,0.0,0.0,1,79.38,3.3
0.021698403123993248,0.6742884493799842,-0.22490416736651406,0.062232323529762004,0.33286863460226845,-2.436825432616257,-1.3414841322539979,1.37744364435627,-0.5832626452327563,0.0,0.0,1.0,0.0,0.0,1.0,0.0,0.0,1.0,1,80.65,3.57
-1.4706767277009907,-1.9385116526394461,1.2541936324134884,-1.5445918238537302,-1.1417128123986031,1.7184816988697145,0.6788597744977123,-1.3269614165526378,-0.5832626452327563,1.0,0.0,0.0,0.0,0.0,1.0,1.0,0.0,0.0,1,77.46,3.08
0.76435284601987,1.1002357662397195,-1.4385741221378985,1.2575681556525131,-0.3228994274674288,-1.7576982008478237,2.476612011173843,0.4759752907199674,0.7945231309076128,1.0,0.0,0.0,0.0,1.0,0.0,0.0,0.0,1.0,1,82.53,3.22
0.6574151330427793,0.9948758372224636,0.7908992745177325,-0.15881937747971134,-0.8324590021485496,-0.6457060891179014,1.132295657119495,1.37744364435627,0.7945231309076128,1.0,0.0,0.0,1.0,0.0,0.0,0.0,1.0,0.0,1,70.15,3.08
1.74110657025609,1.0345066316887344,-0.6889214805855475,1.2244272488749193,-0.8639040621402061,-0.04153269325363008,1.5078411811161452,-0.4254930629163352,-0.5832626452327563,1.0,0.0,0.0,0.0,0.0,1.0,0.0,1.0,0.0,1,79.69,3.25
-0.3541986895412683,0.08484066366680541,-1.4480305050357338,-0.49448439635597036,-2.10246432306883,-0.15033707175124247,0.23293984878998739,0.4759752907199674,-0.5832626452327563,0.0,0.0,1.0,0.0,1.0,0.0,0.0,1.0,0.0,1,61.68,2.58
0.20498439421206632,0.9344355103062286,0.3798820116318249,-0.49139604815471244,1.4012719199042685,1.0379533805003776,1.0321913767251467,0.4759752907199674,0.7945231309076128,1.0,0.0,0.0,0.0,0.0,1.0,1.0,0.0,0.0,1,94.28,3.76
0.23706840420102876,-0.3114420446941496,1.2541936324134884,-0.7428052762233965,-0.6566459164409575,-1.0896755728165843,-0.7652720613209242,-1.3269614165526378,-0.5832626452327563,1.0,0.0,0.0,1.0,0.0,0.0,0.0,1.0,0.0,1,62.34,2.68
1.6464322247378864,1.0595839869008479,-0.8099445731718942,0.9711735849970711,1.2225375611765807,0.2694146685297748,0.848724235810109,-1.3269614165526378,-0.5832626452327563,1.0,0.0,0.0,0.0,1.0,0.0,0.0,1.0,0.0,1,95.03,3.63
-0.12870942724917694,0.38377787828862747,-1.5417294318341834,-0.6855922558673746,1.1264573584821462,-0.5953245137108895,0.6978762127966651,0.4759752907199674,-0.5832626452327563,1.0,0.0,0.0,0.0,1.0,0.0,1.0,0.0,0.0,1,73.49,2.85
0.26852044740848785,0.3849604800191844,0.032627220879967805,0.7292020185971226,-1.2655913197488806,0.3048442652166498,0.30925373350068003,-1.3269614165526378,-0.5832626452327563,0.0,0.0,1.0,0.0,0.0,1.0,1.0,0.0,0.0,1,72.5,2.37
0.6175266329510524,0.8343041039070591,0.03756053974281797,-0.34393893787389274,-1.0648766770487468,-0.06611986065381163,1.403325816870545,-1.3269614165526378,3.550094683188351,1.0,0.0,0.0,0.0,1.0,0.0,1.0,0.0,0.0,0,82.21,3.16
0.17045126699796034,0.32950433577316196,0.7488492924931044,-2.00896539882968,1.733791050972124,0.09643036405276913,-0.5743409351473807,-0.4254930629163352,-0.5832626452327563,0.0,0.0,1.0,0.0,0.0,1.0,0.0,1.0,0.0,1,77.9,3.3
-0.5013414869581911,-0.25317059650926504,1.1977995546183757,-0.5402316970311828,1.733791050972124,-0.5661687070519522,-0.19931272030567984,-1.3269614165526378,-0.5832626452327563,1.0,0.0,0.0,1.0,0.0,0.0,1.0,0.0,0.0,1,71.79,2.88
0.178390058151518,-0.4621517758696054,0.06890974995658782,-1.1763480624172078,0.008737811853587567,-0.5250839238978393,0.10192292160513518,-1.3269614165526378,-0.5832626452327563,0.0,0.0,1.0,0.0,0.0,1.0,0.0,1.0,0.0,1,69.52,2.6
1.111770608837435,1.5182460372610613,1.2541936324134884,0.09110188502735975,0.30220016817778395,0.29673420412894086,-1.0976828462291754,1.37744364435627,-0.5832626452327563,0.0,1.0,0.0,1.0,0.0,0.0,0.0,1.0,0.0,1,90.42,3.9
-1.1169313190185008,-0.4358679164309356,0.3862600119343689,-1.188154697661296,-0.6000724224252569,0.9733328232724212,0.24210231576095304,-0.4254930629163352,-0.5832626452327563,0.0,0.0,1.0,0.0,0.0,1.0,1.0,0.0,0.0,0,70.62,2.85
0.11352842273423619,0.004974196797711624,-0.2522012774327706,1.02320979265135,0.4799482387307662,-0.6160079002713146,-1.832667659829759,-0.4254930629163352,-0.5832626452327563,0.0,1.0,0.0,0.0,0.0,1.0,0.0,1.0,0.0,1,84.68,3.73
-0.7705574700841595,-0.7043429408039049,-1.6676530179026625,-0.03948564291578791,-0.6877738885802147,-0.8948012638083845,1.1164489746783157,0.4759752907199674,-0.5832626452327563,1.0,0.0,0.0,0.0,1.0,0.0,0.0,1.0,0.0,1,64.87,2.77
1.2406175746423627,0.39907113564148644,-0.15848196910459963,-0.1298887352260172,-2.0237539159563678,0.6329372217026306,0.04986375669272763,-1.3269614165526378,-0.5832626452327563,0.0,0.0,1.0,0.0,1.0,0.0,1.0,0.0,0.0,1,65.65,2.66
-1.6440053469013562,-1.225884671288996,-0.24096892058961666,0.7410057115247615,-1.3017099549174893,-0.03286071606162962,-0.5552637135635228,1.37744364435627,0.7945231309076128,0.0,0.0,1.0,0.0,0.0,1.0,0.0,1.0,0.0,0,71.0,3.21
-0.6207153856637968,-0.2740700854908745,1.209782257147086,1.062843977877795,0.06218146898801878,0.8566391905154007,-0.8895115905727858,1.37744364435627,-0.5832626452327563,1.0,0.0,0.0,0.0,0.0,1.0,1.0,0.0,0.0,1,75.11,2.93
0.37272125603508893,0.31916611737654815,0.6528151471769899,0.03467686438092284,-1.1082075643636167,-0.9329679029406764,-0.24998239297124508,-0.4254930629163352,-0.5832626452327563,0.0,0.0,1.0,1.0,0.0,0.0,0.0,1.0,0.0,1,74.28,2.75
1.6337727570775673,1.584733535344921,-1.1841054777547013,-0.7501335502662808,-0.027586904665325276,-1.833434178685595,0.7339916811612812,-1.3269614165526378,3.550094683188351,1.0,0.0,0.0,0.0,1.0,0.0,0.0,1.0,0.0,0,72.91,3.24
-0.09735562125767688,-0.23563562984743394,0.3281038878971309,-1.7979063919727174,-1.050908930279003,-0.5487284164847518,0.5841618667543287,1.37744364435627,-0.5832626452327563,0.0,0.0,1.0,0.0,1.0,0.0,0.0,1.0,0.0,1,63.17,2.65
-0.6167652131975232,-0.2740733797048355,0.8866995517911755,-0.6611615160912969,-0.7539770380335709,-0.7892417488434711,-0.7521409442708953,0.4759752907199674,0.7945231309076128,0.0,0.0,1.0,0.0,0.0,1.0,1.0,0.0,0.0,1,79.53,3.46
1.74110657025609,1.0961289118733546,1.2541936324134884,-0.5892346305323765,0.9074187724571781,-0.08056635681616127,-0.9019504928555262,-1.3269614165526378,-0.5832626452327563,0.0,0.0,1.0,1.0,0.0,0.0,0.0,1.0,0.0,1,80.51,3.4
-1.5642308283433306,-1.4115488933964286,1.1283319904231361,0.16753974301456825,0.29215109298687447,-0.6557579189811226,0.7005531030331216,-1.3269614165526378,0.7945231309076128,1.0,0.0,0.0,1.0,0.0,0.0,0.0,1.0,0.0,1,79.17,3.5
-2.3609806100604636,-2.203342345360082,0.9866265717453834,-0.3049591781009594,0.0309376712459349,0.7644105501264602,-0.770063978378026,-1.3269614165526378,0.7945231309076128,0.0,0.0,1.0,1.0,0.0,0.0,1.0,0.0,0.0,0,75.55,2.92
0.4393681225011665,0.5171180905994631,0.2026088135703038,0.774484514089589,0.9336256160962958,-0.29635653013956365,0.06401542190034654,1.37744364435627,-0.5832626452327563,1.0,0.0,0.0,0.0,0.0,1.0,0.0,1.0,0.0,1,91.31,3.61
-0.5603667634679784,-0.6707603437662594,0.5698312276826801,-0.5848158619528396,0.5289676045865646,0.15573590056205744,0.1320898238152476,-0.4254930629163352,0.7945231309076128,0.0,0.0,1.0,1.0,0.0,0.0,0.0,1.0,0.0,1,68.86,2.71
-1.1113254837289381,-1.0542509288729267,1.2541936324134884,-0.003923498226893578,1.5102052811903781,0.16311580490218844,0.332872126540842,-0.4254930629163352,2.1723089070479817,0.0,0.0,1.0,1.0,0.0,0.0,0.0,1.0,0.0,0,70.87,2.8
0.7241359566366684,1.0621506417258413,-1.3557401305435972,1.2928015330574238,-0.426379986364874,0.20158224002117253,0.9152651072774617,0.4759752907199674,-0.5832626452327563,1.0,0.0,0.0,0.0,1.0,0.0,0.0,1.0,0.0,1,90.98,3.33
0.23114368770473814,0.011821027618293968,-0.25557205074632217,0.41284370274088283,-0.3956775051148297,-0.024228791559391755,-1.3464936887127725,1.37744364435627,-0.5832626452327563,0.0,0.0,1.0,0.0,0.0,1.0,0.0,1.0,0.0,1,77.18,3.12
-0.6261878278217325,-1.3229742456145623,-0.7289733125079532,-0.007054348088853285,-1.2809399375031874,0.526919517492696,-1.9990763948475567,-1.3269614165526378,-0.5832626452327563,0.0,0.0,1.0,0.0,1.0,0.0,1.0,0.0,0.0,0,66.61,2.82
-1.386255438482229,-0.40116762245456283,0.559584177257605,-0.5732816183427273,-0.3950128924812309,-0.8194439871262514,-0.6049021805240014,0.4759752907199674,0.7945231309076128,1.0,0.0,0.0,1.0,0.0,0.0,0.0,1.0,0.0,0,69.68,2.65
0.8982818336750061,1.4855598605572164,1.2541936324134884,-0.6059727078849722,1.0207891269431593,1.443027271388771,1.9210111326694344,0.4759752907199674,-0.5832626452327563,1.0,0.0,0.0,1.0,0.0,0.0,1.0,0.0,0.0,1,88.17,3.34
0.6624208681910364,-0.00863885268662843,-0.5325165414722733,-0.8331104966892209,1.361310292111546,-0.24315891338081821,2.1562739486366143,-0.4254930629163352,-0.5832626452327563,1.0,0.0,0.0,0.0,0.0,1.0,1.0,0.0,0.0,1,82.13,3.26
-0.1328272827384074,0.22290967408169368,-2.5389114640776325,-0.5096092100657903,1.0162537614771106,-1.3511781592909091,1.9526240008164704,-1.3269614165526378,-0.5832626452327563,1.0,0.0,0.0,0.0,1.0,0.0,0.0,1.0,0.0,0,64.8,2.75
1.74110657025609,1.3437171645104196,-0.3258125041214178,0.8452571803843523,-1.7818239085659449,0.19448920568089886,-0.20562900919812288,-1.3269614165526378,-0.5832626452327563,0.0,0.0,1.0,0.0,0.0,1.0,0.0,1.0,0.0,1,81.39,3.04
-1.163167774195787,-0.9118112967850732,1.1573872125491542,-0.17616881548241684,1.1410373358966026,-0.8766742031210296,-1.9000381260747587,1.37744364435627,-0.5832626452327563,0.0,1.0,0.0,1.0,0.0,0.0,1.0,0.0,0.0,1,77.86,3.58
-1.6464867437435522,-1.3335602590174638,0.7368895259108099,-1.3546722264781468,-1.8268519868725968,0.6864043571071163,-1.9990763948475567,1.37744364435627,-0.5832626452327563,0.0,0.0,1.0,0.0,0.0,1.0,1.0,0.0,0.0,1,66.94,2.42
-0.7618420038267125,-0.7879627386825199,0.6144429131315072,1.7971430333947969,0.9530820043988981,1.7184816988697145,-0.6545795686963704,1.37744364435627,0.7945231309076128,1.0,0.0,0.0,1.0,0.0,0.0,1.0,0.0,0.0,1,86.22,3.33
-0.07595707628853726,-0.4317934773714562,-0.17787517043518533,0.39000261871399583,-0.33284847813630364,-0.8100820563362857,-0.21105861889028413,0.4759752907199674,-0.5832626452327563,0.0,0.0,1.0,0.0,0.0,1.0,0.0,1.0,0.0,1,72.96,3.15
0.23065418818802738,-0.11022627004537754,-1.29560784958962,-1.4144083186401322,0.7544035361905669,0.34321878203822404,1.386924785022512,-1.3269614165526378,-0.5832626452327563,1.0,0.0,0.0,0.0,1.0,0.0,1.0,0.0,0.0,1,79.18,3.36
-0.2835833112368907,-0.6827536198191847,0.7119002629492214,-0.40600113857024367,-1.312774854386808,-1.8087659854388418,0.9254318040970122,-0.4254930629163352,-0.5832626452327563,1.0,0.0,0.0,1.0,0.0,0.0,0.0,0.0,1.0,1,71.24,3.03
0.3460248910055939,-0.07373621985448413,-0.798018478334711,0.1715405123129738,1.2304524141832125,0.4684832616614141,0.242606794757655,0.4759752907199674,-0.5832626452327563,0.0,0.0,1.0,0.0,0.0,1.0,1.0,0.0,0.0,1,87.96,3.38
-1.3557296931057021,-1.2441597485824516,1.2541936324134884,1.7971430333947969,-1.4473980363545926,-0.9122678420650876,-0.9486575492119025,0.4759752907199674,-0.5832626452327563,0.0,1.0,0.0,1.0,0.0,0.0,1.0,0.0,0.0,1,65.84,2.53
1.5045601547098684,1.0281331177678827,0.7736729710450605,-1.1021660707133343,-0.6382759582621681,-0.6433785461184972,-1.0242915561147503,-0.4254930629163352,-0.5832626452327563,0.0,1.0,0.0,1.0,0.0,0.0,0.0,1.0,0.0,1,77.13,2.91
-0.11476047681836125,0.23555702259162,-0.514250873544715,1.0755223182234557,-0.9731311131102205,-1.134459542249316,0.2710996964888766,-0.4254930629163352,-0.5832626452327563,0.0,0.0,1.0,0.0,0.0,1.0,0.0,1.0,0.0,1,71.34,2.79
1.1581074704204533,1.584733535344921,-0.5486396627111594,1.517971947514464,-1.7412855007973569,0.7552726088902888,0.7433653447043984,1.37744364435627,-0.5832626452327563,1.0,0.0,0.0,0.0,0.0,1.0,1.0,0.0,0.0,1,84.18,3.44
0.3361237268306205,0.037965313350867766,0.03139715429644888,-0.6011901998488693,0.13677814733926236,1.0388741266405834,0.41797903808750814,-0.4254930629163352,-0.5832626452327563,1.0,0.0,0.0,0.0,1.0,0.0,1.0,0.0,0.0,1,84.48,3.21
0.45713151053490697,0.5399147428828355,-0.13257302566108964,-0.23429058639177133,1.733791050972124,0.02474442799872862,-1.1030002079676873,-0.4254930629163352,-0.5832626452327563,0.0,1.0,0.0,0.0,0.0,1.0,0.0,1.0,0.0,1,74.04,2.61
0.5770634247728897,0.7729450508345983,1.2541936324134884,-1.027140386271172,1.733791050972124,-0.8903271421088397,0.6939092350715008,-0.4254930629163352,3.550094683188351,1.0,0.0,0.0,1.0,0.0,0.0,0.0,1.0,0.0,1,90.87,3.87
0.44753320680600955,0.6427032954466908,0.34394822714031625,-0.1569146896652622,0.1394479495558684,1.6389694265594237,0.45426311011758624,-0.4254930629163352,-0.5832626452327563,0.0,0.0,1.0,0.0,1.0,0.0,1.0,0.0,0.0,1,88.7,3.51
0.6544846787595523,0.6398192901039851,-0.683172592614368,0.017445528266606006,1.1751039935047507,-0.7728097644799462,-1.141458082327579,1.37744364435627,0.7945231309076128,0.0,1.0,0.0,0.0,0.0,1.0,0.0,1.0,0.0,1,78.9,3.31
1.3829324095307014,1.584733535344921,1.2541936324134884,0.7449322217348084,0.27652175309073507,-2.227774817773221,-0.8361431092670643,0.4759752907199674,0.7945231309076128,0.0,0.0,1.0,0.0,0.0,1.0,0.0,0.0,1.0,1,75.89,2.97
0.18097005293333465,0.4068844525942201,0.1905506605602253,1.1947877098706992,0.5475313400060198,0.47310471355244565,0.7342435967268156,-1.3269614165526378,-0.5832626452327563,1.0,0.0,0.0,0.0,0.0,1.0,1.0,0.0,0.0,1,84.69,3.5
0.7248228902920383,0.07387886131778676,0.9955692411635132,-0.7259924148269086,-0.3068070013333253,-1.1380548283187533,-0.24990616220080988,-1.3269614165526378,0.7945231309076128,0.0,0.0,1.0,1.0,0.0,0.0,1.0,0.0,0.0,0,70.36,3.28
-0.12280925854635828,0.31794513461026536,-0.5451056341163989,-1.999939485709676,0.23891836000063704,1.0196045283230406,1.6945604071141698,0.4759752907199674,-0.5832626452327563,1.0,0.0,0.0,0.0,0.0,1.0,1.0,0.0,0.0,1,68.23,2.5
1.5006895009571721,1.584733535344921,0.5416412782775224,0.03347940403045116,0.5867374937554305,-0.3921990791569283,0.5344644093049583,-1.3269614165526378,-0.5832626452327563,0.0,0.0,1.0,1.0,0.0,0.0,0.0,1.0,0.0,1,89.05,3.41
-0.7453764798201887,-1.0265218639764888,0.4834568724372867,0.3623889041804357,-0.546856905732986,0.6228910239895739,-0.5187322606424463,-1.3269614165526378,-0.5832626452327563,0.0,0.0,1.0,0.0,0.0,1.0,1.0,0.0,0.0,1,72.72,2.73
1.74110657025609,1.584733535344921,-1.9787737560287189,0.3162889968921082,-0.03796538663682662,1.445173630547758,-0.010744888495516091,0.4759752907199674,0.7945231309076128,0.0,0.0,1.0,0.0,1.0,0.0,1.0,0.0,0.0,1,80.73,3.65
-0.07019674606824151,0.27641368626795204,1.2541936324134884,-0.28565646182875565,-0.018599579307719633,-1.2453348522942547,0.06771915740158728,-1.3269614165526378,-0.5832626452327563,0.0,0.0,1.0,1.0,0.0,0.0,1.0,0.0,0.0,1,75.12,3.0
-1.545936803163309,-1.48404147187058,1.2541936324134884,0.1860285119865614,0.8802333650610006,-0.5826726520132807,-0.7765072118063086,-1.3269614165526378,0.7945231309076128,0.0,0.0,1.0,0.0,0.0,1.0,1.0,0.0,0.0,1,73.13,3.1
0.10836534968049473,0.6243829697386445,-0.3090019099450383,1.639134452959441,-1.0421435397122918,-0.07735331401342552,-0.9729076611525047,0.4759752907199674,-0.5832626452327563,0.0,0.0,1.0,0.0,1.0,0.0,0.0,1.0,0.0,1,82.14,2.76
-0.7503210452023815,0.4674903581814482,-1.0978459494114774,0.45454374133113107,-0.011602690941997583,1.5854019539124014,0.7479916999420535,-1.3269614165526378,0.7945231309076128,1.0,0.0,0.0,0.0,1.0,0.0,1.0,0.0,0.0,1,78.79,3.23
0.8645206590640242,0.41647277235584074,0.5242392980551889,-0.3344472834153384,1.733791050972124,-0.6779567167846976,0.9014069525556937,-0.4254930629163352,-0.5832626452327563,1.0,0.0,0.0,1.0,0.0,0.0,0.0,1.0,0.0,1,86.09,3.37
-0.720153242824213,-1.2997618150403356,0.2323822445545051,-0.46696868227563376,1.2232324821358864,-0.6121163336650142,0.643917006627154,0.4759752907199674,-0.5832626452327563,1.0,0.0,0.0,0.0,0.0,1.0,0.0,1.0,0.0,1,70.22,3.09
-0.501075991441823,-0.2945608675147406,0.5333098620703143,-0.12179756959549927,1.4112802612892306,0.4934627372931487,1.6158402334480957,1.37744364435627,-0.5832626452327563,1.0,0.0,0.0,0.0,0.0,1.0,1.0,0.0,0.0,1,82.5,3.43
-2.0327845416380246,-1.4776467582241317,0.3497226568757843,1.7658732407804474,0.06557339120182376,-0.5943109474298871,-0.5775273058404051,-1.3269614165526378,-0.5832626452327563,0.0,0.0,1.0,0.0,1.0,0.0,1.0,0.0,0.0,1,70.0,2.72
-0.5075736735509957,-0.5566401409424193,0.7017713077771774,-0.1358494732584814,0.3668312681258024,0.15785027101452337,1.7853230489908187,1.37744364435627,-0.5832626452327563,1.0,0.0,0.0,1.0,0.0,0.0,0.0,1.0,0.0,1,84.62,3.7
-2.599831243792027,-1.6391209879024862,1.2541936324134884,0.03499493319594686,1.058848176876891,-1.5985351163784018,-0.9604676720537955,-1.3269614165526378,2.1723089070479817,0.0,0.0,1.0,0.0,0.0,1.0,0.0,1.0,0.0,0,77.55,3.44
-1.7084378280028865,-2.171929712554927,0.7709833491410428,-0.44828180473459805,1.6256963161005986,1.7184816988697145,-1.0796361803681078,-0.4254930629163352,-0.5832626452327563,0.0,1.0,0.0,1.0,0.0,0.0,1.0,0.0,0.0,1,78.93,3.46
0.779380769352871,1.04824855584458,-1.0389806305124594,1.203982528509718,-1.9417254543746258,-1.3884485222949667,-1.8764141436114117,0.4759752907199674,2.1723089070479817,0.0,0.0,1.0,0.0,1.0,0.0,0.0,1.0,0.0,0,72.24,3.04
0.8063201774269625,0.4502255886980278,1.2541936324134884,1.7971430333947969,-1.295498734419081,-0.33099071140285957,-0.4751911305310952,1.37744364435627,-0.5832626452327563,0.0,0.0,1.0,1.0,0.0,0.0,1.0,0.0,0.0,1,82.07,3.23
0.42392017329277276,1.2190984865690957,1.2541936324134884,0.5265138536295483,1.370916642130077,-0.032837157031061465,-0.5369556472678828,0.4759752907199674,0.7945231309076128,0.0,0.0,1.0,1.0,0.0,0.0,1.0,0.0,0.0,1,78.8,3.2
-1.0537476326978976,0.01552312730598565,1.2541936324134884,0.14216532168777796,-0.24051519749070294,1.7184816988697145,0.5609158703084763,1.37744364435627,-0.5832626452327563,0.0,0.0,1.0,0.0,0.0,1.0,1.0,0.0,0.0,1,76.84,2.99
-0.07821251305955985,-0.425631966580839,-1.1215918920766557,0.09411125164529123,-0.6415935081897658,-1.3648830665402005,0.2601847969659237,-1.3269614165526378,-0.5832626452327563,1.0,0.0,0.0,0.0,1.0,0.0,0.0,1.0,0.0,1,72.52,2.95
-0.03140369287144162,-0.2793295666902408,0.40712275520243896,-2.4356350332950134,-1.2332488597592894,1.7184816988697145,-1.2718675213878263,-0.4254930629163352,0.7945231309076128,0.0,1.0,0.0,0.0,1.0,0.0,1.0,0.0,0.0,0,65.89,2.52
-1.2568515161754776,-0.7107749561981783,-2.194088005993188,0.8342703018591275,-0.5230429714750513,0.7810665975010136,-0.4186063860386728,1.37744364435627,-0.5832626452327563,0.0,0.0,1.0,0.0,1.0,0.0,1.0,0.0,0.0,0,65.82,2.6
1.5678441695419234,1.2427570946124076,0.7542526157387774,0.1958653356835785,-1.3838020531504422,0.43054313400392114,-0.3959334772717929,1.37744364435627,-0.5832626452327563,0.0,0.0,1.0,0.0,0.0,1.0,1.0,0.0,0.0,1,72.65,3.33
0.9034870401046692,0.806532674632499,-0.47794773451302996,0.503243349352889,1.733791050972124,-1.014224995909418,-1.8934990088927683,-0.4254930629163352,-0.5832626452327563,0.0,0.0,1.0,0.0,0.0,1.0,0.0,1.0,0.0,1,81.41,3.32
-0.2620705381064623,-0.21213759465702628,1.2541936324134884,-0.6877144440092402,0.017963972552255056,0.5893189248283769,-1.045794740092937,-0.4254930629163352,-0.5832626452327563,0.0,0.0,1.0,0.0,0.0,1.0,1.0,0.0,0.0,1,79.83,3.11
0.000950949647067482,-0.906645314573612,-0.731262644514014,-0.3460333787800232,-0.018112414378950798,-0.7450595915607462,-0.8217409483260864,-0.4254930629163352,-0.5832626452327563,0.0,0.0,1.0,0.0,0.0,1.0,0.0,1.0,0.0,0,60.0,2.18
0.19355776960572288,0.18053648363197256,-1.7544901850588517,-0.37379379054465534,0.6381360067315249,1.306194396220857,1.5287352346778054,-0.4254930629163352,0.7945231309076128,1.0,0.0,0.0,0.0,1.0,0.0,1.0,0.0,0.0,0,79.43,3.16
-2.1942948357505494,-2.299768746939444,-0.39187037490358506,1.1231502803531201,1.018326038802723,-1.000236629642664,0.20427056164432053,-0.4254930629163352,-0.5832626452327563,1.0,0.0,0.0,0.0,0.0,1.0,0.0,1.0,0.0,0,74.44,3.13
-0.2898883181828887,-0.4857205473629958,-2.074810671107196,-0.34008065747220867,1.0016086493098892,-0.11599176113535299,0.7061722757100832,0.4759752907199674,-0.5832626452327563,1.0,0.0,0.0,0.0,1.0,0.0,1.0,0.0,0.0,1,69.4,2.8
-0.7513107217571959,0.025634075022221574,0.975721310964533,1.7971430333947969,1.1313633935002336,-0.5716811770832537,-1.597778858214229,-1.3269614165526378,-0.5832626452327563,0.0,1.0,0.0,1.0,0.0,0.0,1.0,0.0,0.0,1,89.69,3.58
-1.0905121310104862,-1.5745507208171228,-2.175050725549952,0.5058768299242703,-0.6000715567864219,-1.0172029845188073,1.2734644587757993,-1.3269614165526378,-0.5832626452327563,1.0,0.0,0.0,0.0,1.0,0.0,1.0,0.0,0.0,0,65.23,2.69
-0.3258877286794097,0.10773761370589169,0.16722264077295926,-1.2772566958044247,-0.2618245441371125,0.7647227149755356,1.3874330244344917,1.37744364435627,-0.5832626452327563,1.0,0.0,0.0,0.0,0.0,1.0,1.0,0.0,0.0,1,67.01,2.76
1.74110657025609,1.4510595679762788,-2.1892917997369903,-0.0786377203776854,0.8219539899140316,0.5525408239157263,-1.9990763948475567,-0.4254930629163352,0.7945231309076128,0.0,1.0,0.0,0.0,1.0,0.0,1.0,0.0,0.0,1,75.22,3.15
0.6524897071995185,0.4675652899375011,-0.22296823521317102,-0.6252441737128942,-0.49497821724925634,1.246773206229811,-0.75190506551562,0.4759752907199674,0.7945231309076128,1.0,0.0,0.0,0.0,1.0,0.0,1.0,0.0,0.0,1,82.51,3.45
-0.6337228163359587,-0.18120456576659752,1.2541936324134884,-2.237187055175807,0.03556757219187786,-1.833883754160641,0.5287453768124699,0.4759752907199674,-0.5832626452327563,0.0,0.0,1.0,1.0,0.0,0.0,0.0,0.0,1.0,0,65.03,2.58
0.5800512692597874,0.6991497008928019,0.5388803511881289,1.726931613681473,0.44582785698945365,1.0974865132424403,0.6872140830515999,1.37744364435627,0.7945231309076128,1.0,0.0,0.0,0.0,0.0,1.0,1.0,0.0,0.0,1,85.04,3.37
1.4574325989381467,1.584733535344921,-0.8307009151362515,0.7903766782129248,0.8383629903398672,1.7184816988697145,-0.7233061944505387,-0.4254930629163352,-0.5832626452327563,1.0,0.0,0.0,0.0,0.0,1.0,1.0,0.0,0.0,1,90.27,3.61
0.9536520241569528,1.3375325867721612,0.1004732623648761,0.6128148901211035,-1.7650517749549022,-0.46486722949729853,-0.325601095103476,-1.3269614165526378,0.7945231309076128,0.0,0.0,1.0,0.0,0.0,1.0,0.0,1.0,0.0,1,78.62,3.26
0.03569984936152218,-0.11414860796326201,0.155541475086178,0.22850448378148883,0.7668090912176083,1.7184816988697145,-0.6368189846105046,-0.4254930629163352,-0.5832626452327563,0.0,0.0,1.0,0.0,1.0,0.0,1.0,0.0,0.0,1,81.73,3.49
-0.7141179144088373,-0.9259126465381211,0.6641673969786928,-1.388363834422941,-0.19666695416213864,-0.2706002701349239,0.11786971827380832,0.4759752907199674,-0.5832626452327563,0.0,0.0,1.0,1.0,0.0,0.0,0.0,1.0,0.0,0,71.18,2.78
0.7133825503032766,0.13662820484294527,-1.3938702424928893,-0.44964387652306276,0.7594058451117494,-1.4139074415147035,1.2766248666559339,-0.4254930629163352,-0.5832626452327563,1.0,0.0,0.0,0.0,1.0,0.0,0.0,1.0,0.0,1,69.08,2.73
0.3899909057573457,-0.03095886436223306,0.7983539842462972,0.9352368893337216,0.8299790182947393,-0.3143754883522682,-0.8219846140588853,-1.3269614165526378,-0.5832626452327563,0.0,0.0,1.0,1.0,0.0,0.0,0.0,1.0,0.0,1,77.96,2.96
0.9224094421617379,1.584733535344921,-2.890315312581171,-1.0427203532669853,1.6741098992066503,1.081029531047168,1.0672586947069147,-1.3269614165526378,-0.5832626452327563,1.0,0.0,0.0,0.0,1.0,0.0,1.0,0.0,0.0,1,83.1,3.02
0.6464715088859512,1.1926141807918271,-0.569336862837555,-2.5897155669683873,1.4156224911451343,-0.8632709241879626,-0.8333187296684887,1.37744364435627,-0.5832626452327563,0.0,0.0,1.0,0.0,1.0,0.0,1.0,0.0,0.0,1,64.56,2.33
1.086217640667985,0.34590366386228294,-0.41090144015399394,-0.18162072002087645,1.4086316219075012,-0.6181304552219341,-0.903643202539919,0.4759752907199674,-0.5832626452327563,0.0,0.0,1.0,0.0,0.0,1.0,0.0,1.0,0.0,1,84.23,3.17
-0.5955788359674791,-1.159187029598545,0.843956162845558,-0.09244189250054556,1.5072665375687015,0.6124048360025044,0.8729608903968029,-0.4254930629163352,-0.5832626452327563,1.0,0.0,0.0,1.0,0.0,0.0,1.0,0.0,0.0,1,86.18,3.31
1.3704541821110292,1.4809048284208477,0.16070364094357986,0.19732503241996993,0.3367440750329544,0.0037952620241319067,0.9831487356121631,-0.4254930629163352,-0.5832626452327563,1.0,0.0,0.0,0.0,0.0,1.0,1.0,0.0,0.0,1,78.4,3.23
0.18211450143478028,0.4390723969186012,-1.4371734221391084,0.8168916396558409,0.07344930707073302,0.6032145818590658,0.9079501264852575,1.37744364435627,-0.5832626452327563,1.0,0.0,0.0,0.0,1.0,0.0,1.0,0.0,0.0,1,87.95,3.3
1.74110657025609,1.584733535344921,-0.9666357462939775,0.7218987095691727,0.9273814723808976,0.24577311860935477,-1.4028282873314244,1.37744364435627,-0.5832626452327563,0.0,0.0,1.0,0.0,1.0,0.0,0.0,1.0,0.0,1,83.12,3.33
-0.7589552391049436,-0.795201973216771,0.3576691289292607,0.3260608303824145,0.7844186655043173,0.4949930693249845,-0.49668204784544,1.37744364435627,-0.5832626452327563,0.0,0.0,1.0,0.0,0.0,1.0,1.0,0.0,0.0,1,84.69,3.56
1.74110657025609,1.5246181334958726,0.046922723890708985,1.3048635614241955,-0.27320116919448634,-0.4449335077916302,0.8776459517999828,0.4759752907199674,-0.5832626452327563,1.0,0.0,0.0,0.0,0.0,1.0,0.0,1.0,0.0,1,86.12,3.28
0.18244472818028354,0.33424518271833964,-0.5125455918651269,-1.5314623577839535,0.45198337482975004,0.23948726663130068,0.04443066718244229,-0.4254930629163352,2.1723089070479817,0.0,0.0,1.0,0.0,0.0,1.0,0.0,1.0,0.0,0,71.48,2.76
-0.718873446563471,-0.595676204049084,-0.40257743744969027,0.5829046958518267,0.005103249338118883,-0.9552061650256064,-1.1446850150231258,1.37744364435627,2.1723089070479817,0.0,0.0,1.0,0.0,0.0,1.0,0.0,1.0,0.0,0,70.31,2.55
-0.5410862438025119,-1.5397262420993671,0.9142634687649603,0.7103345619762507,-0.8266885202879131,1.328635271046007,0.4888169480711732,0.4759752907199674,-0.5832626452327563,1.0,0.0,0.0,1.0,0.0,0.0,1.0,0.0,0.0,1,65.54,2.43
-0.36753714494800643,-0.42966425623135784,-0.44381539836679473,-1.2395152669475291,1.3516329343881324,-0.6531084961840521,-0.7620243204356016,-0.4254930629163352,-0.5832626452327563,0.0,0.0,1.0,0.0,1.0,0.0,0.0,1.0,0.0,1,74.5,3.25
0.42254949513228485,-0.01401249464787266,0.036826695457717995,-1.5146406670380104,0.09682758403775393,1.1641491543460831,1.9135436081562602,-1.3269614165526378,-0.5832626452327563,1.0,0.0,0.0,0.0,1.0,0.0,1.0,0.0,0.0,1,73.08,3.02
0.5272588285743308,0.5724854296002109,1.2541936324134884,-0.7237418095731725,1.733791050972124,-0.24013851440537828,1.6473194372510154,1.37744364435627,2.1723089070479817,1.0,0.0,0.0,1.0,0.0,0.0,1.0,0.0,0.0,1,88.49,3.97
-0.6363981476234003,0.8681294055351655,-1.4574457857026555,-0.6355532870342314,-1.610455209469319,0.20884243700054303,0.6442538946322897,0.4759752907199674,-0.5832626452327563,0.0,0.0,1.0,0.0,1.0,0.0,0.0,1.0,0.0,1,79.99,3.05
-0.053426027414125464,0.14021075042629816,-1.9364754129150832,0.8429099895281383,-0.5248329216160307,-0.5095209080975567,1.4513061712997115,-0.4254930629163352,-0.5832626452327563,1.0,0.0,0.0,0.0,1.0,0.0,1.0,0.0,0.0,1,72.74,3.21
1.74110657025609,1.4344958066665634,1.0120716703672135,-0.586441184588982,0.07391023578431352,-1.046549680692775,0.06922038790127917,-0.4254930629163352,-0.5832626452327563,0.0,0.0,1.0,0.0,0.0,1.0,1.0,0.0,0.0,1,75.29,2.87
1.74110657025609,1.584733535344921,-0.6238883510447475,-0.8391031563694882,1.1961313210184785,-1.7976908603817847,0.8162822643803449,1.37744364435627,-0.5832626452327563,1.0,0.0,0.0,0.0,0.0,1.0,0.0,0.0,1.0,1,81.65,3.17
0.43545142088282246,0.6369127834409885,-0.22066317774323718,-0.5834057612901474,0.4465446290389702,-1.0870859694540707,1.5757516915798535,1.37744364435627,-0.5832626452327563,1.0,0.0,0.0,0.0,0.0,1.0,1.0,0.0,0.0,1,74.17,3.51
0.012749125335844266,0.225183568730397,-0.7385812347526816,1.2245133363698755,0.3561399389692077,-0.3332130636972199,0.2618990451652894,-0.4254930629163352,-0.5832626452327563,0.0,0.0,1.0,0.0,0.0,1.0,0.0,1.0,0.0,1,86.83,3.31
0.09979808900954029,0.39328620886172383,-0.15528286779591668,0.06930638397157804,-1.1043439447446834,0.21902596878983221,-0.27195576323982995,0.4759752907199674,-0.5832626452327563,1.0,0.0,0.0,0.0,0.0,1.0,1.0,0.0,0.0,1,71.59,3.18
0.6234921987721457,1.560892407385736,1.2541936324134884,-0.13161804234014302,-1.1344910975272817,1.0420434968390442,-1.8174113122958153,-1.3269614165526378,-0.5832626452327563,0.0,0.0,1.0,0.0,0.0,1.0,1.0,0.0,0.0,1,87.54,3.5
-1.1129807075984486,-1.5346476453931275,1.0328130509920093,-0.05926482905240554,0.36836220945588605,-0.4588029473520311,-0.08850407291715667,-0.4254930629163352,-0.5832626452327563,1.0,0.0,0.0,1.0,0.0,0.0,0.0,1.0,0.0,1,71.37,2.64
-0.3007117870452951,-0.03224366532403255,1.1000479739137383,1.4057246534401462,-1.3449333758996824,-0.9083995721758631,0.8781093348290431,0.4759752907199674,-0.5832626452327563,1.0,0.0,0.0,1.0,0.0,0.0,0.0,1.0,0.0,1,81.26,2.96
-1.7983026144077865,-2.055554574074155,-1.4491044099530392,-0.7271163517010788,-0.49953792427402166,-1.4863711577758953,1.0084156445312578,1.37744364435627,-0.5832626452327563,1.0,0.0,0.0,0.0,1.0,0.0,0.0,1.0,0.0,0,66.12,2.67
0.3960798631600679,0.6362532687152973,-1.152537833866334,1.4302249365336026,0.5495976576460473,0.4954448253248688,0.537914560441188,-0.4254930629163352,0.7945231309076128,0.0,0.0,1.0,0.0,1.0,0.0,1.0,0.0,0.0,0,86.77,3.25
0.6592316723216518,0.16749195537200232,-3.041004453295182,0.2756208457686614,-0.957111244874145,1.426305731455691,-0.5770217543506007,1.37744364435627,-0.5832626452327563,0.0,0.0,1.0,0.0,1.0,0.0,1.0,0.0,0.0,1,77.31,3.03
-0.5403440618781178,-0.675602169797558,-0.7701590126751389,-0.11194124910963546,1.671510311333314,1.3058532483061112,-1.9990763948475567,-1.3269614165526378,-0.5832626452327563,0.0,1.0,0.0,0.0,1.0,0.0,1.0,0.0,0.0,1,68.62,2.36
1.6427535147399421,1.3545107589722412,1.2057527413955036,1.7971430333947969,1.2840560127920673,0.7323719280069468,-0.5278848290635834,1.37744364435627,-0.5832626452327563,1.0,0.0,0.0,0.0,0.0,1.0,1.0,0.0,0.0,1,91.06,3.71
-1.328378260134393,-0.7196748555487353,0.7137487536074368,-1.047338155291226,-1.5555274260802767,0.6587905340957887,-0.32437001480289707,-1.3269614165526378,-0.5832626452327563,0.0,0.0,1.0,0.0,0.0,1.0,1.0,0.0,0.0,0,69.57,2.47
-1.5815933017092865,-0.9758362181893576,-0.11244714107953223,-0.31388127490701534,-0.9063678773905038,1.7184816988697145,-0.3335227818878187,1.37744364435627,-0.5832626452327563,0.0,0.0,1.0,0.0,0.0,1.0,1.0,0.0,0.0,1,69.48,2.77
0.21061040167883027,-0.39435789577009095,0.1104342538979777,-1.2320641840630022,-2.2811869689188975,0.34291897921366493,0.6596706865910269,1.37744364435627,-0.5832626452327563,0.0,0.0,1.0,0.0,1.0,0.0,0.0,1.0,0.0,0,72.38,2.62
1.0836129876584992,1.0172851585694522,-0.6353477375003126,1.05088537306895,-0.7542182347684827,0.6666098267437421,2.1173583957439295,-1.3269614165526378,-0.5832626452327563,1.0,0.0,0.0,0.0,0.0,1.0,1.0,0.0,0.0,1,82.4,3.54
1.74110657025609,1.2447157622437919,0.3644702302775947,1.7971430333947969,0.819268991643664,-0.3299921216378078,0.13184944835440193,1.37744364435627,-0.5832626452327563,0.0,0.0,1.0,0.0,0.0,1.0,1.0,0.0,0.0,1,84.73,2.97
-0.5145542683774421,-1.0553699173867448,0.9922560023227146,1.7971430333947969,-0.37968843581818,-1.4032227826980768,-0.23095282567904507,0.4759752907199674,-0.5832626452327563,0.0,0.0,1.0,0.0,0.0,1.0,1.0,0.0,0.0,0,81.61,3.21
1.1171287585411274,0.9172386532627614,-1.672485635789382,1.334556276239249,0.5088428069920331,-0.7042048208416711,-0.27625768778052184,1.37744364435627,-0.5832626452327563,0.0,0.0,1.0,0.0,1.0,0.0,1.0,0.0,0.0,1,74.37,3.09
-0.06844629635279909,-0.19726369499053906,0.4706327373820063,-0.15081189140096396,-1.5056651305112159,-0.008799073948889713,0.13276169207309496,-0.4254930629163352,-0.5832626452327563,1.0,0.0,0.0,0.0,1.0,0.0,0.0,1.0,0.0,1,67.87,2.79
-0.21077485190201398,0.984859484912777,1.1786011169490946,-0.32595508223196573,0.851355523996269,0.0632929317850938,-0.8830289664389088,1.37744364435627,-0.5832626452327563,1.0,0.0,0.0,0.0,0.0,1.0,0.0,1.0,0.0,1,83.76,3.1
0.9101701806097001,1.0417948223613802,-0.32903416554362247,-1.6904929694680537,-0.5231369617775916,1.7184816988697145,0.12829816001737873,0.4759752907199674,-0.5832626452327563,1.0,0.0,0.0,0.0,0.0,1.0,1.0,0.0,0.0,1,82.51,2.95
0.6646724428583891,-0.04750596401723681,0.9193346019278368,1.7971430333947969,0.05311722597039674,0.08441391325066863,0.480814121318857,-0.4254930629163352,-0.5832626452327563,0.0,0.0,1.0,0.0,0.0,1.0,0.0,1.0,0.0,1,86.22,3.61
-1.700467416160949,-1.7939256270668607,1.2541936324134884,0.545703090883907,-0.05358892800824703,1.2156802020392163,0.22371394704060485,0.4759752907199674,-0.5832626452327563,0.0,0.0,1.0,0.0,0.0,1.0,1.0,0.0,0.0,1,70.06,2.78
1.5393421798772522,1.584733535344921,0.018644306357417505,-0.4583579241688518,-1.2509114927996057,-0.4477948004280537,0.4879895349092594,-0.4254930629163352,-0.5832626452327563,1.0,0.0,0.0,0.0,0.0,1.0,0.0,1.0,0.0,1,79.92,2.98
1.4369893172717123,1.584733535344921,0.5754197315475557,1.4433367061278919,-1.1305730069710445,-0.3206044914533963,0.4626189067068686,1.37744364435627,-0.5832626452327563,0.0,0.0,1.0,1.0,0.0,0.0,0.0,1.0,0.0,1,82.0,3.44
-0.6914354813664442,-1.3720301754186768,-0.6903613300512341,-0.9607438164211135,1.023861555348699,-1.3691727097458521,-1.8891427876135376,0.4759752907199674,0.7945231309076128,0.0,1.0,0.0,0.0,1.0,0.0,0.0,1.0,0.0,0,68.94,2.65
0.39245095299706123,-0.5340411140830913,0.3381695675303704,0.4805485550773592,0.4460598636172991,-0.764479493862126,0.6791977231196014,1.37744364435627,0.7945231309076128,1.0,0.0,0.0,0.0,0.0,1.0,0.0,1.0,0.0,1,75.29,2.88
0.4966902873994932,1.3574538629084638,0.6503403413508393,-0.12469896583353733,1.107417529385715,0.5438031765237925,-0.7153307894063744,-0.4254930629163352,-0.5832626452327563,0.0,0.0,1.0,0.0,0.0,1.0,1.0,0.0,0.0,1,89.7,3.41
0.24904957846212147,0.4239770682465576,0.3533755076739159,0.7230181175892897,0.3705498577406372,0.008433497017535058,-1.168298459735978,0.4759752907199674,-0.5832626452327563,0.0,1.0,0.0,0.0,0.0,1.0,0.0,1.0,0.0,1,77.86,2.96
-0.6115712444203004,-0.9560017912050894,-1.0054608941991547,-0.010749038467873525,0.186007979322031,0.9725320836713791,-1.1774816881286416,-1.3269614165526378,-0.5832626452327563,0.0,1.0,0.0,0.0,1.0,0.0,1.0,0.0,0.0,1,68.64,2.59
-0.7403156281653166,-0.40001411516596164,0.36626355780411657,-1.4603667997620924,-1.712563922144732,0.187460411814735,0.4623992610153532,0.4759752907199674,-0.5832626452327563,0.0,0.0,1.0,0.0,1.0,0.0,0.0,1.0,0.0,0,58.22,2.39
-0.054698929023530504,-1.3000317473850322,1.2541936324134884,0.1346458157229918,-0.23388933937974038,-0.3626343928410723,-0.23718305434113396,1.37744364435627,0.7945231309076128,0.0,0.0,1.0,0.0,0.0,1.0,0.0,1.0,0.0,1,70.14,3.12
1.2169338522554678,1.1129791255096013,0.6373220288754528,1.1516140006230484,0.01293741445248092,1.7184816988697145,-1.7932574323969421,-1.3269614165526378,0.7945231309076128,0.0,1.0,0.0,1.0,0.0,0.0,1.0,0.0,0.0,1,87.35,3.21
0.5492945486003392,0.6655133525459526,1.2116645343634571,0.025150016907783887,1.733791050972124,-0.09614562623315455,0.5098432075308109,-1.3269614165526378,2.1723089070479817,0.0,0.0,1.0,0.0,0.0,1.0,1.0,0.0,0.0,1,85.72,3.36
-0.4208811301199495,0.07517091882526213,-0.12978724343267373,0.8655793322679666,0.7385804058446902,1.1993512955172179,-1.5348411036413607,-0.4254930629163352,-0.5832626452327563,0.0,0.0,1.0,0.0,0.0,1.0,1.0,0.0,0.0,1,84.49,3.35
0.7913555470409066,0.24118825248709128,0.9743796176083163,-1.0367744218619408,1.601119174238013,-0.41288687083744774,0.1492209121652804,-1.3269614165526378,-0.5832626452327563,0.0,0.0,1.0,1.0,0.0,0.0,0.0,1.0,0.0,1,84.25,3.46
-3.050489164321235,-2.7014192292029175,0.4478315658399476,0.02823827513937307,0.6477467263945496,0.7320284264567062,0.25443557592943344,-1.3269614165526378,0.7945231309076128,0.0,0.0,1.0,0.0,0.0,1.0,1.0,0.0,0.0,0,72.44,3.1
1.19150368296308,0.6449494045591765,-0.9285040340792995,-0.596860377023504,-0.6818022046005843,0.9571509237516401,0.9443807435899692,-0.4254930629163352,-0.5832626452327563,1.0,0.0,0.0,0.0,0.0,1.0,1.0,0.0,0.0,1,76.71,3.04
-1.8737863337476437,-1.5574424381940701,0.49174838571180257,0.836182405603621,0.15973231173384084,0.2155347586530595,1.8998529301517268,0.4759752907199674,0.7945231309076128,1.0,0.0,0.0,0.0,1.0,0.0,1.0,0.0,0.0,0,84.61,3.26
-0.41220742721015124,-0.788923146095734,-0.9741357285868417,0.08858251251418328,0.28071608907231566,-2.426134503625043,-1.4549452885647394,1.37744364435627,-0.5832626452327563,0.0,1.0,0.0,0.0,1.0,0.0,0.0,0.0,1.0,1,66.06,2.76
-1.2157881233630248,-1.2811446745330604,-0.5726885059735042,0.7767212915568428,-0.9132595430904138,0.019454076545728692,-0.0558132909365744,0.4759752907199674,-0.5832626452327563,0.0,0.0,1.0,0.0,0.0,1.0,1.0,0.0,0.0,1,67.17,2.36
-1.4015125698099702,-1.730491549915593,0.34720635460587107,1.1922036766334079,-0.3497140123231625,1.2688816578420432,-0.2945048873275079,-1.3269614165526378,-0.5832626452327563,0.0,0.0,1.0,0.0,0.0,1.0,1.0,0.0,0.0,1,74.91,2.57
1.2043030571176523,1.411967633308968,0.4679437741980076,0.7783355242254506,-0.16826756363706868,0.5443179531981548,0.4626211208887193,1.37744364435627,-0.5832626452327563,0.0,0.0,1.0,0.0,0.0,1.0,1.0,0.0,0.0,1,75.32,3.53
-0.5239109121002781,-0.049412888253108904,-1.1951406811561434,0.341053415003523,1.6717783563935906,0.46016923562991074,0.23009299104563707,0.4759752907199674,-0.5832626452327563,1.0,0.0,0.0,0.0,1.0,0.0,1.0,0.0,0.0,1,75.33,2.85
0.34013355510843224,0.2071115838367353,1.2541936324134884,-0.9873336334901813,-2.072906234523587,-1.774496453775425,-0.37576458462042056,1.37744364435627,-0.5832626452327563,0.0,0.0,1.0,1.0,0.0,0.0,0.0,0.0,1.0,1,58.11,2.24
-0.07737333048388763,-0.0391832555329096,0.7753501449019464,0.05276648366429807,1.265651434171518,-0.7419349581193072,-0.4699738502596286,-1.3269614165526378,-0.5832626452327563,1.0,0.0,0.0,0.0,0.0,1.0,0.0,1.0,0.0,1,79.98,3.31
0.4786609702131788,-0.2494993219273558,-0.6530729184287998,-0.5013374614188364,-0.9108618639329217,0.42462926883407537,-1.1902756154854237,0.4759752907199674,-0.5832626452327563,0.0,0.0,1.0,0.0,1.0,0.0,0.0,1.0,0.0,1,75.57,3.09
0.05394370343877772,-0.08251552611579659,-1.5848806160659201,-0.3038276528412457,-1.3530327182748465,0.42362499759359273,1.0534412895776275,1.37744364435627,-0.5832626452327563,1.0,0.0,0.0,0.0,1.0,0.0,1.0,0.0,0.0,0,66.56,2.84
-1.389107792042454,-1.2661694933974887,-0.02673660959639723,-0.3356653260484601,1.2393657383736856,1.2526034688707484,0.4897619014847322,1.37744364435627,-0.5832626452327563,0.0,0.0,1.0,0.0,1.0,0.0,1.0,0.0,0.0,1,72.88,3.1
1.0296699913502272,1.584733535344921,-0.3635420856276171,-0.9682262572872837,0.7842328898110308,-0.1486736020090117,0.9787044258038734,0.4759752907199674,0.7945231309076128,1.0,0.0,0.0,0.0,0.0,1.0,0.0,1.0,0.0,1,84.56,3.09
-0.5515612043876632,-1.0185719900683157,0.26196665583236867,-1.989504825202066,1.3151222337180704,0.41892582070574463,-0.33082215863897535,0.4759752907199674,-0.5832626452327563,1.0,0.0,0.0,0.0,0.0,1.0,0.0,1.0,0.0,1,67.56,2.96
-1.6794445259140671,-0.8027036264953976,-0.27087438335301856,-0.6424511679004622,0.8541253576895985,0.01751818820965945,-0.7002120707037266,-1.3269614165526378,-0.5832626452327563,0.0,0.0,1.0,0.0,1.0,0.0,1.0,0.0,0.0,1,73.03,3.02
-0.4819017182841129,0.05484736846345642,-2.1105779955934234,0.2577358076814008,1.733791050972124,-1.0166049431581874,-1.149613443870674,-0.4254930629163352,3.550094683188351,0.0,1.0,0.0,0.0,1.0,0.0,0.0,1.0,0.0,0,76.54,3.14
1.565044149014565,1.560210280296085,-0.2991022598071498,-1.3530045741818297,0.6083187587358372,-2.324412655055909,0.38283161349724626,1.37744364435627,2.1723089070479817,0.0,0.0,1.0,0.0,1.0,0.0,0.0,0.0,1.0,0,68.62,2.83
0.8746851556358045,1.584733535344921,-0.206545571944708,0.07206367619236768,-0.11819810394673826,0.44488473273423146,-1.1085396438055406,0.4759752907199674,-0.5832626452327563,0.0,0.0,1.0,0.0,1.0,0.0,1.0,0.0,0.0,1,76.7,2.62
-0.39757457531348656,-0.168368584423673,0.8443300675648733,1.7971430333947969,0.3891070313566118,0.17992932349345556,1.9712683255236867,0.4759752907199674,0.7945231309076128,1.0,0.0,0.0,0.0,0.0,1.0,0.0,1.0,0.0,1,85.55,3.38
-0.398217213564749,-0.16077710639994403,-0.6457684779013173,1.1246481891177873,1.303897837400816,-0.6365144921051992,-1.3941332270586695,0.4759752907199674,-0.5832626452327563,0.0,1.0,0.0,0.0,1.0,0.0,0.0,1.0,0.0,1,70.01,2.61
-0.3689037137123591,-0.34623702661559336,1.2541936324134884,1.7729800363457071,-0.7509513145255231,-1.6682474572718362,0.29192609441773526,1.37744364435627,-0.5832626452327563,0.0,0.0,1.0,0.0,0.0,1.0,0.0,1.0,0.0,1,81.35,3.03
1.74110657025609,1.584733535344921,-2.0033777873675853,0.4643590317788395,-0.6214475236082363,0.6497164165675767,1.6707909943262425,-1.3269614165526378,-0.5832626452327563,1.0,0.0,0.0,0.0,1.0,0.0,1.0,0.0,0.0,1,84.47,3.28
0.37773397433126576,0.8789019610336176,1.2541936324134884,1.2755844097696523,-0.2730932664466345,-0.27344377937950687,0.6389144844249486,-0.4254930629163352,-0.5832626452327563,0.0,0.0,1.0,0.0,0.0,1.0,0.0,1.0,0.0,1,86.19,3.61
0.4287848612133591,0.09978386901970082,-0.11558619406115216,-0.7007780847283146,-2.0971257315471714,0.5746143615528385,0.187448378419724,1.37744364435627,0.7945231309076128,0.0,0.0,1.0,0.0,1.0,0.0,1.0,0.0,0.0,1,77.56,3.16
1.0657688631432374,0.34268770642691476,1.0970958386435283,-0.6175801358521723,0.18101803349747725,1.7184816988697145,-1.0325060178950753,-1.3269614165526378,0.7945231309076128,0.0,0.0,1.0,1.0,0.0,0.0,1.0,0.0,0.0,1,78.83,3.24
0.2258253640545373,0.11904298879530913,0.22466669256364044,-2.806393104857654,-1.8752153366753428,-2.206540845844778,-1.473170502766365,1.37744364435627,3.550094683188351,0.0,1.0,0.0,0.0,0.0,1.0,0.0,1.0,0.0,0,58.56,2.25
-0.3024793512011163,-0.6441597521440946,1.2541936324134884,1.2950564146877626,0.09465379726403285,-0.7204403804762035,0.8212004509769865,1.37744364435627,0.7945231309076128,1.0,0.0,0.0,1.0,0.0,0.0,1.0,0.0,0.0,1,83.57,3.42
-0.2359495133761226,-0.23115361202396859,-0.29800026171499827,1.665130182742339,0.9197350507476474,-0.2151631599865904,1.6060618380093534,0.4759752907199674,-0.5832626452327563,1.0,0.0,0.0,0.0,1.0,0.0,0.0,1.0,0.0,1,80.83,3.19
-0.10356477279645422,0.5117985942570277,-1.0937630604199557,-0.5223257870194156,-0.4436664245245385,1.5001367907455783,-0.4677857000778457,-1.3269614165526378,-0.5832626452327563,0.0,0.0,1.0,0.0,1.0,0.0,1.0,0.0,0.0,1,81.34,3.44
-0.06708133005322066,-0.26734231283741644,1.2541936324134884,-0.20967123319694572,1.733791050972124,-1.686006454033564,-1.2143841566842544,0.4759752907199674,3.550094683188351,0.0,0.0,1.0,1.0,0.0,0.0,0.0,1.0,0.0,0,75.89,3.17
0.7445888039638757,0.6642742956378013,0.008420788752174292,-0.7320172397981023,-1.4428534061172,1.7184816988697145,-1.9990763948475567,0.4759752907199674,0.7945231309076128,0.0,0.0,1.0,0.0,0.0,1.0,1.0,0.0,0.0,1,78.37,3.17
0.02754498012849002,0.0650472591917924,0.38326577432850156,0.45550438503494917,1.2508633679127266,0.1406684494518883,-1.0456008075087253,-1.3269614165526378,0.7945231309076128,0.0,1.0,0.0,0.0,0.0,1.0,1.0,0.0,0.0,1,73.86,2.79
0.7499060439400413,1.0961490576335495,1.2541936324134884,1.2310962962091305,0.7265738251889022,-0.09830710904274342,-0.12104946904226417,0.4759752907199674,2.1723089070479817,1.0,0.0,0.0,0.0,0.0,1.0,1.0,0.0,0.0,1,88.34,3.59
-0.11323806344148415,-1.1665636094728473,-1.0191774131434497,-1.7653086232585207,-1.702428693517492,-0.20349986455372798,1.7051972227446341,0.4759752907199674,-0.5832626452327563,1.0,0.0,0.0,0.0,1.0,0.0,1.0,0.0,0.0,0,60.2,2.46
0.05586799895354297,-0.22789787881352344,0.8016249626315376,0.4834914537166122,1.733791050972124,-0.44901699991098587,0.7178636086864021,-0.4254930629163352,0.7945231309076128,1.0,0.0,0.0,1.0,0.0,0.0,0.0,1.0,0.0,1,78.47,3.16
-2.148095823351951,-1.826298844154367,-0.5245958950073902,-0.23341095779052548,-0.023998840416853514,1.0809396449673376,0.32543321201602216,-1.3269614165526378,0.7945231309076128,0.0,0.0,1.0,0.0,0.0,1.0,1.0,0.0,0.0,0,78.62,3.05
0.9448375858929845,1.4406919433474172,-0.012488319269555079,0.1741610789960866,-0.8506122510117481,-1.1006877572687326,-0.42648960128527147,-1.3269614165526378,2.1723089070479817,1.0,0.0,0.0,0.0,0.0,1.0,1.0,0.0,0.0,1,77.22,2.96
0.3401172062489068,0.08381201861977283,0.21625042640291753,0.5352709366422715,-1.3885946095628112,0.3566610713811644,-0.6216619163912998,0.4759752907199674,-0.5832626452327563,0.0,0.0,1.0,0.0,1.0,0.0,1.0,0.0,0.0,1,68.28,2.8
1.03151999261777,0.04470743154365798,-1.5430786054450734,-0.1409711883899486,-0.18274407221923566,-0.3953365111514364,1.4989043909863604,0.4759752907199674,-0.5832626452327563,1.0,0.0,0.0,0.0,1.0,0.0,0.0,1.0,0.0,0,71.19,2.68
-3.1011225305906445,-2.4912506683704123,-0.7359863401255732,-0.05255811983239829,-0.08866765743329176,-0.784893041683846,0.21417367733431342,-1.3269614165526378,-0.5832626452327563,0.0,0.0,1.0,0.0,0.0,1.0,0.0,1.0,0.0,0,69.75,2.74
1.74110657025609,1.2802794233590762,1.2541936324134884,-0.16779608973643678,0.14502454767231704,1.7184816988697145,-1.9990763948475567,-1.3269614165526378,-0.5832626452327563,0.0,1.0,0.0,1.0,0.0,0.0,1.0,0.0,0.0,1,79.21,3.29
-0.1757148674946808,-0.7163835035036299,1.1268632408572783,1.0695408886561555,-0.2617527776260346,0.4325585838540254,-0.7180228523125011,1.37744364435627,-0.5832626452327563,0.0,0.0,1.0,1.0,0.0,0.0,1.0,0.0,0.0,1,74.66,3.07
1.1484366267653912,0.7503279430423497,0.06530226467423464,0.4932312218758518,0.6839989667167226,0.6327366249885977,-0.9149334997348549,-1.3269614165526378,-0.5832626452327563,1.0,0.0,0.0,0.0,0.0,1.0,1.0,0.0,0.0,1,81.36,3.02
-1.1311416181557936,-1.0975684784561401,0.40739288659366657,0.2861607921995013,-0.353007769336653,1.1733526152262415,-0.5823155794299427,1.37744364435627,-0.5832626452327563,1.0,0.0,0.0,0.0,0.0,1.0,1.0,0.0,0.0,1,78.06,3.18
0.6227025849942146,0.28493835692466485,-0.1938173164941363,-1.272313435956988,-1.9248234058488762,-1.4643503244556084,0.60033862727635,0.4759752907199674,-0.5832626452327563,1.0,0.0,0.0,0.0,1.0,0.0,0.0,1.0,0.0,0,61.75,2.88
-1.145478210403248,-2.0789616029080342,1.2541936324134884,-0.33989248162774316,-0.11096963863881476,1.7184816988697145,-0.11442598433631176,-0.4254930629163352,-0.5832626452327563,0.0,0.0,1.0,1.0,0.0,0.0,1.0,0.0,0.0,1,76.56,3.2
-0.6895319415114571,-0.18047891244568284,-0.08877236323714927,0.9946783824156329,-2.364180011511168,-2.58535178446041,-0.08182070989610032,-0.4254930629163352,-0.5832626452327563,0.0,0.0,1.0,0.0,1.0,0.0,0.0,0.0,1.0,1,67.85,2.66
1.74110657025609,1.584733535344921,0.39477118551144624,0.09506599954977171,0.4001228587040693,-0.7917296636979505,1.4006236713634506,1.37744364435627,-0.5832626452327563,1.0,0.0,0.0,0.0,0.0,1.0,1.0,0.0,0.0,1,84.25,3.63
-0.2299351473797849,0.11691518626774687,1.2541936324134884,0.7448083737728439,-0.9540393576037361,-0.47248473626238385,-0.7424627718496662,0.4759752907199674,-0.5832626452327563,0.0,0.0,1.0,1.0,0.0,0.0,1.0,0.0,0.0,1,65.44,3.06
0.20316181034999556,-0.34931776739490583,-0.7343466597842659,1.7971430333947969,0.2066999816217497,0.6002259645163719,1.987834026707251,0.4759752907199674,-0.5832626452327563,1.0,0.0,0.0,0.0,1.0,0.0,1.0,0.0,0.0,1,85.02,3.57
0.8957459632650833,0.7247509821210131,1.2541936324134884,1.1408955534480798,1.3756207903280808,0.2260750455416829,-0.7156429286512935,0.4759752907199674,-0.5832626452327563,1.0,0.0,0.0,0.0,0.0,1.0,1.0,0.0,0.0,1,86.36,3.11
0.49844309358595756,0.4593793820227037,-1.5769109025861217,0.15301684598656348,-0.9230044474785625,-0.1712954852567276,0.09524411569418148,-1.3269614165526378,-0.5832626452327563,0.0,0.0,1.0,0.0,1.0,0.0,1.0,0.0,0.0,1,74.69,3.11
0.13204576168697818,0.41854817331329114,1.2541936324134884,-0.4782443431045069,1.118802062794583,-0.011724528264762713,-0.2996956981682733,0.4759752907199674,-0.5832626452327563,0.0,0.0,1.0,1.0,0.0,0.0,0.0,1.0,0.0,1,77.07,3.35
0.3597204790717711,0.657482749829797,-0.2815689980088369,-2.6124733291850832,-0.399491496981515,-1.007411356569888,0.1317320883126824,-1.3269614165526378,0.7945231309076128,0.0,0.0,1.0,0.0,0.0,1.0,0.0,1.0,0.0,1,63.45,2.13
1.74110657025609,1.2329307911448308,-0.13614966508152737,-0.12026427701340682,1.733791050972124,-1.542562691667403,0.47418170087214717,1.37744364435627,-0.5832626452327563,0.0,0.0,1.0,0.0,1.0,0.0,1.0,0.0,0.0,1,83.0,3.51
-0.0887264114186802,-0.028468210672406836,-1.979177511017933,-0.2849660561025752,-0.33017492360150674,0.7494598450453667,0.46271234272425604,-0.4254930629163352,-0.5832626452327563,1.0,0.0,0.0,0.0,1.0,0.0,1.0,0.0,0.0,1,80.07,3.16
0.18582815243118359,0.3993072490145732,-0.37344467339223086,0.4635631655078479,-0.813035955834208,0.7156470647878702,-0.8028723208622068,1.37744364435627,0.7945231309076128,1.0,0.0,0.0,0.0,1.0,0.0,1.0,0.0,0.0,1,70.43,3.08
1.087386757789901,1.584733535344921,-1.0279615106272775,-0.10513474378121919,0.7388666829663719,1.6337863640610524,-1.1971676468325345,0.4759752907199674,-0.5832626452327563,0.0,1.0,0.0,0.0,1.0,0.0,1.0,0.0,0.0,1,84.95,3.38
1.1456171089589646,1.3845433811476195,-0.5444565432175091,-0.2790860646528344,-0.40192963441110346,-0.8136328380940921,2.669136312089208,0.4759752907199674,2.1723089070479817,1.0,0.0,0.0,0.0,0.0,1.0,0.0,1.0,0.0,1,85.78,3.5
1.2321105535064387,1.5031691043312223,-0.01824080209394014,-1.803579369873319,-0.8140076182993359,0.7147288080165043,-0.5159100661728624,1.37744364435627,0.7945231309076128,0.0,0.0,1.0,0.0,1.0,0.0,1.0,0.0,0.0,1,76.98,3.15
0.6502477484072333,0.6397647996243122,1.2069704851958876,-0.9264752383862312,-0.44464505698643914,-0.29177656044608385,0.7456699948497966,-1.3269614165526378,-0.5832626452327563,1.0,0.0,0.0,1.0,0.0,0.0,0.0,1.0,0.0,1,82.55,3.44
-1.240551532122308,-0.4320872071886423,0.3676526495199034,0.5537204102708265,-0.004557280804890054,1.227668881622721,-1.7140059839244208,-1.3269614165526378,-0.5832626452327563,0.0,0.0,1.0,0.0,0.0,1.0,1.0,0.0,0.0,1,75.16,3.1
1.7058370361256983,1.584733535344921,0.47961562118786494,1.7971430333947969,1.4041706093536936,1.0539826224548665,-0.2979994318795074,-1.3269614165526378,-0.5832626452327563,1.0,0.0,0.0,0.0,0.0,1.0,1.0,0.0,0.0,1,99.9,3.82
-1.2440964909673895,-1.5237726762961759,-1.0902935911802247,-0.046224616018670305,-1.9239331684371306,0.21833562406653437,-0.13548916379530188,-0.4254930629163352,-0.5832626452327563,0.0,0.0,1.0,0.0,1.0,0.0,0.0,1.0,0.0,0,61.52,2.41
0.2935798509566462,0.94996499166915,-0.850012111168011,0.39820061838600823,0.06420083208354309,-0.3493140084505539,0.504274470858749,-0.4254930629163352,-0.5832626452327563,0.0,0.0,1.0,0.0,0.0,1.0,0.0,1.0,0.0,1,79.28,3.17
-0.8280274606394482,-0.40098722696196804,1.2541936324134884,1.050902285919668,0.6755455881451625,0.9910781221404615,-1.9990763948475567,0.4759752907199674,-0.5832626452327563,0.0,0.0,1.0,1.0,0.0,0.0,1.0,0.0,0.0,1,79.56,3.43
-0.09564503774860701,-0.28630573546529964,-0.6871659551063386,-0.7916086071756753,0.23726424641033284,0.6674084651237547,0.17728373940058106,1.37744364435627,0.7945231309076128,0.0,0.0,1.0,0.0,0.0,1.0,1.0,0.0,0.0,1,71.14,2.94
0.3213060870096588,0.07277039891364635,1.2541936324134884,0.4389540117481974,1.3713443721439318,-0.7048144840748258,-1.225771619347718,1.37744364435627,-0.5832626452327563,0.0,1.0,0.0,1.0,0.0,0.0,0.0,1.0,0.0,1,71.5,2.73
0.31344760298054114,0.43755145907003923,-0.1365551788045302,-0.7180451069074824,-0.034766594659168835,-1.3679266256073914,0.34596945677332896,0.4759752907199674,-0.5832626452327563,0.0,0.0,1.0,0.0,0.0,1.0,0.0,1.0,0.0,1,62.14,2.3
0.4201668695385599,0.613764025414764,0.13794379049457858,0.9593147351620815,-0.1467163475207313,-0.29675091704158285,-1.1048461345390557,-1.3269614165526378,-0.5832626452327563,0.0,1.0,0.0,0.0,0.0,1.0,0.0,1.0,0.0,1,85.08,3.53
1.6849096497688558,1.584733535344921,1.2541936324134884,0.21387553458732458,0.6424561659456564,1.5625847335078076,-0.9120190884832592,-0.4254930629163352,-0.5832626452327563,1.0,0.0,0.0,1.0,0.0,0.0,1.0,0.0,0.0,1,79.17,3.07
0.4537155554702695,0.5712850223296683,1.2541936324134884,0.3675237375264455,0.1416401209413321,1.1823304394163558,-0.29161782658672253,1.37744364435627,-0.5832626452327563,0.0,0.0,1.0,0.0,0.0,1.0,1.0,0.0,0.0,1,85.74,3.58
-0.28668266399915543,0.5680586084231976,0.011405868556785409,-0.7620433950848954,-0.3558306417728699,-1.1458395277188946,-1.121906377993031,0.4759752907199674,-0.5832626452327563,0.0,1.0,0.0,0.0,0.0,1.0,1.0,0.0,0.0,1,63.66,2.54
0.995520549005125,1.4248708845575333,-0.29898603251770534,0.7944410676531883,0.5650652795399831,-1.2029714120569535,-0.506900392928083,-1.3269614165526378,-0.5832626452327563,0.0,0.0,1.0,0.0,1.0,0.0,1.0,0.0,0.0,1,76.38,3.35
1.234700106161876,1.2187551716377454,0.07281969053099652,1.7971430333947969,-0.6220973555598477,1.3144633209705099,-1.2722965765563585,-1.3269614165526378,2.1723089070479817,0.0,1.0,0.0,0.0,0.0,1.0,1.0,0.0,0.0,1,89.83,3.45
-1.3303331746796987,-0.7379750218281349,0.5134941548528006,-0.9974683737673412,-0.5800919718690649,-1.1698636321622966,-1.9544757628415135,-0.4254930629163352,-0.5832626452327563,0.0,1.0,0.0,1.0,0.0,0.0,1.0,0.0,0.0,1,65.24,2.9
0.6063876816216122,0.06522059351485518,1.1325831530535275,-0.2993295009412615,-0.4955927488310748,0.5255740703418543,1.0855304953675264,-0.4254930629163352,-0.5832626452327563,1.0,0.0,0.0,1.0,0.0,0.0,1.0,0.0,0.0,1,78.75,3.35
0.7165125203813465,0.8501186567857173,0.14011643243565688,0.29767947452258,1.4152319204717432,-0.6343460687976602,-1.3817712780243796,0.4759752907199674,-0.5832626452327563,0.0,1.0,0.0,0.0,1.0,0.0,0.0,1.0,0.0,1,85.54,3.33
-0.34335869050321355,0.5692734488945336,0.8277999613372862,0.8773771582345358,-3.2312230884382376,1.6673363554997156,-0.1903811645834306,0.4759752907199674,-0.5832626452327563,0.0,0.0,1.0,1.0,0.0,0.0,1.0,0.0,0.0,1,77.81,2.94
1.4323363885079983,1.201404554450256,1.2541936324134884,-0.5289806646357896,0.44261285297863634,-0.7934389724860198,0.802904688799529,-1.3269614165526378,-0.5832626452327563,1.0,0.0,0.0,1.0,0.0,0.0,1.0,0.0,0.0,1,87.1,3.87
-0.1868214720226424,-0.5625178285551149,0.5619968829457819,-2.9044969045066633,0.07556904966109129,1.179108840629998,-0.6555455255692711,-1.3269614165526378,0.7945231309076128,1.0,0.0,0.0,1.0,0.0,0.0,1.0,0.0,0.0,0,61.75,2.29
0.10568264585023127,-0.2046604675179866,0.4840642348596507,1.4758665189744782,-1.666709571774678,0.1911757975224537,-0.8796938943336677,1.37744364435627,2.1723089070479817,1.0,0.0,0.0,0.0,1.0,0.0,1.0,0.0,0.0,0,71.34,2.91
-0.21124658661253176,-0.7005373296103019,-1.5639879975111943,0.8503146893512069,0.3553821613826374,0.2605795090863046,0.24136249478029587,-1.3269614165526378,-0.5832626452327563,0.0,0.0,1.0,0.0,1.0,0.0,0.0,1.0,0.0,1,75.0,3.07
-0.011047956728992123,-0.37365248419586794,-2.807902124572959,-1.7654920587112384,0.5240341637141204,-2.030164355204328,1.1921304306355083,0.4759752907199674,-0.5832626452327563,1.0,0.0,0.0,0.0,1.0,0.0,0.0,1.0,0.0,0,61.31,2.45
-1.1909612651152313,-1.2407101827770979,0.5699025224898222,-0.5791583847354164,0.6397232851083913,-2.2699110954785815,-1.2466421359960647,-0.4254930629163352,-0.5832626452327563,0.0,1.0,0.0,0.0,0.0,1.0,0.0,0.0,1.0,1,61.38,2.61
-1.5557803757059823,-2.066153839732931,0.029293764637565122,1.6942388985091419,-2.653029308411939,-0.22669707818084267,-0.15995787855518676,0.4759752907199674,-0.5832626452327563,0.0,0.0,1.0,0.0,0.0,1.0,1.0,0.0,0.0,1,67.87,2.53
1.6645277874687041,1.5230604988440763,-0.44055977658035966,1.568450054717725,1.4287629202655225,0.25512832960954007,-1.8471304287339079,1.37744364435627,-0.5832626452327563,0.0,1.0,0.0,0.0,0.0,1.0,0.0,1.0,0.0,1,93.55,4.0
-0.9263864535561217,-0.3918813803427442,0.40784795756067105,1.0364431066921496,-0.7086539030641721,-1.1591050612166012,-0.41911260308735376,1.37744364435627,-0.5832626452327563,0.0,0.0,1.0,0.0,1.0,0.0,0.0,1.0,0.0,1,72.67,2.74
-1.079658411722165,-1.3976338974332048,0.06780375304191547,-0.12833859334551878,0.7381853676987888,-1.121479801105821,0.03660744629749371,-0.4254930629163352,-0.5832626452327563,0.0,0.0,1.0,0.0,0.0,1.0,0.0,1.0,0.0,1,60.92,2.41
-2.31278475781244,-1.348256809209691,1.2541936324134884,0.14238946398631563,0.7935537759787417,0.5793534445748574,-0.9111041907649098,0.4759752907199674,-0.5832626452327563,0.0,0.0,1.0,1.0,0.0,0.0,1.0,0.0,0.0,1,68.06,2.43
-0.7056547142830661,-0.38013466138560487,0.2317256922202203,-0.08112402293709996,-0.8498128638559865,0.5807777239724232,-0.4871293868230571,1.37744364435627,0.7945231309076128,0.0,0.0,1.0,0.0,1.0,0.0,1.0,0.0,0.0,0,84.38,3.58
-1.4316598266019345,-0.7867049156634377,-0.7002809213636941,1.2345519605021797,0.7116645054104345,-0.14132911772848214,-1.5013808188148192,0.4759752907199674,0.7945231309076128,0.0,1.0,0.0,0.0,1.0,0.0,0.0,1.0,0.0,1,83.03,3.7
1.7149460877566844,1.2458860621978565,1.2431915260896134,-0.8594719154773184,-0.35083737321969105,0.804798461195321,0.08232164383137283,1.37744364435627,-0.5832626452327563,0.0,0.0,1.0,1.0,0.0,0.0,1.0,0.0,0.0,1,78.58,3.54
1.044049704737222,1.364705732586158,-0.10754430703945833,-0.7862856983841894,-2.063394745065496,-1.2096141774483968,1.125767669334907,-0.4254930629163352,-0.5832626452327563,1.0,0.0,0.0,0.0,0.0,1.0,0.0,1.0,0.0,1,75.81,3.26
-0.757854260066581,-1.1952723975170176,0.7244783256120996,1.111292575669248,1.2269725067302841,-0.36622246567848327,-1.1696895994621257,1.37744364435627,2.1723089070479817,0.0,1.0,0.0,1.0,0.0,0.0,1.0,0.0,0.0,0,79.34,3.1
1.74110657025609,1.584733535344921,-0.3987476589471239,0.009325268926965185,-0.7465524388885447,1.6991157328854334,-0.6637851244640232,0.4759752907199674,-0.5832626452327563,0.0,0.0,1.0,0.0,0.0,1.0,1.0,0.0,0.0,1,88.08,3.52
1.0142809986549886,1.010691423747588,-0.591648536730581,1.4960095560339435,-0.8272579434487989,0.07106110014087245,0.5359752497867889,0.4759752907199674,0.7945231309076128,0.0,0.0,1.0,0.0,0.0,1.0,1.0,0.0,0.0,1,77.35,3.03
-0.3722957009267914,-0.05873789175640544,0.22955225008118849,-0.6459715318340962,-0.3686880279644228,0.1308320393850585,1.292524942802951,1.37744364435627,-0.5832626452327563,1.0,0.0,0.0,0.0,0.0,1.0,1.0,0.0,0.0,1,70.4,2.57
-2.679980777675006,-2.9712024114497813,0.14973683519696046,-0.001559138675431508,0.31729895378010836,1.7184816988697145,-1.5919724127730066,-1.3269614165526378,-0.5832626452327563,0.0,0.0,1.0,0.0,0.0,1.0,1.0,0.0,0.0,1,76.13,2.99
1.74110657025609,1.1558323306335077,0.6722191223550642,-0.908132546003723,-0.017421522657627073,-1.4416668113595907,-0.17982942374672575,-0.4254930629163352,-0.5832626452327563,1.0,0.0,0.0,1.0,0.0,0.0,0.0,1.0,0.0,1,66.8,2.85
-1.5022120588035777,-1.0580740740765464,-0.16517942408669095,0.06337074583395377,0.5974932367665323,0.8215253959702784,0.3020242035599275,-0.4254930629163352,0.7945231309076128,0.0,0.0,1.0,0.0,1.0,0.0,1.0,0.0,0.0,1,76.85,2.9
-1.7736980597771619,-2.0438607263149833,-1.9191529421692233,-1.489225367447466,-1.319927273418915,1.7157190125890658,-0.1086805215881861,1.37744364435627,-0.5832626452327563,0.0,0.0,1.0,0.0,1.0,0.0,1.0,0.0,0.0,0,61.31,2.0
1.057583709129167,1.1894151494882788,-0.3488075529977752,-0.4538404055807117,-0.7133771341053221,-0.33419127761766915,-1.9990763948475567,1.37744364435627,-0.5832626452327563,0.0,1.0,0.0,0.0,0.0,1.0,1.0,0.0,0.0,1,76.18,2.8
1.74110657025609,0.9296259398237745,1.0235157526976653,-1.4450342144314514,-0.07707733571950018,0.8866663413136378,0.534422541242863,-1.3269614165526378,-0.5832626452327563,1.0,0.0,0.0,1.0,0.0,0.0,1.0,0.0,0.0,1,79.4,3.34
1.4414267387801079,1.584733535344921,-0.19732318874904556,0.7807436135986937,1.733791050972124,-1.0115305392149054,1.6201246878264441,-0.4254930629163352,0.7945231309076128,1.0,0.0,0.0,0.0,0.0,1.0,0.0,1.0,0.0,1,86.85,3.13
0.5708466730025598,-0.06271199950126873,-0.14027209214582587,0.8044269578108898,-0.07485823892253887,-0.7071768516284211,0.12452704941245821,-1.3269614165526378,2.1723089070479817,0.0,0.0,1.0,0.0,0.0,1.0,1.0,0.0,0.0,1,75.11,2.91
0.6035800022700228,0.8221038117166336,1.2389515363421035,-1.7522379745212024,1.1431472492318053,0.39742772974881263,-1.099276973202711,-0.4254930629163352,3.550094683188351,0.0,1.0,0.0,0.0,0.0,1.0,0.0,1.0,0.0,1,71.84,2.8
0.878074473238598,1.1051342031035982,-0.661178460924297,1.4494271572937623,0.07992017390044578,0.8237272962492868,-0.5469836042085581,1.37744364435627,2.1723089070479817,0.0,0.0,1.0,0.0,1.0,0.0,1.0,0.0,0.0,1,84.0,3.41
0.7778037374221289,0.380909955427181,-1.5907190365013664,1.7971430333947969,-0.45055590641622434,1.1559952781902363,1.8873013698289112,-0.4254930629163352,-0.5832626452327563,1.0,0.0,0.0,0.0,1.0,0.0,1.0,0.0,0.0,1,91.02,3.69
0.27082317011598733,0.5358409671439749,-0.044331614127826116,0.10374875128431657,-0.20987300742147347,1.6184641321121678,0.9703816672123357,-0.4254930629163352,-0.5832626452327563,1.0,0.0,0.0,0.0,0.0,1.0,1.0,0.0,0.0,1,81.52,3.34
0.0829988615411206,0.21212252131442141,-0.4063144424892282,-0.6142093483205007,-0.1303293870832876,-0.06887627190226547,0.6825632892355423,-0.4254930629163352,-0.5832626452327563,1.0,0.0,0.0,0.0,1.0,0.0,0.0,1.0,0.0,1,81.47,3.23
-0.09400523263006022,-0.33072943590897175,-0.945661639571973,1.7971430333947969,0.6539513985052772,1.2309019639515353,0.3801606644453747,-1.3269614165526378,-0.5832626452327563,1.0,0.0,0.0,0.0,0.0,1.0,1.0,0.0,0.0,1,88.28,3.34
-0.8276971464686914,-1.218392571503588,-0.060831075737697964,-1.3224851696510285,1.4371148591542175,-0.35217389006967165,-0.704798685343422,-1.3269614165526378,0.7945231309076128,0.0,0.0,1.0,0.0,1.0,0.0,1.0,0.0,0.0,0,71.23,3.03
-0.3254364842001099,-1.2219825939113056,0.6852852655210981,0.0766864626890818,0.40612658476769015,0.9304305870512414,-0.21372162472172485,-0.4254930629163352,0.7945231309076128,0.0,0.0,1.0,1.0,0.0,0.0,1.0,0.0,0.0,0,75.99,2.69
-1.8241672667673738,-1.4674615684182546,0.12499189364140556,0.24336121663358365,1.246614183094854,0.214500784205977,-0.08294808346458708,0.4759752907199674,-0.5832626452327563,1.0,0.0,0.0,0.0,0.0,1.0,1.0,0.0,0.0,1,72.75,3.07
-0.13193985774574174,-0.856609409907962,0.47883739880171716,1.4611944566380233,-0.9392992852918026,0.46000332506710884,0.5861187897441187,-1.3269614165526378,-0.5832626452327563,0.0,0.0,1.0,0.0,0.0,1.0,1.0,0.0,0.0,1,88.03,3.75
-1.0766856988692337,-0.9142818133652112,1.2541936324134884,0.4315614199053704,-0.38043564021964205,0.4371525764968724,1.6090171053374323,1.37744364435627,2.1723089070479817,1.0,0.0,0.0,0.0,0.0,1.0,1.0,0.0,0.0,0,83.99,3.83
-1.1987232164613968,-1.1964187249273313,-0.24823213874114416,-0.46533457336788725,-0.6950071821002131,-1.6533351791997373,1.1925615293110565,1.37744364435627,-0.5832626452327563,1.0,0.0,0.0,0.0,0.0,1.0,0.0,1.0,0.0,0,66.01,2.49
0.16332525596291728,0.4852976644955869,0.4468031520530975,-0.9381951694738964,0.36017461659749217,-1.1579960554604898,-1.5132775634334723,-0.4254930629163352,-0.5832626452327563,0.0,1.0,0.0,0.0,1.0,0.0,1.0,0.0,0.0,1,79.6,3.07
1.4496293452923992,1.1767704596334339,-0.4343287764580752,-0.301484891002221,-0.3238826927932607,0.106331090228404,0.23897077497197003,1.37744364435627,-0.5832626452327563,0.0,0.0,1.0,0.0,0.0,1.0,0.0,1.0,0.0,1,80.99,3.25
0.9469482642970736,0.7096766396827706,-0.8115313599082598,-0.9964398631004587,0.7820741345535522,-1.7384446286676196,0.7857085377012505,-1.3269614165526378,-0.5832626452327563,1.0,0.0,0.0,0.0,1.0,0.0,0.0,0.0,1.0,1,65.0,2.6
-1.6942152271352109,-1.1669507925870812,-0.5190162762101268,0.10564931666606105,-0.9049766776182707,0.8573740509551193,0.6599947970798742,0.4759752907199674,-0.5832626452327563,0.0,0.0,1.0,0.0,0.0,1.0,1.0,0.0,0.0,1,70.76,3.0
-1.0777862072679698,-0.8004091531871805,-0.40025566362583215,-0.5338392429427221,0.0844667929647894,0.8989576751221661,-0.670781834157285,0.4759752907199674,-0.5832626452327563,0.0,0.0,1.0,0.0,1.0,0.0,1.0,0.0,0.0,1,75.91,3.14
0.9707773433982522,1.0405578781154743,0.537569001285348,-1.5054114416006625,0.7384801228296769,0.3378572846292021,3.1072971244366037,0.4759752907199674,-0.5832626452327563,1.0,0.0,0.0,1.0,0.0,0.0,0.0,1.0,0.0,1,89.78,3.52
-1.0702083627702095,-0.729254941696331,1.2541936324134884,1.3671534107094594,-2.0572242337851945,-1.1549164696124046,-1.3615508300450585,1.37744364435627,3.550094683188351,0.0,0.0,1.0,1.0,0.0,0.0,0.0,1.0,0.0,0,83.89,3.34
-0.2659641008264124,-0.9636377374914203,-0.6657322498743363,-0.4643300553473193,1.733791050972124,1.4231563356358958,-1.1548096709033548,-0.4254930629163352,-0.5832626452327563,0.0,0.0,1.0,0.0,1.0,0.0,1.0,0.0,0.0,1,75.75,3.22
0.5561414315339979,0.877250096565443,-0.33074036882459956,-1.2693721885431242,-0.2468768100258931,1.7184816988697145,0.24920686634749042,1.37744364435627,-0.5832626452327563,1.0,0.0,0.0,0.0,1.0,0.0,1.0,0.0,0.0,1,80.66,2.97
-1.055199701971558,-0.6470814481909968,0.06476139207478297,-0.12013284375887427,-2.0163243482891273,0.15223390608920143,2.2571717915481466,-0.4254930629163352,2.1723089070479817,1.0,0.0,0.0,0.0,1.0,0.0,0.0,1.0,0.0,0,70.12,2.76
0.08424515162111386,-0.3987272563245815,0.5782075798764161,0.12711766276915762,0.20135020135436985,0.5268522001751493,-0.8914534806331864,0.4759752907199674,-0.5832626452327563,1.0,0.0,0.0,1.0,0.0,0.0,1.0,0.0,0.0,1,72.49,3.01
-1.4432649278008383,-1.4079797131942813,0.43024720586710075,-1.7691691926058906,0.07472759764575462,0.2085740869897948,-0.2833019049719739,-1.3269614165526378,-0.5832626452327563,0.0,0.0,1.0,0.0,0.0,1.0,0.0,1.0,0.0,1,58.13,2.11
-0.6657593881407222,-0.6077034641274041,1.2541936324134884,0.4022093953416622,-0.042435082752966626,0.5472949941388662,1.1487979913536777,1.37744364435627,0.7945231309076128,1.0,0.0,0.0,1.0,0.0,0.0,1.0,0.0,0.0,1,83.14,2.62
0.311775895045287,0.22947973911785258,-2.5792867329569886,-1.0384755720070977,1.0476283723364748,-0.12258853892284381,-0.018908667054311594,-1.3269614165526378,-0.5832626452327563,1.0,0.0,0.0,0.0,1.0,0.0,1.0,0.0,0.0,1,76.36,3.34
-1.7180852137668494,-1.3792269044084555,-2.5351360441094344,1.7971430333947969,0.8000257693518913,-0.034984324368834765,-0.35663356632837007,0.4759752907199674,0.7945231309076128,0.0,0.0,1.0,0.0,1.0,0.0,0.0,1.0,0.0,1,78.29,3.13
0.4398565857000665,1.0954807049356974,-0.41940923711786143,0.603153094677822,0.3433440776393794,0.9341682186497607,0.6032412093226966,-0.4254930629163352,-0.5832626452327563,0.0,0.0,1.0,0.0,0.0,1.0,1.0,0.0,0.0,1,85.25,3.16
-0.048420508204836274,0.48700357676230527,1.2541936324134884,-0.36216956500804093,0.49803282970230545,1.7184816988697145,0.290708302771905,-1.3269614165526378,-0.5832626452327563,0.0,0.0,1.0,1.0,0.0,0.0,1.0,0.0,0.0,1,90.63,3.81
0.5587285137172192,-0.1118445298216719,-1.6162780331583866,-0.7229327008988015,-0.06525457084056542,-1.4424182654575317,1.0988391064376906,1.37744364435627,-0.5832626452327563,1.0,0.0,0.0,0.0,1.0,0.0,0.0,1.0,0.0,1,82.93,3.28
0.21003980426676197,0.5001365747986855,-3.2295839299832183,-0.05400094567583929,1.733791050972124,-0.10635878831651259,1.3771616812277947,-1.3269614165526378,-0.5832626452327563,1.0,0.0,0.0,0.0,1.0,0.0,0.0,1.0,0.0,1,72.6,2.7
1.420061999982599,1.584733535344921,0.7744250324737858,0.6959699574020868,-1.4618443123280345,-1.216064520334934,0.3274779062993948,-1.3269614165526378,0.7945231309076128,0.0,0.0,1.0,1.0,0.0,0.0,0.0,1.0,0.0,1,67.55,2.78
0.10530915129925662,0.29282299703003445,0.4079900682158438,0.02903934715265257,0.1826161909266025,1.641548106986088,0.3111959572234688,1.37744364435627,-0.5832626452327563,0.0,0.0,1.0,0.0,1.0,0.0,1.0,0.0,0.0,1,84.47,3.39
-0.483271085609981,0.09871210029554225,-1.0843516134451712,-0.1712270965685893,0.1068084263692865,-0.6051428700856367,0.22843200351334852,-0.4254930629163352,2.1723089070479817,0.0,0.0,1.0,0.0,1.0,0.0,1.0,0.0,0.0,0,78.32,3.01
0.1022029832390554,1.0689096862659138,-0.9672471476663839,0.11666753798844096,0.8669028279366392,-1.4868720880913524,0.5216708102603145,1.37744364435627,0.7945231309076128,1.0,0.0,0.0,0.0,1.0,0.0,0.0,1.0,0.0,1,69.55,2.63
0.5489739292351851,0.9986808703425762,-0.9495745641583238,-0.5752820284699696,-0.8164500225438522,0.6584232751664901,0.058962331952567726,0.4759752907199674,-0.5832626452327563,1.0,0.0,0.0,0.0,0.0,1.0,1.0,0.0,0.0,0,79.35,2.97
0.024270274714301557,0.15375063456034174,0.25905200064408945,-0.3029311152517147,-1.7305053472620986,1.7184816988697145,-0.000511989774850681,-0.4254930629163352,0.7945231309076128,0.0,0.0,1.0,0.0,0.0,1.0,1.0,0.0,0.0,1,74.62,3.13
0.015495768902698766,0.527149778661223,-0.5653435223569492,-2.12372358616699,0.2000592114422795,0.6846143680338659,1.276036926699613,-1.3269614165526378,-0.5832626452327563,1.0,0.0,0.0,0.0,0.0,1.0,1.0,0.0,0.0,1,74.75,2.74
-0.7725428634251644,-0.615874936049457,0.6881474845081558,1.073103957234107,0.32643501673150993,0.21172724078330762,1.6166911903155279,1.37744364435627,-0.5832626452327563,1.0,0.0,0.0,1.0,0.0,0.0,0.0,1.0,0.0,1,78.58,2.98
-0.7310592563316801,-0.6363854753653346,-3.0583997088877504,0.36788523057329847,1.5539223009642824,0.42234449796323353,-1.6072870601869553,0.4759752907199674,0.7945231309076128,0.0,0.0,1.0,0.0,1.0,0.0,0.0,1.0,0.0,0,66.51,2.68
-1.5160426321052927,-1.52513646760449,-0.8232700728002272,-0.7524903218733768,-1.2497062462697295,1.4589235519929518,0.010821826067048824,1.37744364435627,-0.5832626452327563,0.0,0.0,1.0,0.0,0.0,1.0,1.0,0.0,0.0,0,62.22,2.78
1.74110657025609,1.584733535344921,-1.124455963748334,1.7971430333947969,1.2137179047665467,-0.9003997666173363,-0.734181597525055,-0.4254930629163352,-0.5832626452327563,0.0,0.0,1.0,0.0,1.0,0.0,0.0,1.0,0.0,1,88.2,3.55
-1.347583626961804,-1.596788697861266,-0.15141238803380988,0.14659934678909894,1.733791050972124,-0.1146401054325354,-0.3314356025590042,0.4759752907199674,-0.5832626452327563,0.0,0.0,1.0,0.0,1.0,0.0,1.0,0.0,0.0,1,71.4,2.97
-0.7629001682569128,0.05768837885691199,-0.4665889755888244,-1.0269672754865706,-0.3429867446749829,-0.465948499470124,0.42931851935508186,-1.3269614165526378,-0.5832626452327563,1.0,0.0,0.0,0.0,0.0,1.0,0.0,1.0,0.0,0,71.93,2.9
-0.7899632768284663,-0.4615088407815657,1.0280193112751486,0.9508647789611904,-1.2706120313416656,-1.2030826161792036,0.7139234839431399,-0.4254930629163352,-0.5832626452327563,1.0,0.0,0.0,1.0,0.0,0.0,0.0,1.0,0.0,1,75.86,3.22
0.9221241425689177,0.17460167736658416,-1.9448598169567923,0.4715899509383279,-0.37265836511914124,-0.33781660780710865,-0.11941768576024193,0.4759752907199674,-0.5832626452327563,0.0,0.0,1.0,0.0,1.0,0.0,1.0,0.0,0.0,1,66.86,3.06
-0.3405848671320962,-0.11903742236563404,0.18628032630626656,0.46796606833962584,0.0549815482621447,1.1423740915580165,-1.9990763948475567,-0.4254930629163352,-0.5832626452327563,0.0,0.0,1.0,0.0,1.0,0.0,1.0,0.0,0.0,1,78.07,3.04
1.2965386288909937,0.17695688414376995,0.7600561797043034,-0.38918555988897974,0.6134629181393723,0.5846404614563808,-1.0288401897924802,-1.3269614165526378,-0.5832626452327563,0.0,1.0,0.0,0.0,0.0,1.0,1.0,0.0,0.0,1,79.27,3.17
-0.7422971835664114,-0.3582560934560604,1.2541936324134884,0.5263912624900029,-0.559996559505655,0.6647347942912158,0.9560269212384025,0.4759752907199674,-0.5832626452327563,1.0,0.0,0.0,1.0,0.0,0.0,1.0,0.0,0.0,1,86.57,3.5
0.2684914088757135,0.6790254777071963,-0.403620371158402,-0.21782817057231496,1.6205593108025695,0.1516142303820292,-1.9990763948475567,1.37744364435627,-0.5832626452327563,0.0,0.0,1.0,0.0,0.0,1.0,0.0,1.0,0.0,1,85.17,3.51
-0.9140612205222199,-1.0969516996908881,0.49839142913408335,0.6365693145195117,-1.091411034460007,0.5400332635487112,1.2662274868424432,1.37744364435627,-0.5832626452327563,1.0,0.0,0.0,0.0,1.0,0.0,1.0,0.0,0.0,1,71.72,2.9
1.74110657025609,1.584733535344921,-1.8827949962117572,-1.9347592810971534,-1.7259672146898426,-0.824530727808148,0.5558967367014334,-1.3269614165526378,0.7945231309076128,0.0,0.0,1.0,0.0,1.0,0.0,1.0,0.0,0.0,0,67.32,2.58
-1.2878747105126058,-0.21429366237039668,-2.5407595550071953,-0.3976677415313472,1.1649753876037066,-0.31837198609051653,1.403505652027623,0.4759752907199674,-0.5832626452327563,1.0,0.0,0.0,0.0,1.0,0.0,0.0,1.0,0.0,0,61.88,2.47
0.30120492147845557,0.04203704824822327,1.0805257128078143,1.7971430333947969,-2.269854246141211,0.1985407806050033,-0.21158700478785666,-1.3269614165526378,-0.5832626452327563,1.0,0.0,0.0,1.0,0.0,0.0,1.0,0.0,0.0,1,84.35,3.86
0.6449912017972056,0.08744022555221696,0.1291631156069499,-0.7458152272115225,-0.16660443526605076,0.28667797764452635,-1.9990763948475567,-1.3269614165526378,-0.5832626452327563,0.0,0.0,1.0,0.0,1.0,0.0,0.0,1.0,0.0,1,76.87,3.14
0.41154806728007304,1.094016967182705,1.2541936324134884,-0.5752604686994559,1.733791050972124,0.3306601877686986,0.45900969476922926,-0.4254930629163352,-0.5832626452327563,0.0,0.0,1.0,0.0,0.0,1.0,0.0,1.0,0.0,1,72.05,2.5
-0.22421018081376212,0.7503239318177546,-1.4011923207059724,-0.41238787015098566,0.028520897856566536,-0.14194158452048294,1.3592319215643964,1.37744364435627,-0.5832626452327563,1.0,0.0,0.0,0.0,1.0,0.0,0.0,1.0,0.0,1,74.35,2.9
-0.16534796027540108,-0.13518377230599557,0.7170555338871798,-1.2136480795420848,-1.0977450233280128,-0.388370738741675,0.9861186894417174,-1.3269614165526378,2.1723089070479817,1.0,0.0,0.0,0.0,0.0,1.0,1.0,0.0,0.0,0,66.55,2.66
0.018912639937283322,0.5141228003186215,1.2541936324134884,-2.251709107017372,-0.017550585807430307,1.7184816988697145,-0.7064560291359427,-0.4254930629163352,2.1723089070479817,1.0,0.0,0.0,1.0,0.0,0.0,1.0,0.0,0.0,0,73.47,2.91
-0.1835809695639152,0.48939027721204853,0.6049546922388616,-0.18525730805611143,-0.010849540480483286,0.9352707346360691,0.09264554248514104,-1.3269614165526378,0.7945231309076128,0.0,0.0,1.0,1.0,0.0,0.0,1.0,0.0,0.0,1,77.9,3.1
0.9952997621965527,0.5554225342458717,0.44482607109135236,0.1976343246861391,0.20394668388026016,0.4264740695802492,-0.5679982909947433,-1.3269614165526378,2.1723089070479817,1.0,0.0,0.0,0.0,1.0,0.0,1.0,0.0,0.0,0,79.94,3.25
1.74110657025609,1.3521837972000916,0.1449566509806727,0.0008161767337587349,0.7134960620906352,-0.23972781710532692,-0.873403638641953,-1.3269614165526378,-0.5832626452327563,0.0,0.0,1.0,0.0,0.0,1.0,0.0,1.0,0.0,1,85.4,3.52
-0.6191977859674852,0.042993603929114194,-1.622133239907282,-0.09570296888539118,-1.0147966022752184,-0.46443200199481627,1.0188170375198007,1.37744364435627,-0.5832626452327563,1.0,0.0,0.0,0.0,1.0,0.0,1.0,0.0,0.0,1,69.39,2.83
-1.4812324353928468,-0.5178804012480536,1.2541936324134884,0.10065014529824434,1.733791050972124,-0.13417554884558677,-1.2767284779247232,0.4759752907199674,0.7945231309076128,0.0,1.0,0.0,1.0,0.0,0.0,0.0,1.0,0.0,1,74.16,3.16
-0.1212666315664787,0.17257674330826084,-0.5480493702780191,1.124423452623185,0.28974739157534857,0.30246113693905297,-0.952892319542246,1.37744364435627,-0.5832626452327563,0.0,0.0,1.0,0.0,1.0,0.0,1.0,0.0,0.0,1,78.63,2.85
1.74110657025609,1.1631424836571247,0.699804739296738,-0.14331563321419305,0.779048113013073,-1.9375318285512793,-1.177027259630276,-0.4254930629163352,0.7945231309076128,0.0,0.0,1.0,1.0,0.0,0.0,0.0,1.0,0.0,1,74.94,2.95
-0.8804499888466195,0.16941184904785705,-1.6133537724802838,-0.5441693341665456,-0.5973327482446683,-1.6169354294358667,-1.5888352059358668,0.4759752907199674,0.7945231309076128,0.0,1.0,0.0,0.0,1.0,0.0,0.0,1.0,0.0,0,63.65,2.63
1.7118703180420904,1.3038991432097629,-1.1842067779932661,-0.23806455022309142,1.3474897998342017,-0.6557962350721419,0.15625060779870562,-0.4254930629163352,3.550094683188351,1.0,0.0,0.0,0.0,1.0,0.0,1.0,0.0,0.0,0,75.62,3.08
1.74110657025609,1.4241416001690683,1.2541936324134884,0.6610250350779213,-0.22036439768197713,0.21414069624256224,1.2385859885746795,-1.3269614165526378,-0.5832626452327563,1.0,0.0,0.0,0.0,0.0,1.0,0.0,1.0,0.0,1,89.26,3.44
-0.6150552977160835,-0.3790360134480756,-0.25318111181180747,1.5310752050251415,0.3226988463845789,-0.24597867689633676,-0.1969874911700554,0.4759752907199674,0.7945231309076128,1.0,0.0,0.0,0.0,1.0,0.0,0.0,1.0,0.0,1,86.34,3.35
0.5762312209585319,1.277478909642676,1.2541936324134884,-0.6006567201335095,-0.9071143376680306,1.5241471011346923,-1.605362330668701,-0.4254930629163352,-0.5832626452327563,0.0,0.0,1.0,0.0,0.0,1.0,1.0,0.0,0.0,1,73.38,2.77
1.7004939284688525,1.584733535344921,0.04785881265199663,0.15905149309410352,-0.9719497111649448,-1.5272715671260677,0.8957251808645894,-1.3269614165526378,-0.5832626452327563,1.0,0.0,0.0,0.0,1.0,0.0,0.0,1.0,0.0,1,79.74,3.38
-0.42991566455301233,-0.1770854699296674,-1.9253488976748188,0.4092202997480592,0.7398488362636462,-0.7737738253523163,1.7975113060565848,-0.4254930629163352,-0.5832626452327563,1.0,0.0,0.0,0.0,1.0,0.0,1.0,0.0,0.0,1,80.6,2.85
-0.24362262076611285,0.014356196402759855,1.1334378261022955,-0.9814465207678256,-0.40987041427502496,1.567406291617677,-0.6889171616991633,-0.4254930629163352,0.7945231309076128,0.0,0.0,1.0,1.0,0.0,0.0,1.0,0.0,0.0,1,74.57,2.73
-0.6448675876712543,-0.5491496409779304,-0.5245931665582535,0.0770111070282989,-0.8265769617856077,0.13578643924781097,-0.5101202670416598,1.37744364435627,2.1723089070479817,0.0,0.0,1.0,0.0,0.0,1.0,1.0,0.0,0.0,0,77.71,3.19
-1.1044529809991877,-0.7175948902472389,0.9170837823231347,-1.47577455375519,-0.6126045520016995,0.9126522479930304,0.5499584224957039,-1.3269614165526378,-0.5832626452327563,0.0,0.0,1.0,0.0,0.0,1.0,1.0,0.0,0.0,1,71.82,2.98
-0.7166019655759546,-1.8469024605832183,0.1635901863583741,-1.792766304597801,0.7507666487032388,1.7184816988697145,1.7294548834070125,1.37744364435627,-0.5832626452327563,1.0,0.0,0.0,0.0,0.0,1.0,1.0,0.0,0.0,0,66.97,2.36
-1.3264411271508763,-1.327648008067093,-1.5910714723799462,0.4388833409299474,-0.5982352666017384,-0.7144660155106562,-0.5541348157909667,0.4759752907199674,-0.5832626452327563,0.0,0.0,1.0,0.0,1.0,0.0,1.0,0.0,0.0,0,60.27,2.54
0.008589162515918049,0.13576221343187805,0.31919858741012075,-0.3454251152383867,-0.07876142503775903,-0.1017225292292625,-1.4205838304953577,-1.3269614165526378,3.550094683188351,0.0,0.0,1.0,0.0,1.0,0.0,1.0,0.0,0.0,1,77.43,3.13
-0.8446857148301188,-1.301998628143931,1.2541936324134884,0.2670362315082672,0.05602051327164804,-0.28015039372316813,0.6733850218121828,1.37744364435627,-0.5832626452327563,1.0,0.0,0.0,0.0,0.0,1.0,1.0,0.0,0.0,1,79.58,3.29
0.2205158564351721,0.3966318059582671,0.6869420113933133,0.03697954287934877,-1.9069294729318993,-2.013966242432925,0.852140769400449,1.37744364435627,-0.5832626452327563,1.0,0.0,0.0,1.0,0.0,0.0,0.0,0.0,1.0,1,79.17,3.18
-1.6787162663512478,-1.6016319691066658,0.07103261093006293,-0.9645425082349118,-1.4536470249056141,-0.3192861361169165,0.006674443568832372,0.4759752907199674,-0.5832626452327563,0.0,0.0,1.0,0.0,1.0,0.0,0.0,1.0,0.0,0,67.29,2.78
0.323553545718556,1.1457564169795758,1.2541936324134884,0.008392352203668062,0.3823533533584619,0.908755778149417,-0.5949711326057171,-0.4254930629163352,-0.5832626452327563,0.0,0.0,1.0,1.0,0.0,0.0,1.0,0.0,0.0,1,83.94,3.45
0.856970571266713,1.540047105626394,0.37108192828823056,-1.232764321960208,-0.7079353682037405,0.5578291558069262,1.06039017995767,-0.4254930629163352,-0.5832626452327563,1.0,0.0,0.0,0.0,0.0,1.0,1.0,0.0,0.0,1,81.1,3.34
-2.1433574658025987,-2.146468581333407,0.3698129353405731,1.5090757735960716,1.114199022259488,0.6387328758534708,0.5631536288712526,-0.4254930629163352,-0.5832626452327563,0.0,0.0,1.0,0.0,1.0,0.0,1.0,0.0,0.0,1,80.83,3.28
0.3693728072574527,0.27366430222477267,-1.0859367041402341,-1.3611476309724193,1.0228585688751297,-0.3863975372955826,-0.8192052916244907,0.4759752907199674,2.1723089070479817,0.0,0.0,1.0,0.0,1.0,0.0,0.0,1.0,0.0,0,68.49,2.72
1.2752368288307248,1.12857978806803,0.39701544335509653,-0.14889433233412888,0.771302087018113,-0.6756010607099882,0.05248391456942401,1.37744364435627,0.7945231309076128,0.0,0.0,1.0,0.0,1.0,0.0,0.0,1.0,0.0,1,77.49,3.08
-1.311266588894659,-1.3882422376040067,1.2541936324134884,-1.0333703122646043,1.733791050972124,1.308868474750385,-1.4411173504991635,-1.3269614165526378,-0.5832626452327563,0.0,1.0,0.0,1.0,0.0,0.0,1.0,0.0,0.0,1,66.8,2.72
1.74110657025609,1.584733535344921,-0.8000103421409706,0.6516988751450781,-0.04364893695256237,-0.5119457383789536,0.7314654707432198,0.4759752907199674,3.550094683188351,1.0,0.0,0.0,0.0,0.0,1.0,0.0,1.0,0.0,1,78.01,3.29
0.41708750212642326,0.025678371726833057,1.2541936324134884,-0.29062812658147197,0.6999032957016762,0.3037528106364499,-0.2794689641006383,-0.4254930629163352,-0.5832626452327563,0.0,0.0,1.0,1.0,0.0,0.0,0.0,1.0,0.0,1,79.52,3.57
-0.7757479028716336,-1.2299672970778777,0.032782444737204944,-0.48626645511572547,-0.5528921536812132,0.16899094544420723,-0.464438582056736,-0.4254930629163352,-0.5832626452327563,1.0,0.0,0.0,0.0,0.0,1.0,1.0,0.0,0.0,0,55.64,2.33
-0.08676346642373521,0.23240561603910848,-0.8578610326259447,0.9471702150947408,1.733791050972124,1.5072392113905173,-0.034915519742910336,-1.3269614165526378,-0.5832626452327563,1.0,0.0,0.0,0.0,0.0,1.0,1.0,0.0,0.0,1,83.35,3.41
0.5649227655840096,0.824200130757194,1.251544377323561,0.08642904713558791,1.733791050972124,1.001880087844251,0.043114767746739134,0.4759752907199674,-0.5832626452327563,0.0,0.0,1.0,1.0,0.0,0.0,1.0,0.0,0.0,1,92.47,3.94
0.05307722395112728,-0.3251119225550668,-0.18548412057758598,0.5955086890465257,0.05282340183390441,-1.3343874530104107,0.9543533306798496,-0.4254930629163352,0.7945231309076128,1.0,0.0,0.0,0.0,1.0,0.0,1.0,0.0,0.0,0,82.13,3.36
0.544153864036378,0.9328229876978592,0.9851365782270675,-0.9696894661933538,0.4334576540133472,-1.2233749777523455,0.6303853313236097,0.4759752907199674,-0.5832626452327563,0.0,0.0,1.0,0.0,0.0,1.0,0.0,1.0,0.0,1,74.07,2.75
-1.0046107960194526,-1.1975199158278358,-0.19103833509670462,-1.412186428298332,1.4215589037362426,0.5973260296060291,-0.16663412763734375,1.37744364435627,-0.5832626452327563,1.0,0.0,0.0,0.0,0.0,1.0,1.0,0.0,0.0,1,68.49,2.59
0.15214715942846815,0.2710822108011422,0.06844996143494264,0.1676970067941335,-0.10871249228440993,-0.06567190376179316,0.8143957058804381,0.4759752907199674,0.7945231309076128,1.0,0.0,0.0,0.0,0.0,1.0,1.0,0.0,0.0,1,75.04,3.37
-1.5278318786810188,-0.974297883856142,0.6875839237284345,-0.2774783048467741,-0.6262579350240896,-0.4685063318119121,0.427421712741515,1.37744364435627,-0.5832626452327563,0.0,0.0,1.0,0.0,0.0,1.0,0.0,1.0,0.0,1,68.93,2.61
-0.14561510088814414,-0.1352407756720434,0.4608424481952343,0.7102262175251952,0.9285726937270022,1.0474532212788303,-0.4547237961975577,-1.3269614165526378,0.7945231309076128,0.0,0.0,1.0,0.0,1.0,0.0,1.0,0.0,0.0,1,88.8,3.67
-0.986818561566765,-0.6609078829317143,-2.0972361011987806,-0.02781705045181781,0.12043528234975685,0.19385637910387649,-0.13284356419134938,1.37744364435627,0.7945231309076128,1.0,0.0,0.0,0.0,1.0,0.0,1.0,0.0,0.0,0,78.5,2.94
-0.8081340726777599,-0.9649080992509356,-1.119074242487557,0.26995659752923484,0.22664471975114478,0.05470924114290629,-0.15790541359592014,1.37744364435627,-0.5832626452327563,1.0,0.0,0.0,0.0,1.0,0.0,0.0,1.0,0.0,1,63.87,2.81
1.2841766753588075,1.0779443315339203,1.1752168452493328,-1.6405610717724723,-0.8067158768652026,0.8044139255880519,0.5388702136242721,-1.3269614165526378,0.7945231309076128,0.0,0.0,1.0,0.0,0.0,1.0,1.0,0.0,0.0,1,72.91,2.82
1.1305311137035137,0.9346886316712739,-0.01245165952289795,1.7971430333947969,-1.7040935236419217,-0.38598527031587987,-0.3911999733804499,-0.4254930629163352,-0.5832626452327563,0.0,0.0,1.0,0.0,0.0,1.0,0.0,1.0,0.0,1,71.0,2.86
0.618844246046375,0.21348983026522408,-0.45057158739459313,-0.11593540768754924,0.2806335673950822,1.617320461100685,-0.416135836200717,-1.3269614165526378,-0.5832626452327563,0.0,0.0,1.0,0.0,0.0,1.0,1.0,0.0,0.0,1,79.19,3.12
-1.1867563999466644,-1.144079055481073,-1.3846016343378234,0.7845717764865667,0.9600350163626468,-0.8116028931895893,2.0993184537859904,0.4759752907199674,-0.5832626452327563,1.0,0.0,0.0,0.0,1.0,0.0,1.0,0.0,0.0,0,73.62,3.05
-0.36335717977153154,-1.0578433398696625,-1.072635343557569,-0.8179371963556282,-0.1886243806492565,0.677740804861816,1.002126977265758,-1.3269614165526378,-0.5832626452327563,1.0,0.0,0.0,0.0,1.0,0.0,1.0,0.0,0.0,1,72.28,2.93
1.2597735936804777,0.9146975694516762,-2.1266237159607426,0.3775107855012869,1.4999111767024964,1.4784988694324355,-0.8108514033708596,0.4759752907199674,2.1723089070479817,0.0,0.0,1.0,0.0,1.0,0.0,1.0,0.0,0.0,1,85.03,3.58
0.12281110107254603,-0.013230050442059261,0.0220701844847838,-1.3056378139053153,-0.6742984302370584,-1.4189432068479513,0.6089009467579533,-0.4254930629163352,-0.5832626452327563,0.0,0.0,1.0,0.0,0.0,1.0,0.0,1.0,0.0,0,70.42,2.95
1.74110657025609,1.4619768528178103,-0.534153688700465,0.5280339322752712,-1.0306366000985288,-0.3532358581158162,0.12632720973318826,0.4759752907199674,-0.5832626452327563,1.0,0.0,0.0,0.0,1.0,0.0,0.0,1.0,0.0,1,70.48,2.88
0.3898131038484985,0.24868110562955054,-0.9460437927478283,-0.31627229800531725,-0.027539000835923286,1.1779192663226545,0.4176270838167179,-1.3269614165526378,2.1723089070479817,0.0,0.0,1.0,0.0,0.0,1.0,1.0,0.0,0.0,1,77.15,3.22
0.17622425495825156,0.1419173815104594,0.05916688302750186,0.08617818443813349,-0.043144325127674785,1.1934181265930626,0.14657658330692586,-1.3269614165526378,-0.5832626452327563,0.0,0.0,1.0,0.0,0.0,1.0,1.0,0.0,0.0,1,71.52,3.0
-0.35561883491123675,-0.07904555218751033,0.5425978639688849,0.7849762072268393,0.8229058918758857,-0.17612006750143178,1.2685897505493835,-0.4254930629163352,-0.5832626452327563,1.0,0.0,0.0,1.0,0.0,0.0,0.0,1.0,0.0,1,91.89,3.6
0.11413461972354774,0.5344942116006278,1.2541936324134884,-1.2321781511903083,-0.7464690003641041,-0.7565874742614961,0.36865347169559687,-1.3269614165526378,-0.5832626452327563,0.0,0.0,1.0,1.0,0.0,0.0,0.0,1.0,0.0,1,71.36,2.76
-0.18938350318046973,-0.4700164708443891,-1.556125668696476,-0.6595335666266785,1.4304947183372625,0.9859283562038901,-0.06606508790781994,-0.4254930629163352,0.7945231309076128,1.0,0.0,0.0,0.0,1.0,0.0,1.0,0.0,0.0,0,67.79,3.02
0.7238730194113604,0.08953440501010244,1.2541936324134884,0.5335262802632316,1.733791050972124,1.2205303445820448,1.1113694191599268,-0.4254930629163352,-0.5832626452327563,1.0,0.0,0.0,1.0,0.0,0.0,1.0,0.0,0.0,1,86.57,3.6
0.9876836535997215,0.4050007549256175,1.2240994004677168,1.7971430333947969,0.0009916501510845858,-1.1997823434732153,0.2488762869304029,-1.3269614165526378,-0.5832626452327563,1.0,0.0,0.0,1.0,0.0,0.0,1.0,0.0,0.0,1,85.03,3.48
-0.861682334882534,-0.9992617530369697,-0.7362724158891626,-0.0886017320813303,1.310237876654999,-1.2402377972182557,0.12966297817346967,1.37744364435627,-0.5832626452327563,0.0,0.0,1.0,0.0,1.0,0.0,0.0,1.0,0.0,1,75.17,2.85
-1.4403014484979195,-1.4569788160472985,0.3627663640067813,0.6733434906834804,-1.0324575778611826,0.2328142189137822,0.3349624726824677,0.4759752907199674,-0.5832626452327563,0.0,0.0,1.0,0.0,0.0,1.0,1.0,0.0,0.0,0,80.07,2.85
-1.9761844026681634,-2.1412598547876858,-0.3766204502183607,-0.056094635300269834,1.1329882990122466,0.6493259023096537,-0.09967354125982382,1.37744364435627,0.7945231309076128,0.0,0.0,1.0,0.0,0.0,1.0,1.0,0.0,0.0,0,72.75,2.85
0.5115060218727137,-0.14677435791763993,0.3431341932133157,1.7971430333947969,1.1046010288158894,-0.3076106078391349,0.009975056656834685,-0.4254930629163352,-0.5832626452327563,0.0,0.0,1.0,0.0,0.0,1.0,0.0,1.0,0.0,1,82.98,3.23
-1.1984868727593678,-1.2885305012138046,1.2541936324134884,-1.7699580151880125,0.9178532656116104,0.7007922527729857,-0.6254245651844063,0.4759752907199674,-0.5832626452327563,0.0,0.0,1.0,1.0,0.0,0.0,1.0,0.0,0.0,1,74.51,2.92
-2.3122546603419836,-1.9888549973225458,0.8129420965972175,0.15454519813378678,0.02494567714807848,-0.7312996729959638,-0.8007930207868542,1.37744364435627,-0.5832626452327563,0.0,0.0,1.0,1.0,0.0,0.0,0.0,1.0,0.0,0,72.63,3.08
0.38478376941198494,0.6449876912893724,0.7044199596583999,-1.6428195820337406,-2.9602349781213846,-2.178982614896138,-1.064585914812744,-1.3269614165526378,0.7945231309076128,0.0,1.0,0.0,1.0,0.0,0.0,0.0,0.0,1.0,0,61.13,2.75
1.74110657025609,1.3176265368519593,-0.3460501755276316,-2.563386965568865,-0.6111253141935885,-0.4362754746482141,-1.4840612547563394,1.37744364435627,0.7945231309076128,0.0,1.0,0.0,0.0,1.0,0.0,1.0,0.0,0.0,0,69.91,3.02
-0.034023160131311805,-0.21625842331391706,-1.52499282827887,0.36648955694716484,-0.5950640304268335,0.06581483229831261,-0.9378592287625754,0.4759752907199674,-0.5832626452327563,0.0,1.0,0.0,0.0,1.0,0.0,0.0,1.0,0.0,1,68.17,2.61
0.8622361081975978,0.34698286549918095,-0.09785221111936249,0.2014359841262563,-0.9529775271538529,-0.2836682483004388,-0.18567490674255765,0.4759752907199674,-0.5832626452327563,1.0,0.0,0.0,0.0,0.0,1.0,0.0,1.0,0.0,1,74.67,3.09
0.05925768964108544,0.050817974069276274,1.2541936324134884,-0.2419425702617836,0.16493208771174972,-1.1935361879120543,0.11008561961909483,0.4759752907199674,-0.5832626452327563,1.0,0.0,0.0,1.0,0.0,0.0,0.0,1.0,0.0,1,65.62,2.53
-0.1325235525353218,-0.5138630654344682,-1.5732260436770378,-0.05528236726583841,-0.38483713105215517,-1.8707560336614777,-0.2891323543640215,0.4759752907199674,-0.5832626452327563,0.0,0.0,1.0,0.0,1.0,0.0,0.0,0.0,1.0,1,72.56,2.53
0.9477546551176618,1.1429027054043548,-1.0450600956505036,1.7971430333947969,-0.7969037171559654,-0.5292323585324951,-1.9990763948475567,1.37744364435627,-0.5832626452327563,0.0,1.0,0.0,0.0,1.0,0.0,1.0,0.0,0.0,1,75.7,3.01
-0.3356235572120133,-1.146482577798721,0.2766535818920044,-0.2140842092344312,-1.0347970939278286,0.9258588569309185,1.6790348438278393,-1.3269614165526378,-0.5832626452327563,1.0,0.0,0.0,0.0,1.0,0.0,1.0,0.0,0.0,0,81.79,3.52
0.2561793846525497,0.07139184189795492,-0.9662572071666254,0.5886959879131081,-0.6860785683820791,1.2954092982810066,1.1585930163286546,-1.3269614165526378,-0.5832626452327563,1.0,0.0,0.0,0.0,0.0,1.0,1.0,0.0,0.0,1,76.57,3.0
0.313809042076868,0.4400494222285415,-0.7512988207338871,-0.6228301865473415,1.1799981579046444,1.2248224875199563,0.47542692402730446,0.4759752907199674,2.1723089070479817,0.0,0.0,1.0,0.0,0.0,1.0,1.0,0.0,0.0,1,81.55,3.43
-0.736566455980942,-0.5647226822917382,-0.33854213713076564,0.364160021587536,-0.6307285495936155,-0.8403202858136061,2.0339930836413544,-1.3269614165526378,-0.5832626452327563,1.0,0.0,0.0,0.0,0.0,1.0,0.0,1.0,0.0,1,75.06,2.87
1.025186931824833,1.584733535344921,-1.3924818455405243,-0.19324778854938948,-0.48233087711821654,-1.188488890730913,-1.0419747932911496,1.37744364435627,0.7945231309076128,0.0,1.0,0.0,0.0,1.0,0.0,0.0,1.0,0.0,1,69.28,2.91
-0.21325008375180068,-0.012596487120123265,-0.9544728542379554,-0.3732646075106023,-0.4231683166564808,0.5125246233889573,2.012811497726934,-1.3269614165526378,-0.5832626452327563,1.0,0.0,0.0,0.0,1.0,0.0,1.0,0.0,0.0,1,78.6,3.1
-0.8295867099583528,-1.2179426456500304,0.9223859365897925,1.7971430333947969,0.38511194352980976,0.6552415041103287,-1.0290198483394315,-0.4254930629163352,2.1723089070479817,0.0,1.0,0.0,1.0,0.0,0.0,1.0,0.0,0.0,1,87.94,3.82
0.5417702231709187,0.4558875741280211,-1.3273138465160634,1.2856937629096172,0.5042230990021657,0.4130977222950297,0.2546904085646967,-1.3269614165526378,-0.5832626452327563,0.0,0.0,1.0,0.0,1.0,0.0,0.0,1.0,0.0,1,91.01,3.58
-0.9810459276904937,-1.7247432611189337,-1.6523306690431907,0.19856136591219972,-3.052072971768966,-2.075262505631682,-1.358088472999919,0.4759752907199674,-0.5832626452327563,0.0,1.0,0.0,0.0,1.0,0.0,0.0,0.0,1.0,0,58.3,2.22
0.0023255574678182115,-0.02415336848577252,-0.5694939741045081,-2.351945584304149,1.0785541485650614,-0.8928604891457962,0.0158043385598212,-1.3269614165526378,0.7945231309076128,1.0,0.0,0.0,0.0,0.0,1.0,0.0,1.0,0.0,0,60.85,2.73
-0.037257825604190435,-0.42046387085861864,0.9543028735565791,-0.321533410079299,1.4998487185894227,-0.029959177509027057,0.4118856876321142,-1.3269614165526378,-0.5832626452327563,0.0,0.0,1.0,1.0,0.0,0.0,0.0,1.0,0.0,1,72.52,2.79
1.124785121468217,1.466782005012839,-0.08493398502904666,1.7971430333947969,-1.026047201669491,0.5028190783743817,-0.1648013047870708,-1.3269614165526378,-0.5832626452327563,0.0,0.0,1.0,0.0,0.0,1.0,1.0,0.0,0.0,1,91.44,3.7
0.4761749802294688,0.1790645910427537,-0.3843937478019814,-0.18533595414807771,-0.9469265892250064,0.7915081902619336,0.7613065134492981,-1.3269614165526378,-0.5832626452327563,1.0,0.0,0.0,0.0,0.0,1.0,1.0,0.0,0.0,1,71.25,2.74
-0.054139551012387474,-0.09247626318762316,0.18501307436639988,1.2084067714565367,-0.4166221312265769,0.14932391329560332,0.10571066625286449,-0.4254930629163352,0.7945231309076128,0.0,0.0,1.0,0.0,1.0,0.0,0.0,1.0,0.0,1,83.31,3.52
0.840243039682451,0.4666305034415794,-1.8177302210861879,1.562333314398881,-0.7272102365478537,0.34158148074078803,-0.5568863544020632,1.37744364435627,-0.5832626452327563,0.0,0.0,1.0,0.0,1.0,0.0,0.0,1.0,0.0,1,78.66,3.41
1.4477247479249398,1.584733535344921,0.6888654635669043,0.284468482918473,0.26822476176177423,0.08811238000358276,-0.604226218898377,0.4759752907199674,0.7945231309076128,1.0,0.0,0.0,1.0,0.0,0.0,0.0,1.0,0.0,1,90.08,3.47
0.5643745367506479,0.3681121997350673,0.564374822296934,-0.8239243143300028,-1.936567491517874,0.7073120287709211,0.8647712113851905,0.4759752907199674,-0.5832626452327563,1.0,0.0,0.0,1.0,0.0,0.0,1.0,0.0,0.0,1,76.76,3.18
-0.016594306247573725,0.8755103814727597,-0.3225542274285654,-2.4889296663139797,-1.094860046561794,0.32311316115267746,-0.6969137006505955,-1.3269614165526378,-0.5832626452327563,0.0,0.0,1.0,0.0,0.0,1.0,1.0,0.0,0.0,1,66.51,2.79
-1.4197174089353028,-0.8796286713502391,1.2541936324134884,0.7705455665276308,1.6043048096300578,0.06839727589027134,0.9761825091885398,1.37744364435627,-0.5832626452327563,1.0,0.0,0.0,1.0,0.0,0.0,1.0,0.0,0.0,1,94.24,3.79
-1.1578923781693855,-0.8023078415903356,-1.126069441644123,-0.7956440004150925,-0.9021509216025108,-0.2759676907247107,1.3038496309798568,-1.3269614165526378,-0.5832626452327563,1.0,0.0,0.0,0.0,1.0,0.0,0.0,1.0,0.0,0,72.03,3.19
-0.35148885140430514,-0.12836527064391332,1.2541936324134884,0.23973358321182367,1.3038563408403114,0.08442860846725235,-1.779124411450969,-0.4254930629163352,-0.5832626452327563,0.0,1.0,0.0,0.0,0.0,1.0,0.0,1.0,0.0,1,82.39,3.6
-0.6744024936728613,-0.4079730648490571,0.30823302282373916,-1.2502336941053054,0.4017152248328973,0.50011160802367,1.2081162082148047,1.37744364435627,-0.5832626452327563,1.0,0.0,0.0,0.0,0.0,1.0,1.0,0.0,0.0,1,71.54,2.69
-0.22599688468768378,-1.115431405961223,-0.24115424521066067,-0.22146356692948596,-1.7971382811079957,0.2763292219837777,2.1970564033692153,1.37744364435627,-0.5832626452327563,1.0,0.0,0.0,0.0,0.0,1.0,1.0,0.0,0.0,0,65.68,2.87
0.03253696437635748,-0.09188385599661822,0.11314921138413045,0.09090997333070018,0.6861361387113686,0.3931606162843025,0.2688350668201141,1.37744364435627,-0.5832626452327563,0.0,0.0,1.0,0.0,0.0,1.0,1.0,0.0,0.0,1,78.03,3.22
0.5345358440934372,0.9000833991507736,0.01537517509089772,0.33632548977778615,-0.07877399135136814,1.38459039266811,0.638908541197023,1.37744364435627,-0.5832626452327563,0.0,0.0,1.0,0.0,0.0,1.0,1.0,0.0,0.0,1,76.79,3.12
-0.10239480599717445,-0.10353333901133453,1.2541936324134884,-1.1091769273513505,-0.4219182884362546,0.27394678386502314,1.1058406589155316,-1.3269614165526378,0.7945231309076128,1.0,0.0,0.0,1.0,0.0,0.0,0.0,1.0,0.0,1,74.2,2.92
0.48870090537376554,-0.21963517642349387,-1.0692149257586991,1.3063050357338912,0.28958771335357697,-0.6682843840335827,-0.29359540007218005,-0.4254930629163352,0.7945231309076128,0.0,0.0,1.0,0.0,1.0,0.0,1.0,0.0,0.0,1,80.73,2.93
0.04084040948972446,0.024139445353920517,-0.7177298246124927,-0.5680053363603652,0.5228979608560964,0.9113785069009851,0.19449255125870196,1.37744364435627,0.7945231309076128,0.0,0.0,1.0,0.0,1.0,0.0,1.0,0.0,0.0,1,81.3,3.31
-2.1239700969988697,-1.0891781984692597,1.2541936324134884,-1.6939407449161348,0.7595420780784748,-1.407505324890575,-1.4011245540112827,0.4759752907199674,-0.5832626452327563,0.0,0.0,1.0,1.0,0.0,0.0,1.0,0.0,0.0,1,63.85,2.62
-1.024414928925088,-0.3152762819696155,-0.5309061811447953,-0.05823867536713992,1.2376497286791683,-1.1139762430977693,0.14795599132892023,0.4759752907199674,0.7945231309076128,0.0,0.0,1.0,0.0,1.0,0.0,0.0,1.0,0.0,1,89.01,3.96
-0.18048812365413194,-0.180338702071639,1.1429090837676577,0.09159567964271281,0.4553482880150191,0.3468004088991907,0.5312472429921941,-0.4254930629163352,-0.5832626452327563,0.0,0.0,1.0,0.0,0.0,1.0,0.0,1.0,0.0,1,87.27,3.36
-1.311323601624554,-0.7159495052732767,1.2541936324134884,0.22347419779731345,-1.356643864131291,0.5328934563400605,0.5504940973768925,0.4759752907199674,-0.5832626452327563,0.0,0.0,1.0,0.0,0.0,1.0,1.0,0.0,0.0,1,76.22,2.73
0.6090711269284588,0.3867871581745601,-0.3141481105719671,1.4789415040391687,-0.44038430179509613,-1.2826384724905555,1.1361427591842328,-1.3269614165526378,0.7945231309076128,1.0,0.0,0.0,0.0,0.0,1.0,1.0,0.0,0.0,1,85.56,3.19
1.5968710120427159,0.6380124344873903,0.8976987422796519,-0.19138284804174674,1.733791050972124,-0.39393044008419714,-0.8259937253095028,-1.3269614165526378,2.1723089070479817,0.0,0.0,1.0,1.0,0.0,0.0,0.0,1.0,0.0,1,78.13,3.44
1.2657844612805604,0.7124905341613094,-1.1553779821614523,-0.06931042937643381,0.7767086899982112,-0.6240520299995644,-0.5677535743909213,-0.4254930629163352,-0.5832626452327563,0.0,0.0,1.0,0.0,1.0,0.0,1.0,0.0,0.0,1,76.57,2.97
-0.254088838787919,0.5318127785811273,0.9797868900498314,-1.0970168253344026,1.733791050972124,-0.5009781957877802,2.021215897181039,1.37744364435627,-0.5832626452327563,1.0,0.0,0.0,0.0,0.0,1.0,1.0,0.0,0.0,1,79.83,3.47
1.55439631197839,1.2848260190908634,0.3585014969168913,0.9130569536008413,1.4582671246641794,0.9732114789870824,-0.16015038065750847,0.4759752907199674,-0.5832626452327563,0.0,0.0,1.0,0.0,1.0,0.0,1.0,0.0,0.0,1,83.44,3.34
0.13018710354918936,0.013313077512780368,0.6646238000489246,0.24825834771940616,0.2863827741498166,0.7288394110070249,0.21342223605944274,0.4759752907199674,-0.5832626452327563,1.0,0.0,0.0,0.0,0.0,1.0,1.0,0.0,0.0,1,83.81,3.16
-0.38530042030568995,-0.47926719054362554,-0.5868882105538684,-0.38320061974710423,0.34693082065711484,-0.019068126621767132,-0.07131245585273759,-0.4254930629163352,0.7945231309076128,0.0,0.0,1.0,0.0,0.0,1.0,1.0,0.0,0.0,1,72.76,3.31
-0.6785310992314857,0.3120256034110533,-1.7230520575686021,-1.9344774139036425,0.0035962036999830217,-0.5620841234384519,-0.875977945098095,-0.4254930629163352,-0.5832626452327563,1.0,0.0,0.0,0.0,1.0,0.0,0.0,1.0,0.0,1,64.52,2.84
-0.3485651924954852,0.4767147822097588,0.6984272702692853,1.5649139499395552,-1.7245445195947204,-1.3904485420692327,1.731220016042253,0.4759752907199674,0.7945231309076128,1.0,0.0,0.0,1.0,0.0,0.0,0.0,1.0,0.0,1,80.14,3.17
-0.4395186571607666,0.6786453853749131,-2.173171244253896,-1.227099675755615,0.05908778890179792,1.4644319202411933,-0.5625232650743895,1.37744364435627,-0.5832626452327563,1.0,0.0,0.0,0.0,1.0,0.0,1.0,0.0,0.0,1,67.78,2.91
0.15326716115144998,0.07456990932098449,-0.2196707539041184,-0.5621364843867929,1.2705843979230456,0.610935534021227,-1.201828048713153,-0.4254930629163352,0.7945231309076128,0.0,0.0,1.0,0.0,1.0,0.0,1.0,0.0,0.0,1,84.37,3.4
0.14282245337517524,0.2830069212442307,1.1883873395068043,0.4301043733673321,-0.5683722780280771,-0.7277257029609057,-0.48046368319374916,-1.3269614165526378,2.1723089070479817,1.0,0.0,0.0,1.0,0.0,0.0,0.0,1.0,0.0,1,78.61,3.23
-0.024348159874515166,-0.7363675870251108,0.3500810559860467,-1.19458090659056,0.45922576682877625,0.7423354883322133,-1.9990763948475567,0.4759752907199674,-0.5832626452327563,0.0,1.0,0.0,0.0,0.0,1.0,1.0,0.0,0.0,1,68.75,3.1
0.43610353593177487,1.1139265736441109,1.2541936324134884,-1.504859729650335,0.9058196045682905,-0.07173860168764963,-0.6942965281759568,-0.4254930629163352,-0.5832626452327563,0.0,0.0,1.0,1.0,0.0,0.0,1.0,0.0,0.0,1,71.08,2.54
1.2359478646069955,0.5689541486179776,1.2541936324134884,-2.1635911038305022,-0.883318067997264,-0.2952838168393236,-1.0321274478334073,-0.4254930629163352,0.7945231309076128,0.0,0.0,1.0,1.0,0.0,0.0,1.0,0.0,0.0,0,75.59,2.95
0.9800979154638103,1.0013538570234075,-0.5962037732090456,0.8090323812864904,-0.41768821222282954,0.44921558336288314,0.6584682520291192,-0.4254930629163352,-0.5832626452327563,0.0,0.0,1.0,0.0,0.0,1.0,1.0,0.0,0.0,1,86.76,3.48
-1.603372655846471,-1.961418913961363,0.16594249733085356,-0.513976156361203,-0.9932615109057789,-0.7636242536011595,-0.7178891360441525,0.4759752907199674,-0.5832626452327563,0.0,0.0,1.0,0.0,0.0,1.0,0.0,1.0,0.0,0,63.53,2.61
-2.737833213178185,-2.742298718270088,0.08238522846711406,1.7971430333947969,-0.7944186079938468,-0.35367013883866716,0.9467551199491738,-1.3269614165526378,-0.5832626452327563,1.0,0.0,0.0,0.0,0.0,1.0,0.0,1.0,0.0,1,66.67,2.42
0.9639311690160852,0.4816780752657285,-1.6347705370188406,-0.9833033327234041,-1.2672222997342901,0.12583162857352553,1.4912662189672994,-1.3269614165526378,-0.5832626452327563,1.0,0.0,0.0,0.0,1.0,0.0,1.0,0.0,0.0,0,78.93,3.34
-1.4781291521873698,-1.6137888811820562,-0.9167433164824421,-0.9071274124911672,-0.8739400251154266,-0.5141453093271047,0.8330626917150346,0.4759752907199674,0.7945231309076128,1.0,0.0,0.0,0.0,1.0,0.0,1.0,0.0,0.0,0,62.37,2.26
-0.26610444816776674,-0.48628402661738757,-0.4920006643210741,-0.5350897444127298,1.4826687841295754,0.6902701947672525,-0.22952032246654283,-0.4254930629163352,-0.5832626452327563,0.0,0.0,1.0,0.0,0.0,1.0,1.0,0.0,0.0,1,72.98,2.67
-1.2693189960280273,-1.3966534760683236,-2.1427590347153,0.3097239866179596,-0.889206369279045,1.7184816988697145,0.15059971692819557,0.4759752907199674,2.1723089070479817,0.0,0.0,1.0,0.0,1.0,0.0,1.0,0.0,0.0,0,70.67,2.78
-1.9398644793523387,-1.3401733279139425,0.18852017410020785,-0.4356280745645702,0.1692150096152181,-0.7768171478286324,-1.625873873778661,0.4759752907199674,-0.5832626452327563,0.0,0.0,1.0,0.0,0.0,1.0,0.0,1.0,0.0,1,68.85,3.13
0.5470262853771025,-0.023051203362948736,-0.14327994703784763,0.6954908514518182,-0.4700699580182714,-1.7156106287566282,-0.1425050570894192,-0.4254930629163352,0.7945231309076128,0.0,0.0,1.0,0.0,1.0,0.0,0.0,1.0,0.0,1,72.27,3.4
0.7780441768455099,0.8206869317150398,-1.7362657424810763,-0.9668290606559894,1.2382725182437089,-2.0625610264119345,-0.9173031658532996,0.4759752907199674,-0.5832626452327563,0.0,0.0,1.0,0.0,1.0,0.0,0.0,0.0,1.0,1,51.46,2.16
-0.6393805753262345,0.01857804753023374,0.5876212624444767,-1.3879188723593232,1.3726620219813348,-0.15444697504627433,0.7404602504853538,1.37744364435627,-0.5832626452327563,1.0,0.0,0.0,1.0,0.0,0.0,1.0,0.0,0.0,1,77.52,3.05
-2.7772266426717733,-2.7416143758232776,0.9363093296040673,-1.8232396179847297,0.9184959779373894,-0.6828854130440186,2.7433264190183118,-1.3269614165526378,-0.5832626452327563,1.0,0.0,0.0,1.0,0.0,0.0,1.0,0.0,0.0,0,72.16,2.92
-0.6072619736068225,-0.8800537462057357,0.38939238159896633,-2.267688854528131,0.3517331004749698,0.21488390031065027,0.5330701419305037,1.37744364435627,0.7945231309076128,0.0,0.0,1.0,0.0,1.0,0.0,0.0,1.0,0.0,0,63.74,2.62
0.3882066045620761,0.2524882784407005,-0.22718656214277996,-0.48564193064107286,-0.19396027608334399,0.13731017823028657,-1.9990763948475567,1.37744364435627,-0.5832626452327563,0.0,1.0,0.0,0.0,1.0,0.0,0.0,1.0,0.0,1,79.51,3.47
-1.597019814742821,-0.8645714493015132,0.7970951868369924,-0.2588104473033432,-1.1699771063780502,-1.6518013229961528,-0.38502382078159614,1.37744364435627,0.7945231309076128,0.0,0.0,1.0,1.0,0.0,0.0,0.0,1.0,0.0,0,71.55,2.62
0.16700317233559783,0.2561991032059495,0.8964210996378185,-0.6040978087252024,1.733791050972124,-1.8699673939738675,0.1307423891465055,0.4759752907199674,-0.5832626452327563,0.0,0.0,1.0,1.0,0.0,0.0,0.0,1.0,0.0,1,78.69,3.39
-0.04382763459484231,-0.2817598709659516,0.47931009254161033,1.3548865376358472,-0.7309372843806267,0.3056608520508866,0.09328139869087493,-0.4254930629163352,-0.5832626452327563,0.0,0.0,1.0,0.0,1.0,0.0,1.0,0.0,0.0,1,75.33,2.73
0.5871706437298317,0.7744975901984058,-0.7872000821603147,1.3388209053667992,0.7149013140522864,0.1402282698138216,-0.7790905283179737,0.4759752907199674,0.7945231309076128,0.0,0.0,1.0,0.0,0.0,1.0,1.0,0.0,0.0,1,84.01,3.26
0.09931952650026415,-0.42613611998484424,0.44484761927502253,-0.29415105831651683,1.1170846274977575,-0.4382512585683974,0.26167839690154665,-1.3269614165526378,-0.5832626452327563,1.0,0.0,0.0,0.0,1.0,0.0,0.0,1.0,0.0,1,78.35,3.13
-1.0602133847514963,-0.6185980443532837,1.2541936324134884,-1.8187532970847413,-0.5233109405091104,-1.7073838446714178,-1.324676035237873,0.4759752907199674,-0.5832626452327563,0.0,0.0,1.0,0.0,0.0,1.0,1.0,0.0,0.0,0,62.75,2.59
1.2422357883839998,1.3300086100923794,-0.532130296946983,-0.5364607699286786,1.0951905778626212,0.4865061915276,-1.0073693246975257,0.4759752907199674,-0.5832626452327563,0.0,0.0,1.0,0.0,1.0,0.0,1.0,0.0,0.0,1,83.9,3.36
-0.1958141703810732,-0.31196443836012366,1.2541936324134884,-0.5710632895423957,0.8170593020399042,1.3115935265811818,0.6887166256534301,0.4759752907199674,-0.5832626452327563,1.0,0.0,0.0,1.0,0.0,0.0,1.0,0.0,0.0,1,79.82,3.23
-0.056556547785586574,-0.44054198589074717,-0.4526969130462587,-0.6309490473114648,1.733791050972124,0.28715888503836196,-1.0828111095342752,0.4759752907199674,-0.5832626452327563,0.0,1.0,0.0,0.0,0.0,1.0,0.0,1.0,0.0,1,73.2,2.94
-1.0179760924068257,-1.3318307133439045,0.1716413034118124,-0.6733543654007592,-0.4360172935182047,-0.8728538029020104,0.5740033332450134,1.37744364435627,-0.5832626452327563,0.0,0.0,1.0,0.0,1.0,0.0,0.0,1.0,0.0,0,64.52,2.28
-0.49799722132876445,-0.18109008085293624,-0.6169993197269105,-0.6271121812008994,-1.2654534836870797,0.04656129547911648,-1.460049891623197,-0.4254930629163352,-0.5832626452327563,0.0,0.0,1.0,0.0,0.0,1.0,0.0,1.0,0.0,1,65.03,2.72
-0.9665441771482292,-0.2715968712488054,0.3851815817157402,-0.34821167710995865,-0.4727324283144847,-1.4074184811106423,1.8818771750987933,-1.3269614165526378,0.7945231309076128,1.0,0.0,0.0,0.0,0.0,1.0,1.0,0.0,0.0,0,72.65,3.07
-0.21111312392348816,-0.4836707413956542,-1.81383034143615,-0.608386067661192,0.2529129456634081,1.091085851344206,-0.8254262092119914,-1.3269614165526378,2.1723089070479817,0.0,0.0,1.0,0.0,1.0,0.0,1.0,0.0,0.0,0,69.81,3.06
1.74110657025609,1.584733535344921,-0.47553278470380006,0.27334949741565356,0.09988874683308394,0.0849984946571703,-0.2383470171403606,-1.3269614165526378,-0.5832626452327563,0.0,0.0,1.0,0.0,1.0,0.0,1.0,0.0,0.0,1,80.12,3.57
-1.4834590321970103,-2.3273848552213097,-1.0864916652438785,0.4322194229711619,-0.3589077259866797,-1.8218057585994676,0.35265221328923896,0.4759752907199674,-0.5832626452327563,0.0,0.0,1.0,0.0,1.0,0.0,0.0,0.0,1.0,0,68.42,2.82
-1.7399118726159384,-1.8390560299493581,0.2868018693552861,-0.8958365140350492,-1.8986490770289888,-0.3092651719163985,-0.6026659099794003,-1.3269614165526378,-0.5832626452327563,1.0,0.0,0.0,0.0,0.0,1.0,0.0,1.0,0.0,1,69.51,3.06
1.5336434461119746,1.3824940720635388,1.247981302789588,1.3837874050967651,0.5186818039064585,0.4781680487482685,0.15304298402240277,1.37744364435627,0.7945231309076128,0.0,0.0,1.0,1.0,0.0,0.0,1.0,0.0,0.0,1,84.11,3.37
-0.24971749959136616,-0.6490511996491135,0.8581419537896161,-0.9683691205521635,1.733791050972124,-0.34263243099145674,0.6136092064103291,-0.4254930629163352,-0.5832626452327563,0.0,0.0,1.0,0.0,0.0,1.0,1.0,0.0,0.0,1,83.8,3.06
-0.7376088689450994,-1.1025110666208489,-2.518051251561858,-1.6347286434913046,0.5123514493253023,-0.2837257219637366,1.0243878171842922,0.4759752907199674,-0.5832626452327563,1.0,0.0,0.0,0.0,1.0,0.0,0.0,1.0,0.0,0,67.23,2.88
1.0759790345475044,0.664079801656245,1.2541936324134884,0.4535447347998273,0.6595280358724219,-1.2613554422848412,0.8440685999376283,0.4759752907199674,2.1723089070479817,1.0,0.0,0.0,1.0,0.0,0.0,1.0,0.0,0.0,1,77.78,3.26
-0.670267307493368,-0.45292570889408124,0.4657460598358902,-0.798415157656908,0.6222573239677591,0.5845774222296155,-0.18305559554646245,1.37744364435627,-0.5832626452327563,0.0,0.0,1.0,0.0,0.0,1.0,1.0,0.0,0.0,1,73.69,2.95
1.74110657025609,1.4949688735532316,-0.7333706725417481,0.3913884207476698,0.44408359521096297,-0.6677388111616234,-0.15620889215271502,-1.3269614165526378,0.7945231309076128,0.0,0.0,1.0,0.0,0.0,1.0,0.0,1.0,0.0,1,81.45,3.25
0.6918426544454936,-0.43535944904535134,0.31118025082972967,-2.455865789037705,0.9871614413874839,-2.2220163522519316,2.504866846258915,0.4759752907199674,-0.5832626452327563,1.0,0.0,0.0,0.0,1.0,0.0,0.0,0.0,1.0,0,59.17,2.46
-0.5453582326336289,-1.4963367721364753,0.3325068916036416,1.5106259391773478,0.4423841371045634,-0.38201538458699946,1.012953208805816,0.4759752907199674,-0.5832626452327563,1.0,0.0,0.0,0.0,0.0,1.0,0.0,1.0,0.0,1,78.81,3.08
1.74110657025609,1.2939347690516507,-0.6106927252877445,0.7581430583268116,-0.27686923295730026,1.011916424572501,-0.9827549410479994,1.37744364435627,0.7945231309076128,0.0,1.0,0.0,0.0,0.0,1.0,1.0,0.0,0.0,1,84.66,3.48
-0.6703727742404059,-0.37371930465889086,0.35681509433661684,-1.5121391639461115,-0.7678277532800383,-0.39816866075364044,0.10674888621862748,1.37744364435627,-0.5832626452327563,0.0,0.0,1.0,0.0,1.0,0.0,0.0,1.0,0.0,0,64.16,2.38
0.759940119288501,-0.6178963915231801,-0.5442618057311204,-1.4894658849057998,-0.21215782509303713,1.7184816988697145,-0.3572085765607034,-1.3269614165526378,0.7945231309076128,0.0,0.0,1.0,0.0,1.0,0.0,1.0,0.0,0.0,0,63.45,2.38
0.2900323403794833,0.034830282175450124,-0.3170200565117352,1.7971430333947969,0.3598545368656263,0.44278029883009207,-0.14416292345473877,-0.4254930629163352,-0.5832626452327563,1.0,0.0,0.0,0.0,0.0,1.0,1.0,0.0,0.0,1,84.75,3.13
1.35384326308775,0.98283390464488,-0.6324316645103614,-0.7147953205328421,-0.2803289096025656,0.3498006835530166,-1.3108087682926506,-0.4254930629163352,0.7945231309076128,0.0,0.0,1.0,0.0,1.0,0.0,0.0,1.0,0.0,1,84.73,3.84
1.6295142897722867,1.584733535344921,-1.4675023768703406,-0.8159447981688633,0.36006703322084344,-0.13169945922468426,-0.4390751261329438,-1.3269614165526378,-0.5832626452327563,1.0,0.0,0.0,0.0,1.0,0.0,0.0,1.0,0.0,1,71.57,2.88
0.006382563365301857,-0.16636307303649758,0.2985472694643131,-2.312073157798987,0.4868532044932703,-0.06974170195880684,1.9317027812922556,-0.4254930629163352,-0.5832626452327563,1.0,0.0,0.0,0.0,0.0,1.0,0.0,1.0,0.0,0,68.39,2.98
-0.827116962037777,-0.551066175041468,0.7902226580193155,-0.310843232128405,0.8871166881743708,-0.2708706888706382,0.6175751936844376,1.37744364435627,-0.5832626452327563,0.0,0.0,1.0,1.0,0.0,0.0,0.0,1.0,0.0,1,76.23,2.83
0.4605474721212551,0.4959692107034662,0.7114407392602334,-0.18226186529417815,1.3438458768270867,-0.31090917789700934,-1.9990763948475567,1.37744364435627,-0.5832626452327563,0.0,0.0,1.0,1.0,0.0,0.0,1.0,0.0,0.0,1,85.66,3.39
-0.7467805355593962,-1.6829657560482734,1.052724275109597,0.8032815162681192,0.1199966225279676,0.5478082571253884,1.2974646234819496,1.37744364435627,-0.5832626452327563,1.0,0.0,0.0,1.0,0.0,0.0,1.0,0.0,0.0,1,71.18,2.96
1.74110657025609,1.584733535344921,0.49825896841172385,-1.4061903723281883,-1.2877127237995487,-0.9639240930329784,1.1619510547723335,-0.4254930629163352,-0.5832626452327563,1.0,0.0,0.0,0.0,1.0,0.0,0.0,1.0,0.0,1,77.64,3.4
0.11731234181256284,0.22152536087113311,-0.4606343796649396,-1.532838475683598,-0.30980920699617065,-1.1082872170609088,-0.3829500890627773,-0.4254930629163352,-0.5832626452327563,0.0,0.0,1.0,0.0,0.0,1.0,0.0,1.0,0.0,1,64.29,2.45
-0.41526436594202054,-0.1190970322771288,1.0748080236129156,0.5268791280993516,0.08551470855096759,-1.1570407904778015,0.7649169322197565,0.4759752907199674,-0.5832626452327563,1.0,0.0,0.0,1.0,0.0,0.0,1.0,0.0,0.0,1,76.62,2.98
0.16840438232032362,1.584733535344921,-1.3834196394935108,1.107588984892465,-1.8240586123954061,1.7184816988697145,-0.9161950608884404,0.4759752907199674,-0.5832626452327563,0.0,0.0,1.0,0.0,1.0,0.0,1.0,0.0,0.0,1,75.91,2.88
-1.4571676524777673,-2.3022451622986715,-0.8722957698180069,-1.5859868422017385,1.451390457054605,0.5472678996764414,-0.5012719621974626,0.4759752907199674,-0.5832626452327563,0.0,0.0,1.0,0.0,0.0,1.0,1.0,0.0,0.0,0,64.06,2.54
-1.058669424427384,-0.1172555194039506,-0.9433722772823453,1.1857292497496863,0.18538556275722318,0.31448261036484304,1.5979574221058475,-0.4254930629163352,-0.5832626452327563,1.0,0.0,0.0,0.0,1.0,0.0,0.0,1.0,0.0,1,76.85,2.87
1.2463133972765141,1.0001542070287734,1.2541936324134884,0.09490432367434343,0.42814145783923657,-1.0893437392996927,-0.28959454763526826,0.4759752907199674,3.550094683188351,0.0,0.0,1.0,1.0,0.0,0.0,0.0,1.0,0.0,0,77.48,2.81
-0.7246849374539476,-0.5044000451208434,1.1901848724108899,1.1964823661310693,1.4278863176715921,0.6431227808166167,-1.9934590450082392,1.37744364435627,-0.5832626452327563,0.0,0.0,1.0,1.0,0.0,0.0,1.0,0.0,0.0,1,70.68,2.88
-1.1385754694324113,-1.0376693116058975,0.6805858062345991,-0.01769416513614903,-0.5993577179511833,-0.11950940238946539,-0.06736007113085493,-0.4254930629163352,-0.5832626452327563,1.0,0.0,0.0,1.0,0.0,0.0,1.0,0.0,0.0,1,63.91,2.69
0.5419218799169653,0.2984829230144139,1.2541936324134884,-2.5797982014394734,0.6238792099038397,0.22138603665834083,-0.08365783852108602,-1.3269614165526378,-0.5832626452327563,0.0,0.0,1.0,1.0,0.0,0.0,1.0,0.0,0.0,1,73.88,2.73
1.2307032258325739,0.850742957164304,-0.8483659985483726,-0.10310993012643162,-0.0708473532409989,-1.0059655797437077,1.2778937410550513,-0.4254930629163352,0.7945231309076128,1.0,0.0,0.0,0.0,0.0,1.0,1.0,0.0,0.0,0,82.54,3.17
0.7353814786207559,0.8343740942739368,0.5253955945609852,1.1633999007446116,-0.14624442201383897,0.16583098820440853,0.015422970389725062,0.4759752907199674,-0.5832626452327563,0.0,0.0,1.0,1.0,0.0,0.0,0.0,1.0,0.0,1,100.0,3.98
1.0294374440297689,0.2150346069039781,-0.004662327450456439,-0.8781790285978837,-0.7436547312845574,-0.43620586693353164,-0.4493740884386287,-0.4254930629163352,-0.5832626452327563,0.0,0.0,1.0,0.0,0.0,1.0,1.0,0.0,0.0,1,75.02,3.34
-0.8307009076322627,-0.37816024189989594,1.0828838592583307,-0.34969890912143303,1.7327107724314506,-0.7884775308312952,1.1144248228187268,0.4759752907199674,-0.5832626452327563,1.0,0.0,0.0,1.0,0.0,0.0,0.0,1.0,0.0,1,77.06,2.52
-1.5364236338773665,-1.5745837001710528,0.0064700472353286355,-0.1283606085238774,-0.3406860636477186,0.7572877489336621,0.1289290304065783,0.4759752907199674,-0.5832626452327563,0.0,0.0,1.0,0.0,1.0,0.0,1.0,0.0,0.0,1,62.13,2.57
1.5656531377200325,0.8847756888100602,-0.2952937760867953,-2.9739642272330467,0.7512859115065174,-1.5842808752686233,-0.7995726604716694,-1.3269614165526378,0.7945231309076128,0.0,0.0,1.0,0.0,1.0,0.0,0.0,1.0,0.0,0,67.2,2.82
-0.3700124552141963,-0.5374218460731957,0.7405576725537079,1.7971430333947969,-1.8639180628317593,0.582758514871764,1.2316495313230276,-1.3269614165526378,-0.5832626452327563,1.0,0.0,0.0,0.0,0.0,1.0,1.0,0.0,0.0,1,74.3,2.83
-0.2937677219608648,0.34947458412972937,1.115650507042044,-0.8861511027925517,1.2394128721431656,0.7061439927356727,0.20662808562323406,1.37744364435627,-0.5832626452327563,0.0,0.0,1.0,1.0,0.0,0.0,1.0,0.0,0.0,1,77.05,3.01
1.3819153560745967,1.0038309213823795,-0.6123669991333848,0.584110087346489,1.109613851965413,-0.9060113388557002,0.003256606006647641,0.4759752907199674,0.7945231309076128,0.0,0.0,1.0,0.0,1.0,0.0,1.0,0.0,0.0,1,85.02,3.47
0.5626975061527416,0.6922958576334133,0.06705197770312597,-0.034914584412048026,0.13973067629404104,-0.8448748918593515,0.1898310982004671,-0.4254930629163352,-0.5832626452327563,1.0,0.0,0.0,0.0,0.0,1.0,0.0,1.0,0.0,1,78.5,3.13
0.45621308743739725,0.0741060776484319,-1.0488095236478239,1.3697376770821659,-0.18977806660730367,-0.22923234382371496,-1.1414601777444284,-1.3269614165526378,0.7945231309076128,0.0,1.0,0.0,0.0,1.0,0.0,1.0,0.0,0.0,1,71.95,3.22
1.74110657025609,1.584733535344921,-2.659470639326561,0.4799572455913373,0.4470836575300021,0.291337123489379,-0.5624724736052601,-1.3269614165526378,-0.5832626452327563,0.0,0.0,1.0,0.0,1.0,0.0,0.0,1.0,0.0,1,69.85,2.81
-0.710490109861865,-0.3007808638446346,0.3596601869698732,-0.18978986149819946,1.733791050972124,-0.15690711195146081,0.003956741294403825,0.4759752907199674,0.7945231309076128,0.0,0.0,1.0,0.0,1.0,0.0,0.0,1.0,0.0,1,79.87,3.37
0.957054743281317,1.584733535344921,0.8166331878011924,-0.8779377382246679,-1.7503789796829419,0.44751588177134916,-0.20742278566146238,-0.4254930629163352,0.7945231309076128,1.0,0.0,0.0,1.0,0.0,0.0,1.0,0.0,0.0,1,78.21,3.22
0.03292239669188353,-0.04202697586942817,0.4285868892017147,0.8893352676103675,0.835155335722995,1.7184816988697145,1.3568597978248547,-1.3269614165526378,-0.5832626452327563,1.0,0.0,0.0,0.0,0.0,1.0,1.0,0.0,0.0,1,95.55,3.96
0.2574528020757623,0.5652770817653126,-2.045804353425183,-1.9018422935989288,-0.8852855751676789,-0.5226646743861482,0.23194514936379892,-1.3269614165526378,0.7945231309076128,0.0,0.0,1.0,0.0,1.0,0.0,1.0,0.0,0.0,0,51.76,1.92
1.5944488947434985,1.4992815471267575,-0.257149687372207,0.7305551245292508,0.02052146165202139,-1.767202197266047,0.911675578576372,-0.4254930629163352,-0.5832626452327563,1.0,0.0,0.0,0.0,0.0,1.0,0.0,0.0,1.0,1,80.91,3.28
0.5113409284106437,1.0951103149626726,-2.346524759735586,-1.0926914122210172,-0.21104698736485716,0.8519241811413103,0.010154571693344818,-1.3269614165526378,-0.5832626452327563,0.0,0.0,1.0,0.0,1.0,0.0,1.0,0.0,0.0,1,77.13,3.07
0.5436657982724552,0.15889275116138515,1.2541936324134884,1.3641628342318441,-0.3943399517156877,1.7184816988697145,1.12640127049784,-0.4254930629163352,-0.5832626452327563,1.0,0.0,0.0,1.0,0.0,0.0,1.0,0.0,0.0,1,86.86,3.33
1.1105773683837754,1.3723058351664792,-1.0797042744864878,0.2242161764627466,0.030124295004238504,0.40546923013149017,0.4239995959432687,0.4759752907199674,-0.5832626452327563,0.0,0.0,1.0,0.0,1.0,0.0,1.0,0.0,0.0,1,72.82,3.1
-0.41487296773569565,-0.4555920702102685,1.2541936324134884,0.7287091860846886,-1.1113605830536408,-1.1205060585455202,0.014446355502642193,-1.3269614165526378,0.7945231309076128,1.0,0.0,0.0,0.0,0.0,1.0,1.0,0.0,0.0,1,70.26,2.41
-0.9181602741803794,-0.8475650861552598,1.1936320697447662,0.14134604236529283,1.0862187485877435,-0.127055205921158,-0.014026251567850314,0.4759752907199674,-0.5832626452327563,1.0,0.0,0.0,0.0,0.0,1.0,1.0,0.0,0.0,1,78.76,3.42
-1.1363450254060588,-0.969880269382007,-0.8722051127019473,-1.7753448150638051,-1.7817747881545962,-1.1522257865951284,-1.01753055619633,-0.4254930629163352,2.1723089070479817,0.0,1.0,0.0,0.0,1.0,0.0,0.0,1.0,0.0,0,54.47,1.74
-2.1143024771717958,-1.776154912160876,-1.1319866604230595,-0.8436804015084568,0.5890594671913479,0.6632351131899962,0.5406341881610005,0.4759752907199674,-0.5832626452327563,0.0,0.0,1.0,0.0,1.0,0.0,1.0,0.0,0.0,0,70.54,2.79
1.74110657025609,1.5290386898000563,0.5273815896066519,0.7582432931440619,-0.2909471828039532,-1.392139652101917,-0.042731376441413255,0.4759752907199674,-0.5832626452327563,1.0,0.0,0.0,1.0,0.0,0.0,0.0,1.0,0.0,1,87.24,3.68
-1.1983189460415773,-0.9669273806842372,-0.809253818542624,0.2298128366992486,-1.1486958358268624,-0.3087028468409113,-0.5351106382908658,0.4759752907199674,-0.5832626452327563,0.0,0.0,1.0,0.0,0.0,1.0,1.0,0.0,0.0,1,66.33,2.42
-0.26237770575440345,0.5316248356774014,0.25004482775916864,1.289669467942818,0.24634040505552302,-1.0345341371349386,1.1798983892533366,1.37744364435627,-0.5832626452327563,1.0,0.0,0.0,0.0,0.0,1.0,1.0,0.0,0.0,1,89.03,3.65
-0.3213383188842659,0.19438254612127887,-0.4048081214926304,0.477050851928059,-1.5408295926690396,0.13135993577497068,-1.332902332635855,-0.4254930629163352,0.7945231309076128,0.0,0.0,1.0,0.0,1.0,0.0,0.0,1.0,0.0,1,72.05,2.94
0.2986431417537597,0.6985512654807582,-1.8573931198794398,-0.9544091043119746,0.08109715861485038,-0.3769487580890068,-0.45034819466484544,-0.4254930629163352,0.7945231309076128,0.0,0.0,1.0,0.0,1.0,0.0,1.0,0.0,0.0,0,71.57,2.93
0.8380897479142831,0.5509474062635409,-2.3600850220244665,-0.7761132586061948,-1.4046341416019432,0.18283064772732308,1.095938875193507,-0.4254930629163352,0.7945231309076128,1.0,0.0,0.0,0.0,1.0,0.0,0.0,1.0,0.0,1,68.79,2.68
0.8855644350799967,0.385999243740835,0.38900054049607186,0.16321387768701975,0.5093251604482198,0.023677999797335304,0.3365622040949042,-0.4254930629163352,0.7945231309076128,0.0,0.0,1.0,0.0,0.0,1.0,1.0,0.0,0.0,1,82.31,3.2
-0.6463495968070574,-0.11357678857333714,-0.49289217584183187,-2.362218972887935,-0.8982271747198721,-1.0163125232992234,-0.05089263718532601,-0.4254930629163352,-0.5832626452327563,0.0,0.0,1.0,0.0,1.0,0.0,0.0,1.0,0.0,1,64.66,2.27
-0.2049322560320872,0.24708309749826823,-0.48341817506047946,1.7971430333947969,-0.4173744784402613,0.6467660761161057,0.2677685872843557,-1.3269614165526378,-0.5832626452327563,0.0,0.0,1.0,0.0,0.0,1.0,1.0,0.0,0.0,1,86.67,3.45
0.2722966915680587,0.9639521540821027,0.9139231737992721,0.5172496271814224,0.3393551461297226,-0.049621780887823756,0.19143663127954058,-1.3269614165526378,-0.5832626452327563,0.0,0.0,1.0,1.0,0.0,0.0,0.0,1.0,0.0,1,83.88,3.54
-0.29149472161119533,-0.5402923094276078,1.2541936324134884,1.337780610472224,-0.7440099885270594,-1.0182399198861376,-1.6170001459725951,-1.3269614165526378,-0.5832626452327563,0.0,1.0,0.0,0.0,0.0,1.0,0.0,1.0,0.0,1,58.76,2.26
1.6781542978746564,1.4178868131602018,-0.1695416270001678,-1.5958626120581862,-0.018126085210550535,1.7184816988697145,-0.3722626482807582,0.4759752907199674,-0.5832626452327563,0.0,0.0,1.0,0.0,0.0,1.0,1.0,0.0,0.0,1,80.98,3.16
0.49344803474647747,-0.32761769966999454,-0.2456810798161773,1.356097932142181,-1.497026769219896,0.4916998115356868,1.7237482298056839,0.4759752907199674,-0.5832626452327563,1.0,0.0,0.0,0.0,0.0,1.0,1.0,0.0,0.0,1,70.14,3.12
0.7522807281292179,0.5036759112724576,0.6949488558073341,1.7971430333947969,0.6816120840085103,-0.15732512602412213,-0.7028656035447374,-0.4254930629163352,-0.5832626452327563,0.0,0.0,1.0,1.0,0.0,0.0,0.0,1.0,0.0,1,82.7,3.28
0.6758771367022307,1.1002805687731618,-1.3827685257073357,-1.3244807396604723,1.733791050972124,1.459298588057534,-0.33925071100192544,1.37744364435627,-0.5832626452327563,0.0,0.0,1.0,0.0,1.0,0.0,1.0,0.0,0.0,1,66.91,2.75
1.2177242837591633,0.8885393606153932,0.3850498070083694,0.8616993543019499,1.733791050972124,1.7184816988697145,-0.5773647322729741,-0.4254930629163352,0.7945231309076128,0.0,0.0,1.0,0.0,1.0,0.0,1.0,0.0,0.0,1,98.34,4.0
0.16452167474775703,0.46785153331007306,0.7528393527211137,0.05683739102303372,0.13336557489935463,-0.14917108913789792,-0.09264292148467461,-1.3269614165526378,-0.5832626452327563,1.0,0.0,0.0,1.0,0.0,0.0,1.0,0.0,0.0,1,81.3,3.22
-1.4037946774449936,-1.3466614683505447,0.8964321176087475,-1.558069233220821,0.8414298152557317,0.35870527217205933,-0.6216161893936677,-0.4254930629163352,-0.5832626452327563,1.0,0.0,0.0,1.0,0.0,0.0,0.0,1.0,0.0,1,68.36,2.87
0.39657314557913015,0.5257894174976903,-2.031473504106988,0.5706818629358897,-1.768043075615429,-1.0176975737278697,0.5191234879837695,0.4759752907199674,-0.5832626452327563,0.0,0.0,1.0,0.0,1.0,0.0,1.0,0.0,0.0,1,77.42,3.29
-0.7188085960666777,-1.1867288666051972,-0.7164275645354344,0.9266923162601866,1.5672650336286966,-0.15107101571553658,0.21052164424803882,-0.4254930629163352,0.7945231309076128,0.0,0.0,1.0,0.0,0.0,1.0,0.0,1.0,0.0,1,80.49,3.4
-0.5885551705750731,-0.4783154277839171,-0.84722533905026,-0.5724270228274579,0.8292647050888676,-0.20453344508372845,0.8249296565942742,-1.3269614165526378,2.1723089070479817,1.0,0.0,0.0,0.0,0.0,1.0,0.0,1.0,0.0,0,74.19,3.17
0.5946760882075416,-0.8838872708698166,0.24713850974998075,1.2739196008222542,-0.45083506183293925,0.1911432062000724,-1.1204261035887975,-0.4254930629163352,-0.5832626452327563,0.0,0.0,1.0,0.0,0.0,1.0,0.0,1.0,0.0,1,78.27,2.71
1.2865006202159734,1.0846290223818018,0.6732456798457894,-1.6858888494177797,1.2975100177383458,0.34361884518733055,-0.3627502293214129,0.4759752907199674,-0.5832626452327563,0.0,0.0,1.0,1.0,0.0,0.0,0.0,1.0,0.0,1,76.14,2.81
-0.00500697464365416,-0.7734464762902232,1.2541936324134884,-1.5061620339046538,-0.21774730373761128,0.5776587801379828,-0.2405392848227501,1.37744364435627,2.1723089070479817,0.0,0.0,1.0,0.0,0.0,1.0,1.0,0.0,0.0,0,65.22,2.51
0.3001567645845995,0.8613257648568937,-0.41838810894060957,0.19840541579385076,-0.42451688893854844,0.24558049599311738,0.48596897127037597,-1.3269614165526378,-0.5832626452327563,0.0,0.0,1.0,0.0,1.0,0.0,0.0,1.0,0.0,1,83.96,3.2
1.74110657025609,1.584733535344921,-0.42130486565840447,0.08220218282435836,0.5236104986393723,-1.2472764539104917,-0.8456329498501012,-0.4254930629163352,0.7945231309076128,1.0,0.0,0.0,0.0,0.0,1.0,0.0,1.0,0.0,1,77.27,2.95
0.2279096067706124,0.4418101228447495,1.2541936324134884,-0.6930551293566903,-1.0394235027800707,-0.9666409017289761,0.9764499599566389,0.4759752907199674,0.7945231309076128,1.0,0.0,0.0,0.0,0.0,1.0,1.0,0.0,0.0,1,65.76,2.81
1.74110657025609,1.584733535344921,0.46719715355703945,0.9016060520870224,1.078543533810414,-0.5625435004620825,1.2651489127464557,-1.3269614165526378,-0.5832626452327563,1.0,0.0,0.0,0.0,0.0,1.0,0.0,1.0,0.0,1,90.88,3.66
0.5725451704697492,0.07472110848063905,1.2541936324134884,0.6103980805895741,-1.031942293502867,-0.2902654073005768,-1.0542454096111669,-1.3269614165526378,-0.5832626452327563,0.0,0.0,1.0,1.0,0.0,0.0,0.0,1.0,0.0,1,76.83,3.05
-1.8961237711016183,-0.8626855770799211,0.4584156890931454,0.9523293333878667,-1.0259133696700815,1.0836787738253024,-0.523254967854901,0.4759752907199674,-0.5832626452327563,0.0,0.0,1.0,0.0,0.0,1.0,1.0,0.0,0.0,1,85.83,3.39
0.7718747774108355,1.1561252618714846,-1.1592091637119424,-0.07298507216521888,-0.8833275650110666,-1.198005036483256,-0.567033592803868,-0.4254930629163352,-0.5832626452327563,0.0,0.0,1.0,0.0,1.0,0.0,1.0,0.0,0.0,1,73.0,2.84
0.37690934088529227,0.23939611893339552,-1.356132784940371,0.6853012454984394,0.8122715662471367,-0.3677480431620134,2.8069107981296613,-0.4254930629163352,0.7945231309076128,1.0,0.0,0.0,0.0,1.0,0.0,0.0,1.0,0.0,1,75.96,2.99
1.3411208816810134,1.584733535344921,-1.6004627838447463,-0.40997311721700364,-0.5857787541738816,0.9829121813319187,-0.45824291141177415,-0.4254930629163352,0.7945231309076128,1.0,0.0,0.0,0.0,1.0,0.0,1.0,0.0,0.0,1,67.85,2.99
0.6868077112833498,0.10249756352757308,0.8760939785218632,1.7971430333947969,-1.3285682766607774,-0.308443818138239,1.7888999624322253,-1.3269614165526378,0.7945231309076128,1.0,0.0,0.0,1.0,0.0,0.0,0.0,1.0,0.0,1,90.1,3.25
-0.17451183033060294,-0.5403226182336581,1.2541936324134884,-0.7933345741489538,-0.5745078458742501,0.47519358001226214,-1.3504058111951995,1.37744364435627,-0.5832626452327563,0.0,1.0,0.0,1.0,0.0,0.0,1.0,0.0,0.0,1,71.7,3.12
-1.3268210088241426,-1.477487305224949,1.2541936324134884,1.7971430333947969,0.00820566622352945,-0.1431853981900058,-1.0550756093117486,-1.3269614165526378,-0.5832626452327563,0.0,1.0,0.0,1.0,0.0,0.0,0.0,1.0,0.0,1,74.34,3.43
-0.24939869032779638,-0.4663360299991664,1.0786583709522284,0.09213132451248525,-1.158902394941981,0.2653087959157485,-0.7319532461360605,-0.4254930629163352,-0.5832626452327563,0.0,0.0,1.0,0.0,0.0,1.0,0.0,1.0,0.0,1,70.62,3.08
-0.9301634205848868,-1.3339303495177306,1.2541936324134884,-1.3815651404831681,-1.1291475829938844,-0.23484644850879519,-0.9015769212836933,-1.3269614165526378,-0.5832626452327563,0.0,0.0,1.0,1.0,0.0,0.0,0.0,1.0,0.0,1,71.7,2.67
-0.6436392724588142,0.017187373994738662,-0.5135438195490536,1.4851553452974553,1.733791050972124,0.6881884425857939,-0.2855094292663679,1.37744364435627,-0.5832626452327563,0.0,0.0,1.0,0.0,1.0,0.0,1.0,0.0,0.0,1,87.95,3.42
0.5970260215626692,0.4274945980414016,-1.158425099736058,0.18722937992274263,-0.8334259525352017,-1.591855107783987,-0.755595857041638,-1.3269614165526378,-0.5832626452327563,0.0,0.0,1.0,0.0,1.0,0.0,0.0,1.0,0.0,1,74.71,3.19
1.74110657025609,1.584733535344921,1.0864609492559618,0.9449995341950093,-0.287398426431746,-0.3738260654591692,-0.8734837442307958,0.4759752907199674,-0.5832626452327563,1.0,0.0,0.0,1.0,0.0,0.0,1.0,0.0,0.0,1,85.17,3.36
0.39124965681225765,0.092397609999921,0.602689263761691,1.3344592752893614,-0.3322922896138629,0.30631992184930446,1.2353541383463376,-0.4254930629163352,3.550094683188351,1.0,0.0,0.0,1.0,0.0,0.0,1.0,0.0,0.0,1,80.16,3.11
-1.296666475758163,-2.031030118414517,0.2555938237725909,0.40880037553837356,-0.38726836019548777,0.5507231774844861,1.3050031286738413,-0.4254930629163352,-0.5832626452327563,1.0,0.0,0.0,0.0,0.0,1.0,1.0,0.0,0.0,1,83.16,3.31
0.4442371961583374,0.542958388939194,0.5687789595116265,-0.563142531153141,0.6719324582182189,1.5394338855512226,1.0123213829324704,-0.4254930629163352,0.7945231309076128,1.0,0.0,0.0,1.0,0.0,0.0,1.0,0.0,0.0,1,81.68,3.04
1.2422994451851748,0.21795106226233754,0.4969670481280286,1.0751802856905357,1.0038991177444245,-0.4023896219212141,0.5588491373687218,-1.3269614165526378,-0.5832626452327563,0.0,0.0,1.0,0.0,1.0,0.0,0.0,1.0,0.0,1,87.91,3.49
-0.6746897661409004,-0.629821193624612,1.2541936324134884,0.05646704691659156,-0.2700401301543939,1.525549411204342,0.09902382194602431,-1.3269614165526378,-0.5832626452327563,1.0,0.0,0.0,0.0,0.0,1.0,1.0,0.0,0.0,1,85.5,3.18
-0.1698013027027686,-0.796648116399818,1.2541936324134884,0.7723162293365107,-1.2152863901968758,-0.6786175103031212,-0.5298206993620304,-1.3269614165526378,0.7945231309076128,1.0,0.0,0.0,1.0,0.0,0.0,1.0,0.0,0.0,1,73.99,3.1
-0.011993340753401376,0.9538039511886128,0.7442629840023633,-2.1947107329359126,1.3353589502087695,1.3700827659237786,-1.016164564152503,-0.4254930629163352,0.7945231309076128,0.0,0.0,1.0,1.0,0.0,0.0,1.0,0.0,0.0,1,71.89,2.71
-0.8605243957886506,-0.32804879308296386,1.081676404887272,0.5227195497675841,-0.056094543285340435,0.8432080751742083,0.38717989654230156,-1.3269614165526378,-0.5832626452327563,0.0,0.0,1.0,0.0,0.0,1.0,1.0,0.0,0.0,1,78.28,3.14
0.6603825508679406,0.6594244738165602,0.7105221477351783,-0.6115674389953148,1.733791050972124,-0.9408645061466077,-1.2512431278722171,-0.4254930629163352,-0.5832626452327563,0.0,1.0,0.0,1.0,0.0,0.0,0.0,1.0,0.0,1,80.68,3.14
-0.15593229968840042,0.477093737435118,-0.3805771010342481,1.7831865505703013,-2.2403597293324706,0.3171078508996958,-1.0596284447275826,-1.3269614165526378,-0.5832626452327563,0.0,1.0,0.0,0.0,0.0,1.0,0.0,1.0,0.0,1,80.21,3.28
0.41763236518813707,-0.01601382065378514,0.9818358520581628,0.7067286675767712,0.2392498183940292,-0.05216780985624698,1.2294271479961747,-0.4254930629163352,-0.5832626452327563,1.0,0.0,0.0,1.0,0.0,0.0,0.0,1.0,0.0,1,89.44,3.74
-0.9693982692475257,-0.6026540383517864,-1.4247904541958973,0.3063000121292714,1.733791050972124,0.6454339218703685,2.026698215027786,0.4759752907199674,2.1723089070479817,1.0,0.0,0.0,0.0,1.0,0.0,1.0,0.0,0.0,1,86.65,3.52
-0.491816772901604,-0.33603783854263086,1.2541936324134884,0.5638128492732063,-0.31809835073432646,-0.2294858013998696,0.41948657910124115,-1.3269614165526378,-0.5832626452327563,0.0,0.0,1.0,1.0,0.0,0.0,0.0,1.0,0.0,1,74.34,2.83
0.7390193645121046,0.8062784369356938,-1.20105971506292,-0.9875724869969515,-0.18830609758361752,-0.31603882170435554,1.1798934647728057,-0.4254930629163352,-0.5832626452327563,1.0,0.0,0.0,0.0,1.0,0.0,0.0,1.0,0.0,0,80.63,3.11
-0.4232357692514802,0.23983970396296447,0.4551434884943589,1.7517848505047708,0.3409421679685641,1.4117728702252244,-0.2619982377425985,0.4759752907199674,2.1723089070479817,1.0,0.0,0.0,0.0,1.0,0.0,1.0,0.0,0.0,0,82.7,3.78
1.74110657025609,1.584733535344921,-0.8101823424023248,1.7971430333947969,-0.5268818806156069,-0.10111086462627408,-1.4261543369509408,0.4759752907199674,-0.5832626452327563,0.0,0.0,1.0,0.0,0.0,1.0,0.0,1.0,0.0,1,85.44,3.61
-0.4516794787076683,-0.25718489448002635,0.7545209361493683,0.4662248032744829,-0.2762544195108332,0.8524382358043522,0.6528629782225588,1.37744364435627,-0.5832626452327563,1.0,0.0,0.0,1.0,0.0,0.0,1.0,0.0,0.0,1,93.07,3.68
0.21085756566090041,-0.5902015438769802,0.09742815687444371,1.7174573053949,-0.3024048804591517,-0.231629559795681,0.6071398577948963,-1.3269614165526378,-0.5832626452327563,0.0,0.0,1.0,0.0,0.0,1.0,1.0,0.0,0.0,1,82.0,3.17
0.9620962486860225,0.42118519172052366,-1.6488442610268452,-0.5390135045971046,-0.5965925542415074,1.7184781868075116,0.07655318604151376,-0.4254930629163352,-0.5832626452327563,1.0,0.0,0.0,0.0,1.0,0.0,1.0,0.0,0.0,1,66.19,2.36
-1.532767827669082,-1.4306492956834709,0.6060668143416599,-0.777209784664587,1.289054064437448,-0.698521237800626,-0.25829531175673315,1.37744364435627,-0.5832626452327563,0.0,0.0,1.0,1.0,0.0,0.0,1.0,0.0,0.0,1,69.39,3.0
-1.896172642926953,-1.6552920615751516,-0.5111992915648446,0.09843905322354353,0.5091280382073649,-0.6323591965036595,1.026090982709313,-1.3269614165526378,-0.5832626452327563,1.0,0.0,0.0,0.0,1.0,0.0,0.0,1.0,0.0,0,82.44,3.16
-1.646625914996028,-2.0162458874951117,1.1212194418531298,0.5101384946152422,0.29534857895184924,1.5719676118164945,-1.0508981251332477,0.4759752907199674,-0.5832626452327563,0.0,1.0,0.0,1.0,0.0,0.0,1.0,0.0,0.0,1,75.7,3.24
1.3122891748182386,1.584733535344921,0.136867218849109,-0.3559908713321521,0.8621189183866462,-0.45796697514154944,-0.8249044481399291,-1.3269614165526378,0.7945231309076128,1.0,0.0,0.0,0.0,0.0,1.0,1.0,0.0,0.0,1,86.42,3.62
-0.6132192987174296,0.1852084555188782,0.5777848227620084,0.6175804510818879,-0.22778337415741645,1.650875370366862,-1.074753774819757,-0.4254930629163352,0.7945231309076128,0.0,0.0,1.0,0.0,0.0,1.0,1.0,0.0,0.0,1,77.13,3.36
1.74110657025609,1.584733535344921,-0.9359533205408574,0.3758176421323011,-0.7456979859448055,0.9198651134314888,0.09073897247869825,0.4759752907199674,-0.5832626452327563,0.0,0.0,1.0,0.0,0.0,1.0,1.0,0.0,0.0,1,79.5,3.33
-0.626367138661253,-0.5187748686849203,-0.5239665365935433,-0.9874323921110997,-0.571403804469483,-0.15875693217136075,-1.1598258998755073,1.37744364435627,-0.5832626452327563,0.0,1.0,0.0,0.0,0.0,1.0,1.0,0.0,0.0,1,65.55,2.58
0.16826748309953699,0.06264134955212701,-0.3777452865879354,0.5977536868196793,0.042566251189049616,-1.8683282056851467,-0.7294343960229456,-1.3269614165526378,-0.5832626452327563,0.0,0.0,1.0,0.0,0.0,1.0,0.0,0.0,1.0,1,82.21,3.29
1.6089254503979546,1.0092208776465128,1.093870990670203,0.9579603669021743,-1.0352151656053048,-0.019270272904319957,-0.7523729755655612,-1.3269614165526378,-0.5832626452327563,0.0,0.0,1.0,1.0,0.0,0.0,0.0,1.0,0.0,1,80.03,3.21
1.74110657025609,1.584733535344921,1.2541936324134884,0.2348423631634236,-0.467420962280349,0.10539172045966984,-0.2777360599100792,1.37744364435627,0.7945231309076128,0.0,0.0,1.0,1.0,0.0,0.0,0.0,1.0,0.0,1,73.92,2.9
1.74110657025609,1.584733535344921,-0.7654498654617607,1.2600557073538041,-0.483527449416109,1.2036975319221075,-1.585771796204565,-1.3269614165526378,-0.5832626452327563,0.0,0.0,1.0,0.0,0.0,1.0,1.0,0.0,0.0,1,95.43,3.49
1.2547525000642368,0.550485947764454,1.2541936324134884,-1.216362318050466,1.733791050972124,1.6378605331636862,0.09311886721825642,-1.3269614165526378,-0.5832626452327563,0.0,0.0,1.0,1.0,0.0,0.0,1.0,0.0,0.0,1,85.04,2.97
1.0591671374580636,1.1290163464485645,-2.292071913172975,0.5446293144459542,-2.7769462166421217,-0.7053780495432507,1.3300706265699507,-1.3269614165526378,-0.5832626452327563,1.0,0.0,0.0,0.0,1.0,0.0,0.0,1.0,0.0,1,74.58,3.13
0.6012162659399586,0.4809197499659151,-1.2006865487904748,-1.1671243825996973,-0.14170659887451445,0.8264226816810889,0.14460407720040924,0.4759752907199674,-0.5832626452327563,0.0,0.0,1.0,0.0,1.0,0.0,1.0,0.0,0.0,1,64.92,2.56
