previous_gpa,current_gpa,attendance_pct,midterm_marks,quiz_average,assignment_average,study_hours,course_load,previous_failed_courses,study_frequency,class_participation,assignment_completion,final_marks,final_gpa,pass_fail
3.2980284918067397,3.531536814656731,56.382886631839135,60.61832315719838,58.28877962650369,100.0,21.123217248106798,5,0,Daily,Low,Always,64.97,2.65,1
2.917041419297289,2.7516857043987293,72.09422483830747,54.71236965838917,65.53603749393315,81.46213356958945,23.58730161928356,4,1,Daily,Low,Always,71.05,2.85,0
3.3886131228604155,3.1431534578337232,78.79591699867534,51.2461741531863,60.869097246386325,89.04100968105311,18.989519297084357,4,0,Weekly,Medium,Always,77.0,2.89,1
3.9138179138448153,3.9128055766215297,100.0,81.19498368206696,66.78006271888293,81.19791578119721,0.0,6,1,Rarely,High,Often,87.94,3.65,1
2.8595079751659984,2.80845258840852,93.34829686800637,71.78898453408208,71.78774533933216,71.99199942540224,13.756620539777922,6,0,Weekly,High,Often,69.12,2.42,1
2.859517825830492,2.7235494110323093,64.96777646350164,80.69108096407665,87.55731729497077,53.097008785893046,5.754339400664678,4,3,Rarely,Low,Rarely,69.4,2.58,0
3.947527689304435,4.0,92.29054434126455,85.3570902918227,70.18261441941446,82.46546824443564,13.379153816655409,4,1,Weekly,High,Always,73.91,3.2,1
3.460460837491745,3.7470524000628984,61.790440165924515,78.984254897588,51.21561439845611,70.69272074477131,22.84003388907115,3,2,Daily,Low,Often,72.38,2.75,1
2.7183153684390287,2.7448374343265827,100.0,84.86644764225561,92.10101769742741,70.39597512601635,17.44120668699978,5,0,Weekly,High,Always,85.44,3.32,1
3.3255360261515787,3.768795050468157,77.93313022273182,73.95701570636597,62.443647995774406,74.01215292825066,24.184726931179462,4,0,Daily,Low,Often,77.94,3.14,1
2.7219493843125226,2.379442650072471,83.59545716891243,57.19509917541383,74.11919359343057,100.0,17.734031365708315,6,1,Weekly,Low,Always,71.74,2.8,0
2.7205621478578457,2.66246431007393,100.0,90.86721271231194,81.69804760411067,100.0,4.613392482648779,3,1,Weekly,High,Always,84.14,3.5,1
3.1451773629396205,2.930130666758779,65.69254647123626,66.1633180082831,77.99415627604174,82.60649525034081,0.0,3,2,Rarely,Low,Always,75.68,3.06,0
1.8520318532053213,1.2920708680834032,64.04322722330514,60.966055518563614,91.41269321282213,74.42279331305927,16.190470093436723,6,0,Daily,Low,Often,61.92,2.18,0
1.9650493004921803,1.9402450947393706,76.24601010480993,72.33123186293403,82.18504715089138,65.87328299058547,13.288588269190678,6,1,Daily,Low,Often,67.74,2.56,0
2.6626274824554166,2.6261032299404317,100.0,61.3078362105523,62.08035630454338,85.62248193855282,7.184434084944943,3,0,Weekly,High,Always,78.93,2.99,1
2.3923013277993457,2.846336250771985,62.20980886784736,68.73854427015851,100.0,100.0,1.3949820027889768,6,0,Rarely,Low,Always,74.89,2.9,1
3.188548399557164,3.3777919049235976,42.51766602834145,80.160808823452,77.9150019500735,77.03191535569812,9.122054292218326,3,0,Weekly,Low,Often,64.04,2.58,1
2.455185554687273,2.1479295073885116,78.23261712386501,80.22512608869191,72.78989660067741,51.45204751096131,13.444068121081791,6,0,Daily,Medium,Rarely,73.27,2.99,1
2.152617779198825,2.708845549099081,93.27611199866381,61.53254900361556,89.45888134583356,88.04059606178629,20.327022589651122,3,2,Daily,High,Always,83.09,2.85,0
3.8793892613529324,4.0,100.0,67.68441940576884,78.74176418895108,91.8247965374006,16.50904865254384,4,0,Weekly,High,Always,74.32,3.18,1
2.8645342197080788,3.0391635307486635,78.05257956871901,91.11499507155365,80.98842289408991,60.96985231536983,27.864537977381833,4,0,Daily,Medium,Often,78.95,3.14,1
3.0405169228127544,2.972571693157805,78.82860089325996,82.44600176600912,100.0,82.11781020395543,6.715167551636846,6,0,Rarely,Medium,Often,79.95,2.97,1
2.145151088271926,1.8573193172548823,100.0,100.0,70.8731785761743,85.41471219363319,22.04847113645947,5,0,Daily,Medium,Always,88.25,3.72,1
2.6733703652848906,2.5617083324635748,56.95387450456869,92.70192260612292,70.23358658973906,79.12271237589273,15.378389945029824,4,0,Weekly,Low,Often,73.89,2.53,1
3.0665535538259197,3.3931781397371754,79.17218837225487,92.16439602839908,76.74867768018696,70.51074897097575,20.557352992948676,3,0,Daily,Medium,Always,82.44,2.98,1
2.3094038535466184,2.874779745327001,87.85635834887587,54.18197174316297,91.07273903371558,92.19124668276268,11.507881093875652,5,0,Weekly,Low,Always,76.48,3.49,1
3.2254188110074034,3.68839186948906,91.73828081927552,86.45790527450134,52.40198954714401,75.1594430483758,23.57344299112472,3,1,Daily,High,Always,79.09,3.19,1
2.639616786048717,2.4929619595128347,77.35289960213676,74.20339797454633,45.51666162785242,62.17776604760081,17.361798066761942,3,2,Daily,Low,Often,71.84,2.73,0
2.824983750124034,2.489098520137331,85.51661517558762,66.73527294692626,66.19327094069779,55.40630617196383,9.564440120658002,4,0,Daily,Low,Rarely,60.92,2.46,0
2.6389760326623617,2.681241906735723,47.67508969880516,77.52023010798793,50.491155614110696,95.13019423999171,14.903807768694495,6,0,Weekly,Low,Always,67.09,2.65,0
4.0,3.4694681903311446,75.12627381499227,89.17817301917225,68.62752978711542,87.39996771765342,13.083553128503208,6,0,Weekly,Low,Always,81.27,3.26,1
2.9919016651572394,3.0888519794126736,91.80263068831701,82.51247386506317,82.53749544193936,81.05568256555003,18.91342680510235,3,1,Weekly,High,Often,75.53,3.12,0
2.36537344262646,2.321092666736859,70.2655894861798,61.8228929798691,61.63876704671605,74.71670435779036,5.561786005003931,4,0,Rarely,Low,Always,71.73,2.83,0
3.4935269472619135,3.3537159967014407,85.88476332384396,86.1368837038893,53.597601348279866,73.65201902956248,14.765186383074443,3,0,Weekly,Medium,Always,76.9,3.15,1
2.2674938100173865,1.7890828898373479,91.70308751204047,65.43618686886055,76.04005742573023,67.09116021870067,18.16245802119465,5,0,Weekly,Medium,Often,71.64,2.83,1
3.1253181570028534,3.2793981889737682,79.86176198713352,78.2502467844643,87.93815226922756,74.82253226528138,15.264186457544266,3,2,Weekly,Medium,Often,74.36,2.81,1
1.8241979256721348,1.6643876737735614,87.55695656494856,70.44974898784298,49.575398422250814,54.558953418557905,25.775529955111967,4,0,Daily,Medium,Often,66.13,2.42,0
2.2030883706609417,1.8521133199478552,70.55901152073082,71.71700622396561,87.30348597458976,71.16723615837783,21.19218219256842,3,0,Daily,Medium,Always,73.32,3.2,1
3.118116741521474,2.2564380775369792,81.9008308045593,86.49364462560764,87.25959305607489,76.26874980378687,14.940153626074027,4,2,Daily,Low,Often,81.23,3.38,1
3.443079947997246,3.434825476482055,94.15324254383833,59.39709420276153,89.31127653234942,87.31856056628503,16.733512779981385,6,0,Weekly,High,Always,89.88,3.8,1
3.1028209687139823,3.6344964477149055,87.35459441452652,100.0,93.27720322307529,79.52088243951964,17.365324411855998,4,1,Daily,Low,Often,86.85,3.47,1
2.930611030567056,3.428988794931417,76.20203095654097,47.68370896058256,100.0,89.5390773665067,18.226396833334594,5,0,Daily,Low,Always,76.12,3.09,1
2.8193377826464268,2.6822089056705454,88.36324606436189,66.03498475117715,69.65861927071417,96.18962126136115,0.39473603468313634,4,2,Weekly,Low,Always,68.71,2.71,1
2.1128868057795436,1.9322231876710094,95.71914685954927,80.55317834912611,76.64357370116787,92.69804112588922,12.587789633845224,5,0,Weekly,High,Always,76.23,3.28,1
2.5680934749631747,2.708725751785682,54.25088082133783,83.76471249652964,68.75342350127961,85.64611816854269,3.124487454452593,5,1,Weekly,Low,Always,74.01,2.89,1
2.7236167374241274,2.42410110566764,100.0,73.49286419142442,75.02965267133716,80.14235215016942,25.226247579675892,3,0,Daily,Medium,Often,80.87,3.04,1
3.6342733357313493,3.724810905677189,79.95617891978392,74.13913945497686,97.99310033454468,68.23054389903729,14.513203839976578,5,1,Daily,Medium,Often,88.6,3.65,1
3.206170973741077,3.435995057256484,91.38234899860345,81.15825127991425,54.82478274103997,88.87932861655179,13.453272402563018,4,0,Weekly,High,Always,82.32,3.26,1
1.9421759067823596,2.3102558739476518,100.0,71.5339578381348,62.08425491751637,100.0,22.17437865626588,6,0,Daily,Medium,Always,78.19,3.18,1
3.194450381636877,3.164404158692891,64.42489454154301,95.89771886902359,95.65771404756842,84.10527247580502,18.378598379598998,4,1,Weekly,Low,Often,78.85,3.3,1
2.76895063175021,2.7078485066971205,74.3583849635868,87.59023671347403,90.30054760353134,100.0,5.970923884966343,6,0,Rarely,Low,Always,85.66,3.31,1
2.5938467998164247,2.3304520237894564,80.67176956186442,88.09236526508452,69.55302529774383,61.69313950326699,14.43275709978105,5,0,Weekly,Low,Often,70.65,2.78,1
3.3670057733045207,3.1189416670925625,73.24369718313358,60.50764914944374,87.8160300168108,66.1500393826455,12.31866421418892,3,0,Daily,Medium,Often,75.02,2.94,1
3.6185997134975705,3.5506560459271124,100.0,73.80917363391445,80.1182376373805,90.26241809297915,1.0437368911515676,5,1,Weekly,High,Always,79.36,3.43,1
3.558768071469719,3.6689777235145726,72.1484185925981,70.49301076918944,97.50411913501482,83.17148252183901,9.477790134102364,5,0,Daily,Medium,Often,85.95,3.44,1
2.4964694860664167,2.7705448739363914,76.66679830769701,59.915979364658014,76.11764390740159,95.7653861188617,13.531677423868276,6,1,Weekly,Medium,Always,75.54,3.05,1
2.814472574489271,2.5735188892851677,88.06583547404465,80.4024627591865,90.38448170808874,79.81434031127912,14.080392548065259,4,0,Weekly,Medium,Often,83.48,3.11,1
3.1987580588421385,3.646564629529995,66.96775710885866,66.93531363330275,100.0,69.58429492966002,3.142148610581531,3,0,Weekly,Low,Often,76.49,3.21,1
3.5853270762734155,3.503989995960645,79.06478932365604,84.83105744775355,83.97148732571199,77.43688109353948,24.213324664379805,3,0,Daily,Medium,Always,78.89,3.24,1
2.712495457292826,2.706085268988295,89.76179891875262,58.947126556585026,75.73992248692265,61.60779234891519,14.183175528868489,3,0,Weekly,Low,Often,66.42,2.49,1
2.88860461400171,2.664441110257363,80.00709393426233,100.0,85.8367047783147,66.45691192283559,15.300424613284504,3,0,Weekly,Low,Often,73.15,3.31,1
2.336199015596383,1.6089269375145006,83.59919711650078,61.555010121119075,69.52078712694173,91.66932797501612,18.205133106718694,4,0,Weekly,Low,Always,69.3,2.84,0
2.2822760255515977,2.5474896444599127,77.06001831327444,78.28953505800654,100.0,90.47344897363531,8.69538996877063,3,0,Weekly,Low,Always,71.39,2.73,1
3.487515493436519,3.708568662564249,62.282945362288494,86.87788965582101,77.70106556543972,84.35605141767292,18.650847785061572,6,3,Daily,Low,Often,83.33,3.33,1
3.813744017142494,3.7293457500070297,89.82389817008858,66.44039354699831,70.90600019661731,59.34706974847437,12.063402831854535,6,0,Daily,Medium,Often,55.55,2.15,1
2.9567939270517996,2.976891142219261,100.0,87.78702965149427,62.464664924699456,75.69915709384534,7.827315674822466,3,0,Rarely,High,Always,81.96,3.59,1
3.6021197387352144,3.756901504046444,85.27602446175158,56.562246032993755,91.45830287409657,65.30000133607939,19.587579946843192,3,0,Weekly,Low,Often,70.89,3.02,1
3.2169816150285806,2.7482178579626177,88.37896175871325,96.78176548773841,88.00781119241609,94.11839904545319,26.933390870414463,4,0,Daily,Medium,Always,83.84,3.44,1
2.6129281472369255,2.4542123440330372,95.39084132675289,75.21223897448637,67.5396844287886,72.99533439724878,20.798634987886654,4,0,Daily,High,Always,81.13,3.59,1
3.216837363305048,3.4551167671915963,65.96004255179952,66.0538288804668,83.64677017683634,66.97102747062141,22.383820521123447,3,0,Daily,Low,Often,75.7,2.82,1
3.9228219398795816,3.5465351129288067,100.0,70.51227341358847,52.37166047680715,80.35755398145709,10.834955147501608,4,1,Weekly,High,Always,80.69,3.38,1
2.978504376534029,3.066571756184018,88.03493194634203,87.13378904089079,77.77455862609735,72.31814651798466,2.2190421666523488,5,0,Rarely,Medium,Often,71.87,2.98,1
3.9387861934884034,3.531811652101382,100.0,66.23317062224342,81.79134528115041,97.80492692244448,26.92110017679873,3,0,Daily,High,Always,91.24,3.6,1
1.4281529375461535,1.5680819322762114,74.00450506714016,63.759634658658335,100.0,71.1822692295897,31.43611911523808,4,0,Daily,Low,Often,69.72,2.74,1
3.4931415026251345,3.4824490579358893,100.0,71.67695103624392,63.43771795906966,63.209260889304424,27.342454190157454,6,0,Daily,Medium,Often,78.55,3.33,1
3.052228240942903,2.56768869617125,96.62733241052175,57.34556830845048,55.824710567965134,54.16503781090981,12.313712488162002,3,0,Weekly,High,Rarely,70.79,3.0,1
2.820595589720479,3.1700173960576303,93.29560128778537,100.0,61.56858058612438,79.63056197103901,5.762925290169246,3,0,Rarely,High,Often,75.34,2.73,1
3.0550564659213015,2.8346789928818867,88.51036681529722,66.50408113177915,54.9514724952762,73.25683863370489,6.474538417443467,6,0,Weekly,Low,Always,72.83,3.28,1
1.8074586512394644,1.5643829201351502,81.27207072888326,87.47425179270606,95.04986036638475,62.85314472185928,1.5301394590876107,6,0,Weekly,Medium,Always,70.94,3.07,0
2.8681968672974927,2.9283676264667755,100.0,78.14205125471659,98.22958942536054,94.27071753506942,14.140971052719637,4,1,Weekly,High,Always,84.53,3.32,1
3.2142675429070477,3.558858747735662,87.1053980477207,60.23198924277048,79.80324866923243,88.0069417691509,27.845423664659634,6,0,Daily,Low,Always,75.59,2.87,1
3.8867364268449096,3.5819898811513906,55.49395444619271,74.91067936180906,93.31942418527723,79.66138545275324,13.866698945022055,5,0,Weekly,Low,Often,76.54,3.28,1
2.6890378690358117,2.707541823990203,68.24220307439496,86.76004168966122,77.00937570870353,96.3719149300504,17.418583202786195,3,0,Weekly,Low,Always,75.68,3.13,1
2.5149038382640874,2.643548788363259,82.2123137171088,72.1760799737054,73.5733252844885,87.95043240078336,26.00477571443367,5,0,Daily,Low,Always,83.35,3.48,1
2.698945773849278,2.9068774560282216,89.64998474748332,92.89669418776542,70.00443571419358,70.12572918177881,11.767237505340802,4,0,Weekly,Low,Often,78.54,3.26,1
3.5492412706212444,3.602173737204412,84.15117266650157,90.32273089172796,70.34413512933652,67.5293580321108,31.28425165375676,6,0,Daily,Medium,Often,80.14,3.45,1
3.197250665795811,3.0871423140708143,100.0,88.78372281987494,51.78297665536453,89.81577853344633,30.936755259979627,3,1,Daily,High,Always,77.36,3.27,1
2.682143877739777,2.433866811545161,55.733472039420626,68.10514841590505,78.96382145411008,84.75640347760822,13.951109290556138,6,0,Weekly,Low,Often,66.83,2.57,1
3.3079604598680135,3.333803624781926,87.1538190475774,58.80236328327769,74.39499134678934,82.03697321564795,10.379725887846298,6,0,Weekly,Low,Often,80.27,3.09,1
3.0582465296088244,2.736604826013142,57.730311619192676,65.79618591955808,86.18041086116814,69.8420263655731,20.577904371122504,4,0,Daily,Low,Often,70.36,2.89,1
3.5811869943197334,2.704781849271351,96.39568443226253,77.94361411000081,76.40285244657915,87.29537080406905,12.219800459849136,4,0,Weekly,High,Always,77.93,3.58,1
2.5787681436735888,2.709736084920889,83.58311928336995,83.18680070298534,72.55944447646363,70.93401340239261,5.747558263461309,4,0,Rarely,Low,Always,81.6,3.23,1
2.803402712041339,3.0745831643671977,91.29414958036178,42.42642892859329,61.932104549885544,78.77616014487586,25.249909228183842,4,0,Daily,High,Often,67.7,2.78,1
2.764735108120705,2.055855377458154,72.0417555911535,74.87830197582375,76.08229855232642,97.36332975664376,24.731579098216642,3,0,Daily,Low,Always,71.59,3.04,1
2.121891031120729,1.8189718197077476,100.0,77.37133837984777,86.07355846224243,72.06998917027825,16.244092830108485,5,0,Weekly,High,Often,76.03,2.96,1
3.1776721662387457,3.3634184445403053,100.0,70.83683615526672,57.84991513374209,61.12412891512567,4.897081970174577,5,0,Rarely,High,Often,73.51,3.1,1
3.1566331633079336,3.7738818042214435,93.75316454517831,94.36910758523818,76.31210630521109,67.36943369755868,5.163789990260911,3,1,Rarely,High,Often,79.54,3.18,1
3.0030680739854767,3.009306186288099,83.05724129704839,81.32670111376306,78.49564427294226,91.93158592025148,15.857834307353222,6,0,Weekly,Low,Always,77.18,3.34,1
2.8592477199749116,2.6408468376061713,93.69785927942698,94.65287862121346,64.22902824572604,83.05677364856251,11.001031723959741,3,0,Weekly,High,Often,86.6,3.28,1
2.1507775547697516,2.0959086224382997,74.39661148018976,71.76059219474652,66.18215542637999,78.45347145573496,12.271256542867135,5,1,Weekly,Medium,Always,65.49,3.08,0
2.7476128063407845,3.16007573208524,97.83333488531068,89.06216238760388,78.45916273149322,73.89087433626116,23.175705240480024,5,1,Daily,Medium,Often,76.66,3.0,1
2.794371290083938,2.6005820363465775,100.0,99.5259959179128,57.99868472561066,85.82431889063828,20.865434539380463,3,1,Daily,High,Always,83.89,3.46,1
2.5186336384670285,2.2788760364719525,100.0,94.67540173908992,80.24885572874089,69.81074178811731,26.025141443980903,4,0,Daily,High,Often,85.74,3.43,1
2.9032285730003946,2.758405516345785,74.05596295288886,58.617876098569006,61.569684395112,83.66798682371115,7.075014212981939,6,1,Rarely,Medium,Always,65.99,2.42,0
3.242430514088723,2.9564319316111094,90.42125975909654,71.19485883686428,90.94280539549824,71.22494517424451,12.254467450506304,3,0,Daily,Medium,Often,79.17,3.33,1
4.0,4.0,65.60287684362028,69.82252941825305,100.0,69.22808737669935,21.071853563680904,5,0,Daily,Low,Always,75.12,2.95,1
3.1047466876991034,3.5921502252399717,93.58585466763513,82.33881802614492,62.08864797447271,72.35015078209986,18.584626728103135,4,0,Weekly,High,Often,83.22,3.43,1
3.1545302344336585,3.2514540163684673,91.75905119293809,85.295303325218,83.01311793562012,75.49511064219246,27.259043060700975,6,1,Daily,High,Often,79.57,3.02,1
2.9553324505402996,2.8796263999024134,56.952754907017535,62.41660988961396,64.0988714267697,79.41404196879556,18.364293647232554,5,0,Weekly,Low,Always,69.24,2.72,1
1.8487372708205752,1.7611938901459119,67.57324234131454,76.01757770875406,90.61431260696685,82.82546954133338,29.78487283284442,6,0,Daily,Low,Always,77.9,3.06,0
2.98409167473047,2.515134432121473,80.75291654884349,44.701090017657954,56.02112386372177,35.73961650285867,19.320142413785128,4,0,Weekly,Low,Rarely,55.77,2.34,0
3.036138125964616,3.3010710591087635,80.48710379288761,96.62917508702834,82.20880137641569,70.30819330703882,23.49733958070928,5,0,Daily,Medium,Often,77.65,3.17,1
4.0,3.9766488408961593,66.85784596871792,67.3143863898496,61.90516549665971,75.30116027172753,12.411880425724343,4,1,Weekly,Low,Always,67.61,2.67,1
2.8845834211313264,2.8304394470541387,90.83468094028277,75.83795909766745,71.89523116352447,98.06074446329995,15.114297695071912,3,0,Weekly,High,Always,88.12,3.45,1
3.1809284054001674,4.0,88.77210413410768,70.35525429017909,59.53462087279039,67.03996869941442,22.2875552307158,3,0,Daily,Medium,Often,73.86,3.02,1
2.979172938176854,3.06879881068656,82.08596302032221,92.19041362520123,87.3352570634363,81.95355941719895,27.903825364744435,6,1,Daily,Low,Often,89.6,3.62,1
2.298793177428281,2.0732558623997255,73.66312749762456,32.43740337903932,62.445294683406196,97.94036371683005,20.833895594486023,4,0,Daily,Medium,Always,63.24,2.56,0
3.685693688709012,3.557786409847349,100.0,74.75084486511136,83.27946388997741,64.24437764063272,14.334625824523044,4,0,Daily,Medium,Always,74.66,3.38,1
3.4511598196120645,3.795693532371091,100.0,73.41271863753454,69.838529576065,84.72770271037282,26.018680236226736,6,1,Daily,Medium,Often,82.29,3.4,1
3.474619168225828,3.5086002913871575,77.74657774230194,68.19545418612476,73.28291442301706,70.37273799278576,0.0,6,2,Rarely,Low,Always,79.82,3.58,1
2.4543675271231566,2.022884133627947,75.81749624267769,100.0,77.21633861100193,73.94439509252919,3.6221239879450096,6,1,Weekly,Low,Always,91.03,3.63,1
3.8416765865616593,4.0,92.36811498117994,61.69005811716343,63.57262992511727,70.36266999256023,20.453073789347112,3,0,Daily,High,Often,75.39,3.01,1
2.1588893623246315,1.9584461366629333,79.6295593037952,86.57694265853492,78.1555067031133,71.21771229900936,15.112866850024998,6,0,Weekly,Medium,Always,70.44,2.72,0
3.3521142562801622,3.9141035891454257,82.90904199005149,80.34379183059126,97.95501846531617,100.0,19.844109208993324,3,0,Weekly,Low,Always,82.56,3.36,1
4.0,4.0,96.09479727587006,93.92278878803273,63.328578212509285,90.13347046485998,15.515260179455536,6,0,Weekly,Medium,Always,80.27,3.15,1
2.405678204921587,2.2714816362239616,56.359658687390606,64.99216372833742,92.57715214910768,93.2208543414345,19.56756555683098,4,0,Weekly,Low,Always,68.22,2.64,1
2.660221362238337,3.0445262707588707,100.0,64.00546651314362,97.47146450231676,85.90392184203796,8.484777432054475,4,0,Weekly,High,Always,77.5,2.72,1
3.059790819052585,3.0801474722108058,86.09020786494013,91.44104861216098,62.75767516457934,60.7249185391765,19.563888688637526,6,1,Daily,Medium,Often,76.52,3.35,1
2.6979146075302807,2.9537467100669463,78.82760283156729,81.37981962495165,53.17418092364172,84.73949564387969,22.955316225660674,6,0,Daily,Medium,Often,79.9,3.12,1
2.0696019413603204,2.2150217865486628,83.66148768667827,51.82593979984862,79.52941350257647,92.87515537408817,24.76440483144986,3,0,Daily,Medium,Always,73.14,3.22,1
3.0411377848836163,2.787230788386354,84.43644032530779,66.91042478305094,66.7888871584969,69.75920631153066,31.108434357189598,5,0,Daily,Medium,Often,77.05,3.06,1
2.362617771764337,2.1695528220690985,59.03198044832612,80.79573980772092,100.0,91.58392000593352,16.952787548019092,3,0,Daily,Low,Always,73.54,3.07,1
3.284155458381109,3.593143703655457,100.0,87.56646332319883,75.52211310749749,88.45203451824895,17.19128869477743,4,2,Weekly,High,Always,86.96,3.49,1
2.448345459459718,2.3479128598277557,85.61988448405928,64.81154020210568,62.96700887947231,100.0,2.814620286609218,6,0,Rarely,Medium,Always,68.97,2.84,0
3.929960643010524,3.808866104037925,91.64503195671062,31.286160152745882,57.792607334824325,74.98660384983657,10.7487087908926,4,0,Weekly,High,Always,60.09,2.2,1
2.530048024598258,2.243511250793452,99.27324655861065,82.8483477860555,91.34857438636246,66.82866821269128,13.4553434079471,5,0,Daily,High,Always,66.71,2.9,1
2.8067630902765948,2.933842809954633,69.68256313659549,56.69518965084036,66.4322403887372,75.66046268752945,23.402556418210843,3,0,Daily,Low,Often,65.73,2.56,1
3.4881103304218017,4.0,92.10207848552842,44.73991802816383,75.65743199190642,97.22685191796349,10.111991007282967,4,0,Daily,High,Always,65.41,2.8,1
2.261481410139627,1.9412215358633451,80.9853836365181,32.51511112523789,89.33704117668721,58.059129429896444,21.37072015799066,3,1,Daily,Low,Rarely,53.6,1.85,0
3.1364759607624775,3.1437417977643047,97.7015616282474,87.20971290296612,67.73612472103754,55.17949141482761,14.98702626429296,6,0,Daily,Medium,Often,79.1,3.01,1
3.784285652569457,4.0,53.09158869472757,76.9292617560745,74.31106756889758,81.07274334717935,13.582655079081905,4,0,Daily,Low,Often,78.17,3.2,1
2.0355100592632636,2.011617641889549,83.51358549638097,71.61515428931622,74.7514738526622,74.68892848671013,16.99115175306605,5,0,Weekly,Medium,Often,70.14,2.77,0
3.1107803151193827,3.246491853994303,75.95769016324057,95.83536544444142,85.24986767274137,80.09273471810822,11.870749021977261,3,1,Daily,Medium,Often,88.67,3.64,1
3.155929676549054,2.8372116181049902,91.48394425951233,84.55987024534609,83.86116503265488,91.34374125483038,11.567702015258675,3,1,Weekly,Medium,Always,78.57,3.18,1
3.469093723066386,3.5975858522286805,92.05066281052304,99.24450064082875,71.69829403117757,73.36916784657377,1.3617127536790843,5,0,Weekly,Medium,Always,85.72,3.79,1
2.257829573473151,2.201686293971786,74.38561157766961,54.10896791749505,75.95473592244777,57.52393002883255,13.016366341376884,4,0,Weekly,Medium,Often,57.16,2.39,1
2.2077260321494343,2.5034450308533933,74.31739203735934,74.48174064069055,69.42331482714766,100.0,11.160254830810189,4,1,Weekly,Medium,Always,76.32,2.97,1
3.3131649393701386,3.6693807548395636,83.34001947164006,50.749299375779785,52.83581389620833,68.03326055073468,10.872152085207365,3,1,Daily,Medium,Always,68.01,2.64,0
3.178190803939912,3.955059896545496,71.55036659027188,71.55926502216799,78.86401286097194,67.29155453585483,18.334984500720324,5,1,Weekly,Medium,Often,78.39,3.38,1
3.150295710207526,3.324185662171599,97.6297554317819,71.27076219349983,100.0,93.24464016467115,20.26905562232408,3,1,Daily,High,Always,84.85,3.09,1
3.2078689256981856,3.3056078206728357,79.4618919932883,84.39920455894605,61.744212889634056,75.38613054750178,16.85755603713862,3,0,Weekly,Low,Always,78.85,3.27,1
2.5919851670529055,2.6503004575261064,41.39517671017538,75.68345821712848,63.404554355959455,79.23932177558227,22.963321523595795,6,0,Daily,Low,Often,70.32,2.59,0
3.1393522182966023,3.033402330453396,79.37766915067292,84.35110707419874,61.93908342534388,85.79348148872381,19.604495406642922,4,1,Daily,Medium,Always,71.38,3.08,1
3.1758434839792087,3.277388637017716,69.42184268734042,85.55160199708341,85.86887668084684,93.00299723731995,12.639550481554862,4,2,Weekly,Low,Always,86.44,3.37,0
2.571389149184179,2.4827687261424702,60.53086276808582,100.0,81.7272818129466,75.99847168181874,11.297149714284961,6,0,Weekly,Low,Always,70.03,2.91,1
4.0,4.0,66.43860042666141,70.27055017070813,72.62193461375315,98.2394240709716,17.50257789413477,4,0,Weekly,Low,Always,77.19,3.09,1
3.2842997525470725,3.6795790132294606,86.64112707749455,60.88465949000432,61.22971407541552,54.37040181518233,19.59013687921521,4,2,Weekly,Low,Rarely,71.8,2.59,0
2.285217901678411,1.9832551320945186,100.0,78.69125422974614,76.38565187459886,89.11744684343692,26.182754456251985,4,0,Daily,Medium,Always,82.1,3.41,1
3.393932165180298,3.7358957335190115,89.6977671079747,62.96579959290685,51.53066808996294,69.92566930378811,24.529384359520762,5,1,Daily,Low,Often,75.6,2.88,1
2.4151909978636072,2.8103255180655666,75.9024491767639,97.22941152654803,77.15139850286239,96.4672557992959,10.668215947942649,6,0,Weekly,Low,Always,84.37,3.54,1
3.472250762245471,3.4368302041481473,91.83856292756055,70.75172941582152,88.07286579131902,81.70453374596654,14.183949758981907,3,0,Daily,Medium,Often,75.35,2.81,1
3.6951573474044426,3.0586008777018643,78.11364534671512,66.51635448189015,56.232012950494834,71.92513601588718,20.368142439342158,5,0,Daily,Medium,Often,67.91,2.76,1
2.507590608988974,2.325244012860644,74.58099446255284,67.93026418273324,52.012225847555044,87.95409311625959,23.543982224471776,3,0,Daily,Low,Always,59.65,2.39,1
3.5780256775465933,3.967124041514926,67.68455997650523,85.77626135207461,98.69156837542289,90.71826016648703,22.511755749638336,6,0,Daily,Low,Always,84.29,3.25,1
3.247668556161899,3.2408081374722344,58.722567898724215,72.63379525152772,65.82360540743123,87.70272947430365,14.488977337349226,6,0,Weekly,Low,Always,66.77,2.95,1
3.493236095996694,3.193445426308221,79.15114440160832,65.37499769804427,92.03921768915733,67.64364512440328,4.967818780571868,6,1,Weekly,Low,Always,72.58,2.91,1
4.0,3.8485675236315346,87.37080234880197,99.98027876435296,72.69003502203252,74.19179451653498,7.00850899003527,4,3,Rarely,Medium,Always,96.27,3.77,1
2.8527671303982776,3.1049531383496434,83.55064494977665,62.15745239007375,72.57067774588009,79.95112595454277,17.181068114555316,5,0,Weekly,Low,Often,77.71,3.17,1
2.5477583013855063,2.71177837184592,78.76049608078962,75.53349111049491,81.57619049244967,79.50488416819927,17.737804635394763,6,0,Daily,Low,Always,64.72,2.3,1
2.466291342224686,2.3946117124737776,70.81380908954829,84.78459227415345,61.74001714880339,88.99694570526017,6.2105650125249205,3,0,Rarely,Low,Always,64.51,3.07,1
2.510513829020737,2.400466505476331,94.12369287527453,50.529973343743904,76.98745715243469,55.8211852099207,15.356556887114174,4,0,Weekly,High,Rarely,58.04,2.1,0
2.9537389743515376,2.836211529638391,65.24302120080122,82.20390752108888,69.2776587776386,84.01192465464204,20.049794855774266,4,0,Daily,Low,Always,66.95,2.79,1
3.204691184889986,2.927968129540435,96.64041870765213,59.17338486779326,55.192598348924534,76.52022374676032,5.790186739942849,5,0,Rarely,High,Always,67.26,2.7,1
3.1660144795980116,3.650627186438844,69.96674471609913,87.34174171251004,80.06223112089599,69.93799260339257,23.839977614435316,5,0,Daily,Low,Always,82.49,3.54,1
3.4963099494216143,3.3996138086582124,73.71347143970448,60.56023482121535,71.05038289683125,71.09015866676481,11.979750811521399,5,0,Weekly,Medium,Often,64.0,2.6,1
3.007801135126744,3.3729486913743933,62.998222140764845,85.39153547773292,72.64462757332939,77.42554802578444,25.06090490061321,4,0,Daily,Low,Often,77.94,2.99,1
3.87212044629439,4.0,77.47896779671545,91.58749599442069,56.84758584878763,36.78697874648577,10.732380433792796,6,1,Weekly,Medium,Rarely,73.65,2.57,1
2.8412059000572265,3.1406991695016147,99.62968687716969,87.92154788449207,98.87100551644207,71.5845251505014,6.786996136926568,3,0,Rarely,High,Often,86.63,3.11,1
4.0,3.8705139061845855,92.73442132665934,78.76974972357154,88.15071279579175,69.49022210424448,11.334904081266243,6,1,Weekly,High,Always,83.12,3.28,1
3.375400408659004,3.496519435759987,99.67633168042053,71.53048585605451,89.46233826257968,86.3933985118715,14.238815015381439,3,2,Weekly,Medium,Always,85.51,3.69,1
2.4857054661502307,2.478446784232956,92.83213818900904,66.35370635497733,70.41832946337477,70.33367980987376,11.892160745828154,6,2,Daily,High,Always,69.73,2.45,0
2.357464501163333,2.0863539429442945,68.44495257204446,97.06552036225656,49.0622566574487,77.41863439795412,13.271988627415093,5,2,Daily,Low,Often,65.39,2.99,0
3.2894834491459113,3.386791233662392,80.03816163508664,64.50757169748535,100.0,98.50731953193562,17.67172119740952,3,0,Weekly,Medium,Always,79.32,3.39,1
2.8659223288044897,2.512210391456549,73.29701306323805,59.44400889645006,74.08353737991197,91.93221823778508,13.630565041628804,4,0,Weekly,Medium,Always,64.03,2.29,1
3.428400296455255,3.7847041129937242,100.0,84.98053402549245,63.7680030596992,90.82725679932143,14.471100848383944,3,0,Weekly,High,Always,93.29,3.51,1
3.283942574744127,3.1445573855546094,67.04817030360533,63.05794795220257,81.2520236172467,74.00153083506977,1.326188806379232,4,1,Rarely,Low,Always,61.45,2.26,0
2.9563026524058764,3.016650549167728,98.40546534083666,60.74904753800809,92.50681182004946,86.51638735147583,18.133584128083783,6,1,Daily,High,Always,84.6,3.44,1
2.491923769158957,2.5769101306227995,98.39430805163154,53.34593606745353,74.654241658718,77.19322639455687,14.286373618466657,5,1,Daily,High,Always,63.18,2.52,0
2.091091665188481,2.013420173077258,100.0,67.75635240809224,94.17862751909063,77.64688147187674,27.88234384386297,3,0,Daily,High,Often,81.08,3.22,1
2.7320910287597875,2.90809916920237,78.85470111055754,73.75927464155261,91.24499907775304,84.91622412495859,7.483478661968336,4,1,Rarely,Medium,Often,81.84,3.17,1
3.5138392765940836,3.3713681796073263,95.68483239370244,78.64637591491048,58.85428218896912,72.8360769389488,0.5336373720038878,6,0,Weekly,High,Always,80.13,3.24,1
3.1284562464781223,3.3898454357152956,100.0,89.26959366449225,64.89314841510786,97.91603725331844,19.944547951440335,5,0,Weekly,High,Always,82.37,3.46,1
2.252556732772807,1.8487628286987825,75.73537484599456,82.90346885498691,89.36305744919652,78.07843832482476,17.772216146504004,5,1,Weekly,Medium,Often,74.73,2.96,0
3.103908555510709,3.1418224293746326,61.974396287014606,72.13691670670231,34.31081154284343,87.42032679511598,6.9325358357508335,5,0,Weekly,Low,Always,64.05,2.43,0
3.2311904278373023,3.8128691275547877,56.79984949138355,72.0270648543042,72.75816460252517,97.46720575108758,2.7620083599672682,6,3,Weekly,Low,Always,72.12,3.08,0
2.4696855382793204,2.169586140897648,95.69068043291998,82.65236203372775,53.537531975629925,92.3798452949021,27.29917384547432,6,0,Daily,High,Always,78.05,3.08,1
3.092235063567317,2.8889115724098615,56.75274687912124,94.08855244392855,67.85169297849713,63.09297076771371,26.312883124854253,6,1,Daily,Low,Often,78.61,3.25,1
3.0349252310676,3.1890975859652744,79.41521420593116,76.894712992248,70.51769866456193,85.33875074011861,0.0,5,0,Rarely,Medium,Always,71.75,2.85,1
2.314217821301626,2.368092355883505,91.5596978055844,67.96303718684386,69.62633433138738,90.20863273352776,11.334215765947992,3,1,Weekly,Medium,Always,74.96,3.22,0
3.21467241620897,3.319861445991038,87.7776330524487,60.10700998371682,66.71608121831088,90.70235626592898,28.313536438271193,4,1,Daily,Low,Always,74.06,3.21,1
3.3364707158209406,3.4832268548652396,91.38167296276258,53.321921033816615,58.54284525556779,66.64046199062443,11.191499537777064,6,2,Weekly,High,Always,63.59,2.78,0
3.649830745905166,3.840247186473697,88.33434783701281,84.99404508065285,100.0,72.11557715579211,11.075102127786778,3,0,Weekly,Medium,Often,83.72,3.24,1
3.632281231220942,3.965191183807809,100.0,83.66967785459336,100.0,91.93469882889946,12.737925378965054,4,2,Weekly,High,Always,90.36,3.5,1
2.173398379225745,2.296343976304299,70.71525428891805,83.66045287659992,57.569012696155745,70.85887555180825,6.032824209854725,5,0,Weekly,Medium,Always,70.36,2.99,0
2.4373049760509264,2.3649276796653638,74.84507292312203,73.07010830471916,98.73175126955351,76.40364732002823,1.3617940461756461,3,0,Weekly,Low,Often,65.42,2.6,1
3.3090211603251958,3.510793270686015,73.41010832093764,96.10402118837627,69.0080176429072,98.91050971402363,23.42037848587799,5,0,Daily,Low,Always,98.2,3.92,1
3.3082715705473253,3.87823615101589,97.45287717793916,67.73822258122773,76.93781209997566,79.42640899538252,0.2565047500185944,4,1,Rarely,Medium,Often,69.46,2.64,1
3.3090286117836287,3.2692384878688565,98.50597882592595,89.32903855810808,74.05089060154626,71.27871034599389,16.978171616870046,6,0,Daily,Medium,Always,83.35,3.62,1
4.0,3.7076412085988077,91.76837978977763,74.41885657515685,65.10377038119051,69.46859171764514,22.092635942061197,5,1,Daily,Medium,Often,77.56,3.31,1
3.3425343064159003,3.6746585072019924,100.0,65.87473852980993,89.7577851540922,83.99263195502226,3.390189608790733,3,1,Weekly,High,Always,77.54,3.08,1
3.6813393841083593,3.6452250349222797,67.32938698935429,83.88795460976642,76.88829795864987,64.0022238982735,7.605852779239427,6,0,Rarely,Low,Always,74.28,2.84,1
3.5724010580959216,2.9206001942917106,100.0,81.1445417802599,67.85172865171138,77.03196843324298,24.705433507132717,3,2,Daily,High,Always,83.78,3.21,0
3.390834750783479,3.6450612539286054,100.0,80.35459138900389,55.43115834299291,83.99876641988025,19.26313376181632,4,0,Weekly,Medium,Often,86.42,3.48,1
2.810838453215793,2.6502399974296162,96.0343299586862,76.21917633084298,61.596074794213195,95.58979784657201,10.061714344968902,4,1,Daily,High,Always,75.99,3.12,1
3.4553815322959602,3.428221547604712,100.0,74.43160377424753,50.37929826596855,88.01057696443995,24.617992026889368,6,0,Daily,High,Always,82.49,3.13,1
2.5363048712774567,2.635898970448161,60.150651884833394,100.0,75.18335322622754,71.43121858421385,24.65228578763442,3,0,Daily,Low,Often,71.04,2.59,1
2.8579088359559948,2.9150587398897145,77.13327795606023,92.76384967794259,57.05001611573406,94.14103181076464,17.15242154412566,3,0,Weekly,Medium,Always,79.23,3.19,1
2.708781871302538,2.9216174164442497,73.97044808977071,85.84240342478269,71.01659231222189,76.40581954943028,7.798718177010694,3,0,Rarely,Low,Always,76.63,3.24,1
3.0491244836317937,2.918478572460841,95.82218985636015,76.67698737305082,95.55152780415557,65.17156373540709,11.692410372225636,3,0,Daily,High,Often,66.43,2.67,1
4.0,4.0,69.24788890596781,90.10735800895004,92.98949359382378,77.93550368881434,17.29109395164312,4,0,Weekly,Low,Often,86.31,3.4,1
1.879640884444951,1.8017768811697759,96.36242724006229,82.76992164587178,74.51584658846073,97.25803041374843,13.491241366820095,3,0,Daily,High,Always,76.64,2.84,1
3.411756114224708,3.6333992584909587,100.0,75.39307129161054,73.69372910785275,81.9828806007791,22.51165742587881,4,0,Daily,Medium,Often,90.32,3.49,1
2.032370477286209,2.216980722490125,95.42804350125999,70.44653512101128,100.0,80.15026237195744,2.76180735912531,3,0,Rarely,Medium,Often,75.43,3.19,1
2.7168408805263398,2.436209269912961,89.25626535492252,73.78623993505968,82.81134180538066,99.64653973643425,3.0458917674700903,3,1,Weekly,Low,Always,79.38,2.92,1
3.6533703581804198,3.9791649930329296,70.18189988648876,27.443613961829165,70.08290310185215,62.82374183534687,16.44696889185946,5,0,Weekly,Low,Always,62.29,2.85,0
3.0385680114572775,2.877778977923063,72.29723550811953,78.15901258946462,53.60972824319322,64.57281063136674,11.067644689544764,5,1,Daily,Medium,Always,71.1,2.86,0
2.3533531332424165,2.59577047272676,100.0,67.6728587983446,80.90809827247115,60.60984234839802,9.983611082418072,3,0,Weekly,Medium,Always,73.96,2.64,1
2.570817774444019,2.681003968464421,96.69023505857999,98.89004997424325,87.43985658874294,84.47177823776066,0.8555462466048223,4,0,Weekly,High,Often,76.28,3.15,1
3.4077586493608054,3.959213752399342,84.41470720933684,75.29016106217631,65.52522713229534,81.9979175253815,15.156366758385454,3,0,Weekly,Medium,Always,82.1,3.37,1
2.561780020969718,2.4947402262581626,78.73135681351164,57.16554870697557,79.36804132707049,98.51283640735731,14.577959135993876,5,0,Weekly,Medium,Always,79.01,3.07,0
3.129875153749185,3.025080114913726,54.612881903329345,74.25179768807824,69.54640057627456,82.92170092564125,20.227831855613925,3,0,Daily,Low,Often,77.86,3.3,1
3.0273431039422882,3.0215172221759685,68.93721371973342,59.30818372406244,72.23951401201496,75.15011408624837,15.551249064967777,5,0,Daily,Low,Often,69.39,2.65,1
2.6090397914365098,2.5180858565862274,100.0,82.101111235687,37.68266913656503,80.02153847453728,13.939167374076026,3,1,Weekly,High,Often,74.17,3.09,0
4.0,4.0,65.793166434963,79.36421046509228,71.67327894425797,81.4124890215315,24.4160050943227,6,1,Daily,Low,Always,86.2,3.44,0
3.3803514133908066,2.8954582308598305,87.84219731831621,89.36759446662401,89.54053953612082,59.93886472006199,4.500261572411601,3,0,Weekly,Medium,Often,70.62,2.77,1
1.7849144480054357,1.4688097222615295,100.0,63.13677312458152,65.52896166650163,100.0,19.29111375078061,4,1,Weekly,High,Always,74.19,3.24,0
3.1118725888616567,2.791531712387899,66.17615997996562,75.51012144342221,75.78789552322975,86.23845221722294,1.6308226816372091,5,0,Weekly,Low,Always,61.85,2.67,1
2.602928121138967,2.8880203987310398,87.77065712171625,54.52467306860047,63.66073939962119,82.52009969627107,8.293104959993538,6,0,Weekly,Low,Always,73.26,2.71,1
3.5114600008777344,4.0,99.06873306265983,85.52242172887071,80.4066251443916,87.38196781134296,5.29874293901349,5,0,Rarely,Medium,Always,84.91,3.47,1
2.5244875569403797,2.4931527913791385,85.18748982860876,82.78306770660183,71.7521520369574,88.51293176703926,21.255540283615346,5,1,Daily,Medium,Always,78.22,3.51,1
2.9311581351198606,2.880511618162857,100.0,82.43707531541357,60.9113768897699,78.31335817397083,14.476718131236847,4,1,Weekly,High,Always,74.93,3.27,1
3.302992367388274,3.3240080163222285,59.97101111682707,75.02428547035412,94.98827201497691,72.42510636511159,14.891974043256186,3,1,Daily,Low,Always,75.88,2.85,0
3.519453116502073,3.86801660728453,100.0,81.22159336183186,88.93398020298322,87.19340823586045,6.146136098164392,4,0,Rarely,High,Always,87.93,3.84,1
2.279822155766534,2.0016162155093618,82.40797393905304,99.06508662462895,65.92639854107738,84.62853008637742,12.602452032536887,3,0,Weekly,Low,Often,80.24,3.4,1
2.799299258495431,2.870809953315866,96.57880232255013,70.72358614436979,82.46682464126665,70.2813188109271,8.892277573527107,6,1,Weekly,Medium,Always,81.22,3.04,1
2.7150328133034263,3.007592102238155,91.61960727548869,77.07967775565126,83.06118004230571,97.02842733640716,18.06764011883373,4,0,Weekly,High,Always,83.77,3.39,1
2.608002460455773,2.7583307114377265,74.00265704335006,58.708105512278856,84.63451852516764,83.5202244358758,7.071270917347091,4,0,Rarely,Low,Often,62.07,2.58,1
4.0,4.0,88.4349458868901,61.976085576025014,49.58616156007383,88.75783234721156,25.638354921640605,5,0,Daily,Medium,Always,85.6,3.21,1
3.2429890265765735,3.5433028543467158,57.13147822902569,76.46719939639961,90.09909811548943,96.70305065215902,1.5953564030072442,4,0,Weekly,Low,Always,71.22,2.99,1
2.243469627398973,1.432499939499202,94.0487125085709,91.55900320052861,66.45451555611403,80.26266585397802,8.54784134034751,3,0,Daily,High,Often,69.78,3.28,1
3.5507171682328655,3.754079764092138,89.47237698985788,71.1557876362264,69.632580998381,83.80342408380939,28.41760407972877,4,0,Daily,Medium,Often,80.42,3.49,1
4.0,3.803777295061773,94.57990252964653,71.46125206031815,100.0,89.72032686207339,11.518890016303725,4,0,Weekly,High,Always,86.38,3.49,1
3.619479156330688,3.0702892872737513,100.0,68.89672133243438,79.52810071081518,71.30166699439937,4.480970684764705,6,0,Weekly,High,Often,68.34,2.68,1
2.088378020427592,2.2417388002850864,90.51429760314566,66.97864993733515,69.20516286829236,80.64861995415201,16.752572500301348,3,0,Weekly,High,Often,64.83,2.66,1
2.7094595562802493,3.1215571198291365,87.22134129697415,79.42457183563232,41.92058440866141,81.50658303981379,11.196862062283662,5,0,Weekly,Medium,Often,73.27,2.74,1
3.7601466895119735,3.718912135123666,71.78397495008062,52.54113532232033,95.84646200919533,68.52729737979926,8.313037955053556,3,0,Weekly,Low,Often,68.25,2.63,1
2.5753983206287314,2.861260684789613,74.31668854526424,94.21409365000092,54.82185493787096,100.0,6.233033513610263,6,0,Rarely,Low,Always,85.21,3.02,1
3.266291656887737,3.7499751342843304,100.0,65.0186655280581,59.94841644750745,63.11247867809117,37.14698884500754,3,0,Daily,High,Always,76.29,3.14,1
3.464780432057602,3.859254768132816,100.0,85.82855228157212,70.02971551368226,64.42275315575411,12.987584798526909,3,0,Weekly,High,Always,76.6,3.0,1
2.44384171705315,2.935831075864568,81.4283434553192,55.950021039091865,96.24617687550439,95.77071890844294,0.0,4,1,Rarely,Medium,Always,82.83,3.44,1
2.96428478636292,3.1869230336844874,85.69004120879912,85.03260195819327,86.59859979998639,88.55919500955851,26.94967807204427,4,1,Daily,Low,Always,88.49,3.56,1
1.0552395959585565,1.0778696876290343,71.43078437509351,85.07916911721746,72.6324373523961,67.68842219023067,19.888567240884566,3,0,Weekly,Medium,Often,79.37,2.97,0
2.385367415199426,1.9047776716302756,100.0,80.76303108008845,79.62438095458232,87.28746818122032,8.868268551841698,3,0,Weekly,High,Always,66.28,2.69,1
2.8484591091641036,2.774640362725119,94.98125235537668,60.08357217300312,65.99421460693341,97.61420533996771,7.5350472905108665,5,1,Weekly,High,Always,75.11,2.86,1
2.2513300908210905,1.998356112226233,100.0,78.74322284397115,77.09480534348026,79.63684330883618,20.387782369265846,6,0,Daily,High,Often,78.67,3.48,1
3.979446782358981,4.0,71.82515384230392,57.25415722898416,76.10005117167205,100.0,13.024653380084363,4,0,Daily,Medium,Always,79.25,3.0,1
2.1419151732236204,2.0891494294939195,79.32988151472674,71.20855117355723,89.5315484352203,59.311258269583575,0.0,4,0,Weekly,Medium,Rarely,63.63,2.45,1
2.73597330798181,2.7729347500171557,88.47168883788359,90.44119651432989,89.50767183658424,88.32588144630922,29.29791971683735,4,0,Daily,Low,Always,92.92,3.51,1
3.0784443463716546,3.243889959183795,94.69734306588656,86.95052890606114,82.40966073308468,93.99834003465203,11.528076302272344,4,0,Weekly,Medium,Always,87.96,3.3,1
3.8647639734396693,3.8778447073514055,81.76498543678551,75.2277441381065,69.56478663680846,90.69612681926296,26.96457389185941,3,3,Daily,Low,Always,75.98,3.05,1
2.138482709292336,2.6469980214215623,71.90558364319449,60.37790136115737,86.1273344158519,77.54773128025222,25.22747966372572,3,1,Daily,Medium,Often,68.24,2.48,0
3.6978982512929757,3.51110344277264,98.22111293385356,84.6838156826129,73.6204730069543,76.51470221586621,6.991923644137486,5,0,Rarely,High,Often,75.38,2.98,1
3.0061398366117524,3.0645220731829252,95.81703043818372,75.29071856547039,58.771284469303005,85.32974205304708,23.265518914905183,4,0,Daily,Medium,Always,78.45,3.22,1
2.4110948093712294,2.188353633661815,71.25588849154413,40.19526602654365,68.95068312133591,89.78905383982483,9.788459601090551,4,0,Weekly,Low,Always,66.68,2.58,0
3.2772620845579623,2.881255331191751,100.0,86.73944739474777,76.26790475676486,87.22968123538836,0.06639530556846474,3,0,Weekly,High,Always,78.09,2.68,1
3.119435817344082,2.935905090072496,100.0,74.63650749195462,88.65323675497118,92.48069468952067,11.60321467182286,5,0,Weekly,High,Always,81.19,3.51,1
2.6398698737047233,2.6287588345901995,87.01444745871689,93.03676871974608,72.2470774176427,67.77356051519918,18.18110001421023,3,0,Weekly,Medium,Always,72.59,2.96,1
3.0418812509940114,2.913090583638833,86.19396793564054,58.57094221735793,56.86201933140591,77.26674825051639,11.2981068160293,4,0,Weekly,Medium,Often,72.19,2.94,0
2.768811841882944,2.5610855479207872,93.31086656673861,27.34944280205999,75.8511252494523,68.71980881451495,12.54361327259919,4,0,Daily,High,Often,67.43,2.65,0
3.068110407150749,2.6462151680491988,72.07445394615613,79.18625787517777,76.70184060084829,75.3666466869663,24.1485283594289,6,0,Daily,Low,Often,75.08,3.17,1
3.397278404712628,3.3723467329240195,85.45047218746123,79.37345515022959,77.78756443354129,92.18265070177166,15.851951842320736,6,2,Daily,Medium,Always,90.7,3.82,1
3.951610089687211,3.5001939774779105,52.714246830862294,49.63992558590322,88.79807273931645,81.29580704870274,8.253613509720381,6,0,Daily,Low,Often,66.33,2.86,1
2.2573107007038904,2.4853274898107713,98.14683468254404,60.3225068120009,90.28384860134848,100.0,20.61624258933861,5,3,Daily,High,Always,72.91,2.97,0
4.0,4.0,61.57760166337211,100.0,66.086836914275,82.3208764062766,16.58140453563396,3,0,Daily,Low,Often,87.95,3.24,1
1.828747320286499,1.3914818704470198,100.0,70.41584078769294,65.75784812926585,80.71630256695684,0.0,4,0,Weekly,Medium,Often,65.09,2.68,1
2.9089289429786502,2.816166219863691,80.04819859050325,85.96438464564325,59.397019335667906,81.2741950332826,18.42682331017159,4,0,Weekly,Medium,Always,73.52,2.99,1
3.352990323890746,3.127343402213571,81.82499527103235,65.24010258947425,85.48223505420714,72.34629568568077,18.134629661728813,5,0,Daily,Low,Often,75.52,2.91,1
3.1685951206410197,3.2643474737667737,75.58399140873242,43.645456517202646,96.73230162506573,79.30596065146888,15.160969036646879,4,0,Daily,Low,Often,64.05,2.4,1
2.6263802881076437,3.028515421914587,80.67941689116886,72.44612629806142,70.27377108136615,93.53345632533976,22.133604648556602,4,2,Daily,Low,Always,70.29,2.92,0
2.875126649785635,2.3125749088919116,100.0,71.01593159570842,71.3785415291251,81.36764801753327,9.620851325387981,3,3,Daily,High,Often,73.68,2.93,0
2.7041994392047,2.7387072629489255,47.68287015197381,69.00182641997444,97.00173835348464,70.47848324139835,17.691998310567207,6,0,Weekly,Low,Often,72.45,2.82,0
2.646381145833473,2.598341307163481,100.0,73.28038746740411,82.58336779822511,68.89898455425637,2.4643250306611773,6,0,Rarely,High,Often,79.94,3.53,1
3.509761258212615,3.7111632811477544,90.07035221652562,78.96402407468454,81.54353557201583,74.59757730000987,18.256723067190656,5,0,Weekly,High,Often,87.04,3.62,1
3.2142092915790283,3.278168280050335,66.89467528214176,72.7482457311929,57.1362524103941,80.88636121293057,30.62447756431917,6,0,Daily,Low,Often,78.66,3.23,1
2.5842542428436075,2.3586634433219618,68.87031410426144,56.039907480789545,85.18092103919129,94.32303842571514,7.041149180259671,6,0,Weekly,Low,Always,75.54,3.27,0
3.5397599252599505,3.444043744559965,100.0,82.29277187342909,61.06295489235362,63.91413630360276,8.9215829440978,5,0,Weekly,High,Often,78.97,3.22,1
3.1843797125259656,2.945571955484919,70.81739680085903,45.75942367016365,57.98969721097563,76.16208466533493,9.319876456867583,5,0,Daily,Medium,Often,60.86,2.29,0
3.487717271303376,3.8105194128829556,67.6997423410606,44.244638140736996,69.79842634849932,81.73172023322094,16.039985806412762,6,0,Daily,Low,Often,74.85,2.92,1
3.3777773051541673,3.3841707997557497,100.0,86.08770742052351,66.21310914826965,57.99553078844678,6.495709817170255,3,0,Rarely,Medium,Rarely,80.65,3.37,1
2.5026029934467564,3.0729601991726585,90.07829314428871,82.60530408203036,71.67600458422442,69.99682060440313,18.36997902952784,5,0,Weekly,Medium,Often,77.91,3.24,1
2.663891375881818,2.6456931317374317,70.93111635195402,74.13906952388946,53.38527548212621,71.84133752316576,21.774719563753322,4,0,Daily,Low,Often,63.13,2.61,1
3.448376163073957,3.235854133000818,88.24937463106929,54.06827242867392,89.38224459701509,70.44835551379403,19.274777707630275,5,3,Weekly,Medium,Often,65.36,2.39,0
3.366222159260079,2.9121078414762307,69.61370974539584,64.38133588988887,91.91529441774644,82.30267454025977,0.8526765948954189,4,0,Rarely,Low,Often,75.73,3.19,0
2.987459043621511,2.446517140744728,100.0,71.05879878470243,45.789862887887786,78.07328468597844,22.961341321268847,5,1,Daily,Medium,Often,74.47,2.97,0
3.0703964299852693,2.5951556470836223,100.0,51.0615904713883,89.67686708499825,73.33656676878756,22.49893931402944,5,1,Daily,Medium,Often,76.46,3.18,1
3.766598937473055,3.8467369327765,92.98009298232914,63.91457012965151,62.84207055267561,85.13555151863162,21.641290978770435,6,2,Daily,High,Always,84.34,3.21,1
2.645057166698502,2.7976746736674825,90.42491591870525,84.78495507265019,87.8546330547418,100.0,17.9827379892466,6,1,Weekly,Medium,Always,81.03,3.63,1
3.3282584287020227,2.853901218092383,100.0,96.40958046433825,73.97330261000377,99.67107820090102,16.761514513641064,6,0,Daily,High,Always,78.37,3.18,1
2.8786844085396637,3.1471959027624985,84.99529491082338,68.70847871012174,75.43163346121497,56.926738735251966,23.259115185011176,3,1,Daily,Medium,Rarely,75.59,2.94,1
2.869391278063668,2.724472962558636,67.27188811868798,86.34732531474148,72.22353525868172,86.92486620602168,30.388107900827634,6,0,Daily,Low,Always,85.58,3.55,1
3.659266111192314,3.703304014787979,91.7421086924846,46.28909894118799,93.18193806350229,77.86372051923394,7.375676293081201,6,0,Rarely,High,Often,76.63,3.24,1
3.495249809392818,3.978915997869445,100.0,84.89176861670417,56.40617981212458,81.86186411438428,23.625003166358177,5,3,Daily,Medium,Always,78.24,3.26,1
3.488105781600383,3.7571575763600427,69.77860760221222,62.940773779087785,84.11760508102513,75.22060359748941,14.310263215940378,5,1,Daily,Low,Always,76.72,2.87,1
3.7832872842925975,3.7027280899208477,79.57805849959021,79.61018425061955,91.51995247334325,81.41106355864643,13.962615583771194,3,2,Weekly,Low,Always,77.53,3.33,1
3.0126023049796555,2.745244637355069,91.24669057152178,71.28371372640436,85.74510120810616,81.81688875286423,2.707754476943693,4,1,Weekly,High,Always,67.29,2.62,1
3.4091717827769785,2.763627162378187,84.19142726491391,94.80621014675751,100.0,73.05257891181293,12.72168472387684,5,1,Weekly,Medium,Always,82.26,3.29,0
2.8138399460439265,2.5980939502712004,70.26544629434028,61.883465274901226,67.06579855912952,69.24358942609783,7.021880336252677,5,1,Rarely,Medium,Always,65.13,2.16,0
3.194499811493065,3.131160739844757,100.0,84.41409446342746,89.35957233890296,74.61565180856618,11.289164563952435,4,1,Weekly,High,Often,81.85,3.18,1
2.921914167379389,2.625760309234034,100.0,70.80738805055199,73.40864046987869,82.81111117348118,6.2145089297748015,3,0,Weekly,High,Often,76.84,2.98,1
3.058197578995631,3.0188204888679393,87.94197188535861,72.62541782985504,93.50109114529005,87.18795610021117,11.408732901495949,5,2,Weekly,Medium,Always,76.23,3.14,1
3.357094215262148,3.3801497801497784,71.43897565395999,72.24219160261185,74.88466506417946,90.24018772808176,11.751117143812774,6,1,Weekly,Medium,Always,77.74,3.0,1
2.5090675900599164,2.441610795517493,61.76559212419787,62.31490343258831,69.18186327206296,74.06971972319705,15.774039347510403,3,1,Weekly,Low,Often,62.97,2.19,0
4.0,3.804999225752962,88.86963971831771,74.78851551139992,94.59108305807443,83.40613480763284,2.082001101669352,4,0,Rarely,Low,Often,81.08,3.29,1
2.396389571100179,2.446985972690197,100.0,74.06027666817268,67.62657091471605,91.55003110343958,3.435854818037413,4,0,Rarely,High,Always,76.23,3.0,1
2.2714868323273607,2.4040690271981835,92.12751619743072,78.61860372610094,53.80911361649166,93.98713874172954,17.895314165844212,6,0,Daily,Medium,Always,81.24,3.1,1
3.6948665241000405,3.3677468008671867,84.9639423862172,76.26757718539294,67.24729675239257,79.29400575042173,8.620495063439208,6,2,Weekly,Medium,Always,77.78,3.13,1
3.4749976163777614,3.8982773303016423,76.1609252231604,86.96991824418355,84.28549419882799,77.34881930072466,23.59623832183945,6,0,Daily,Medium,Often,88.61,3.19,1
3.374471890231293,3.3448954505460144,68.61754550922865,88.85262924071053,95.88058127380637,82.2934908060367,16.802157776120374,3,0,Daily,Low,Always,83.48,3.46,1
3.377007305558568,3.3826621924420226,97.52126989487323,59.24065017258298,76.66694062944768,66.20351032523114,19.854097201651257,4,0,Daily,High,Often,77.5,3.06,1
2.992651936291851,3.205116263268818,98.70657432078379,88.03158750886156,94.77295600851038,77.67668586757391,26.285538563367158,6,1,Daily,High,Often,93.02,3.67,1
2.461647377108501,2.5316122164875514,61.814053199639005,57.20495359335219,54.627376177836105,88.93503678167757,12.52231350554742,6,1,Weekly,Low,Always,74.11,3.16,0
3.0454827349162357,3.3314237250902092,100.0,83.81783832206602,68.35104802773145,87.70336555332442,10.404106356669793,4,1,Weekly,High,Always,88.54,3.43,1
2.593702973092733,2.6798402226532803,93.61106831341002,84.29608177054303,70.67137324268849,76.75678874763334,21.973620684790507,5,0,Daily,Medium,Often,78.59,3.2,1
3.5850718400506505,3.401340627658519,100.0,46.330246625062436,73.28160858791219,82.612618413046,19.07610851143749,3,0,Daily,Medium,Often,80.64,3.2,1
2.9117655710987167,3.020216628660547,64.86808377272327,76.39468869794115,76.26141582375296,70.10419591651174,13.501357521429593,5,0,Daily,Low,Often,74.84,3.64,1
2.504701681924493,2.161583819728295,64.51263766876842,67.97255829959526,85.3636643608829,88.4419057787003,26.131663735647535,6,0,Daily,Low,Always,70.16,2.9,0
2.807168495008204,2.839736406741161,82.76546035349055,63.61852113096938,68.32789742744265,79.06614276636232,13.302045521280556,3,1,Weekly,Medium,Always,74.06,2.73,0
3.2477588725653748,3.2377898753720364,92.54176640342791,95.26278496048508,77.08543030429688,76.68858257964635,15.262189100446252,5,0,Daily,High,Always,78.2,3.48,1
2.661765268317615,2.5993302111358534,100.0,65.19481289043871,74.32315664513922,75.65931396687937,15.169781206674067,4,0,Weekly,Medium,Always,76.43,3.27,1
2.506667762660141,2.4681065092284618,95.59118370722697,62.904346063229255,61.11165144163275,79.2452735972017,7.523248840812231,6,0,Rarely,High,Often,77.68,3.12,1
3.146212326895147,2.5816576132458557,81.3597808478195,76.1354241000764,73.29499966377847,74.62546826081649,15.620683115891127,3,0,Weekly,Low,Always,77.3,3.0,1
3.146979942665234,2.982362470342945,69.60446188501162,85.28384619447624,72.84510705154322,87.89771643203076,26.174081419187928,3,2,Daily,Low,Always,86.4,3.19,0
2.695834094777322,2.7236875651196564,100.0,72.8752712098481,72.5237915249543,75.25659742380583,18.559746523009405,3,0,Daily,Medium,Often,74.59,3.07,1
2.7173770166290065,2.765333934228227,70.52941861373927,92.49555818503879,75.47639184872176,99.11556915232858,15.248507411191452,3,1,Daily,Low,Always,84.13,3.23,1
3.1392299624145816,2.830927420136794,100.0,82.96463492946135,76.1351031092008,97.58252604177657,13.705861750674643,6,0,Weekly,High,Always,87.06,3.31,1
2.1311493951016054,2.5108617473610155,80.73423025590236,42.326830204028546,68.51557231339005,69.30147812174594,17.64693622725081,6,0,Weekly,Medium,Often,61.39,2.61,0
2.1555217353740668,1.8956692809097166,100.0,67.05799554739488,94.09072100956897,80.83645123315137,20.998133027913482,4,0,Daily,High,Always,79.14,3.47,1
2.5689334672485384,2.8597706274065593,95.18396935088917,66.57236850972451,57.45779056195475,72.19212054396566,19.873910647118024,4,0,Daily,Medium,Often,74.52,2.89,1
2.8719317089728915,3.000090017534397,82.94506765836313,82.19041430144134,64.18544837295156,76.08022924173666,12.345081105424168,4,1,Daily,Low,Often,78.78,3.31,1
3.1865445393588026,2.992676346405662,77.2090544226081,35.62774415438832,100.0,100.0,17.598252752880917,5,0,Daily,Low,Always,68.82,2.8,1
3.885213730169731,4.0,79.8863818398088,100.0,59.43012967516155,76.30914299461041,18.83951792918623,4,0,Weekly,Low,Often,91.31,3.72,1
3.5145957739212115,3.1565047243942677,91.42475038562856,82.96539142341315,54.693679879353624,84.32271244492914,6.942440099784173,6,0,Rarely,Medium,Always,78.95,2.99,1
2.9040368820219435,3.179783134104944,86.15734744326575,77.23315205876537,86.01715117501827,86.49585552809934,16.345844329469553,5,0,Weekly,Low,Always,81.01,3.2,1
2.9885902752583866,3.2887649706712803,76.09282887896943,92.72351574628719,43.84320219339189,67.9924475302011,0.0,6,1,Rarely,Low,Often,70.74,2.61,1
2.3984823812173146,2.1972963184943213,82.51552884523552,100.0,71.47089135041341,69.73885430708954,18.86026967856948,5,0,Weekly,Low,Often,76.61,2.82,1
2.988892118404566,3.4066317084238644,86.17865544578724,88.06119966882605,100.0,65.52773154310258,20.282744436501453,4,0,Daily,Medium,Often,79.99,3.3,1
2.8268048166479174,2.7517908622682317,53.068988583777816,89.2321964470743,51.82596116769899,69.36835119322667,20.980369006291674,4,1,Daily,Low,Always,75.82,2.93,0
3.1936311362028538,3.280239224986811,91.87252172183048,76.96035036696574,45.2705327139193,45.79963868819381,11.83962518264346,4,0,Weekly,High,Often,72.56,2.72,1
2.503661433868606,2.5817579854999724,70.30418162924789,72.87711369949578,52.512281970634525,86.53498880952354,17.472374680192278,5,0,Daily,Low,Always,75.5,2.78,1
3.3116079085447034,3.271315286103539,67.70001395191383,67.86306833992649,88.47539352520478,100.0,26.391630764329335,6,0,Daily,Low,Always,89.59,3.28,1
3.9196433478015464,4.0,59.689834793339344,62.60832012428187,91.87165079978719,81.77384886843832,26.31015718633007,3,0,Daily,Low,Often,80.95,2.85,1
2.9347439109258855,3.1727905270915495,58.091612531981646,64.69478850450754,67.31116804532236,63.00477368791271,14.766618406187515,6,1,Daily,Low,Often,58.12,2.35,0
3.241027033259365,2.716467441287911,64.66828745331566,54.74166053485525,85.24818606001604,72.28668340520062,16.114557045836477,4,0,Daily,Low,Often,70.58,2.3,0
3.4140863950266676,3.805388467890113,74.36468563554264,73.86192823972465,95.85382991267984,74.49347785970004,23.887289157875465,5,2,Daily,Medium,Often,85.66,3.52,1
2.7592677168684983,2.260520120457796,100.0,49.729986341604196,100.0,67.78898267343949,2.9935838779026014,5,0,Rarely,High,Always,75.66,3.12,0
3.13445548908625,3.4442193503887473,77.11180486157194,77.86374786215566,71.30497078230228,90.32219166074188,12.415394058583804,4,2,Weekly,Low,Always,84.91,3.38,1
3.0075554404690767,3.3455669815173517,87.66625159402047,74.45504087936487,40.477924234950194,89.72312053250401,25.684563644294055,5,0,Daily,Low,Always,78.31,3.15,1
3.058605659129299,2.7313157300647397,91.00722079759493,77.20402947580031,62.6868161638547,66.13457847418809,22.801604333478128,4,0,Daily,Medium,Often,73.08,2.87,1
2.53619412968672,2.4129498433003445,86.96597779323773,67.16802644970011,68.59793707597113,88.7009725333701,17.954110221199237,6,0,Weekly,Medium,Always,78.54,3.19,1
3.0147061045553656,2.6829947040095847,83.8383480891101,100.0,71.11591805132414,98.32175196292718,2.9533407573550363,5,0,Weekly,Low,Always,68.64,2.79,1
3.2987989747472697,3.234322665660649,67.07059354601132,95.40173850270469,72.1821089848692,100.0,14.600718135670704,3,1,Daily,Low,Always,85.04,3.66,1
3.870686164677025,3.7782758794213027,100.0,56.33186249872916,91.78341896896004,100.0,10.280676830000536,5,1,Daily,High,Always,88.53,3.85,1
3.5755624956511243,3.809460655331926,100.0,78.49302131140347,94.11642640031373,69.17608820668163,17.648311222537707,4,0,Weekly,Medium,Often,84.55,3.68,1
4.0,4.0,59.76011958815971,65.87990785594015,72.42489519112824,100.0,8.525226521640958,3,0,Daily,Low,Always,76.09,2.88,1
2.5395914622671705,2.9582966055041573,69.6395711367043,59.78280409938879,91.47727314077729,75.74952333789454,6.794212840203141,4,0,Weekly,Low,Always,71.89,3.03,1
3.523392382032407,3.3547419740589164,80.8028448643449,54.898918933140976,80.36492049946634,72.89041453543383,0.0,5,3,Rarely,Medium,Often,76.0,3.14,0
3.110005203443011,3.0472386413196526,70.53193307634713,81.48325036138881,75.96758959293858,83.92486849853414,24.774437479813614,3,1,Daily,Low,Always,81.58,3.13,1
4.0,3.494968542333715,92.58948330183797,64.77929647395639,88.59816235664945,73.01526399088385,11.80183590845554,3,0,Daily,Medium,Always,74.43,2.8,1
2.5150210287869093,2.2732600088380526,74.07591696390081,89.51739036037806,76.08378072356874,84.78852968775831,16.257166269620278,5,1,Weekly,Medium,Always,82.56,3.23,0
2.4961668946915343,2.7856223846207717,100.0,89.90673321795659,100.0,64.15907374715238,14.98209506820655,3,2,Daily,Medium,Often,89.29,3.36,1
2.640364412733587,3.125039259798056,100.0,95.60871577817174,53.423832498081616,77.13496877523879,6.460528536316001,6,0,Rarely,Medium,Often,75.22,2.73,1
1.725662565414116,1.3553579038501393,88.18861045948323,62.214198508888444,67.27243651361974,95.42698681234015,4.927480708414452,3,1,Rarely,Medium,Always,79.71,3.29,0
2.6845469869915433,2.506807709245675,100.0,82.13048416038015,73.10221654569075,79.31526450282612,6.957478992022114,3,0,Rarely,High,Always,76.28,3.06,1
2.5445204030677813,2.536598675980103,100.0,84.48681324963451,81.59179035686986,81.6991494408786,9.214652489364855,6,0,Weekly,High,Often,83.97,3.36,1
3.0902362718857246,3.1742846195316066,76.54078767912635,67.88732737344053,94.01940730654633,85.70310325660773,17.93284997611044,4,0,Weekly,Medium,Always,82.79,3.5,1
3.205053585466296,2.962172529489802,72.75674133187053,63.42342063910687,74.63402149145764,94.04793955181192,8.634258691835107,4,0,Weekly,Low,Always,69.82,2.75,1
4.0,4.0,86.17214594454471,99.14280998663959,53.6665552574069,60.1373034537268,28.971925052756973,6,0,Daily,Low,Often,81.33,3.42,1
3.5702543029116303,3.4281024987903552,97.92454186746916,78.4124381359808,87.63770844682506,87.01428862204922,23.217208287145205,3,0,Daily,High,Always,86.96,3.33,1
2.653857806602558,2.6495221253390744,87.08590597980127,84.53951626067607,86.32438149212946,76.78233032909884,21.466876397325663,5,1,Daily,Medium,Often,70.69,2.68,1
2.4609511971909854,2.6248364715920953,61.345052767135044,62.66885982258109,45.87212010930891,81.99965474374206,14.042728780214798,6,0,Weekly,Low,Often,68.19,2.73,0
3.2951515029039036,3.297078183847185,72.95763334073736,56.710733002167096,74.942937994938,92.71940203714851,27.11424588576387,5,0,Daily,Medium,Always,67.34,3.12,0
2.2078600757876146,2.076944308629644,83.89040704608433,66.45825338261834,51.14787253979553,65.66976018305787,13.255954951031008,4,1,Weekly,Medium,Always,63.11,2.78,0
4.0,3.9671170588222506,83.86501593511255,73.13967918915004,65.03023353746906,67.84826670268292,14.749908686766032,6,0,Weekly,Medium,Often,73.62,3.16,1
3.707664072432772,3.6811551846711716,100.0,59.036699897739766,61.457866095558,56.774840483434325,16.359796317994157,5,0,Weekly,High,Rarely,74.9,2.72,1
2.7184946087371773,2.607491299772539,64.21018086401503,74.85232787024425,87.13897047362978,73.41009269883469,20.61458432434675,3,2,Daily,Low,Always,62.24,2.52,0
1.9721192825454732,1.8944804637453425,92.58383862753811,49.6724221789725,76.75245261258276,95.96518813254579,20.09526463202388,6,1,Daily,High,Always,62.19,2.65,0
3.812323424499248,4.0,100.0,58.199288662951915,55.71613498865958,78.55295373831837,11.198997772443175,5,0,Daily,High,Always,72.87,3.33,1
2.9312760928484294,3.099551927230801,100.0,85.06366872415313,88.20098944436013,63.91850125214257,10.73605024459237,6,0,Weekly,Medium,Often,82.52,2.96,1
3.742689787184077,3.654045691775329,78.93403865224059,84.05685780416842,53.49291264107379,74.17185506509944,20.119223657216676,6,2,Daily,Medium,Often,79.11,3.31,1
2.04334340472338,2.2524297260766004,92.37144179080299,69.121848519197,79.95170685706415,62.14565955811253,20.72189267112986,4,0,Daily,Medium,Often,76.22,3.26,1
2.6403749862277364,2.5402291393009335,93.54640535797971,59.733535363845704,62.78983996062666,66.49776677922605,11.853191001417017,4,0,Weekly,High,Often,67.29,2.78,0
3.00314621983091,3.3550836111069025,87.93222597329937,59.588946727109835,69.5148437620422,84.66582692316456,2.3024954425723685,3,0,Rarely,Low,Always,72.59,2.63,1
3.028188356258845,3.139081013918273,83.5173219814104,69.4009763108803,82.56406122057577,65.91352008432766,13.341471231934044,4,0,Daily,Medium,Often,68.45,2.79,1
2.729960717112454,2.6977700739111854,91.53963084250069,84.66777737467937,82.82174098589293,93.35161166243962,19.98820639060687,4,1,Weekly,Medium,Always,82.36,3.38,1
3.373709959408499,3.508025037151582,47.01630872170472,88.92368537016486,95.0545361033394,79.14655651003596,29.443334771358245,4,1,Daily,Low,Often,82.7,3.34,1
2.3594277423704435,1.8881648967498936,95.23104235093948,67.55202396777047,73.7661945049282,81.0271364473343,5.416336301274704,5,2,Weekly,Medium,Often,58.69,2.21,0
2.914572308987224,2.5765420683142826,86.89266855492951,57.697613610228245,79.59676294445012,76.65952438870528,11.587429977355411,6,1,Weekly,Medium,Often,65.48,2.46,0
3.0721773790271394,2.713999877107423,81.66287654832603,79.017654567995,68.43394016393513,89.27417406252468,11.884771507796987,4,0,Daily,Medium,Always,78.39,3.23,1
3.3086633004352493,3.351546228864361,100.0,62.64697544061226,77.72984823934196,89.39791865332413,25.84644271545201,5,0,Daily,Medium,Always,83.03,3.19,1
3.4269689268533337,3.946723426698861,74.87598971814171,67.22621041708196,81.59229072012768,84.02065222294605,14.720467996330937,6,3,Weekly,Low,Often,78.49,3.01,1
2.3252147448972784,2.994604788755068,78.95386016402453,94.87914135655556,73.52535228818437,86.77746927089177,7.741387525021875,4,0,Weekly,Low,Always,77.43,3.07,1
2.0795314975586265,2.2709468279908536,100.0,87.40673142848652,47.943742738612556,77.45492396095489,19.469562263374552,4,0,Daily,Medium,Often,66.07,2.67,1
3.766606093139105,3.916859435622442,72.51908042725215,77.36961468377177,79.97206344496342,86.50643608290858,11.76289183967243,6,2,Weekly,Low,Always,70.58,3.03,1
3.199388407187755,2.659071086941933,76.74827075595192,55.921214983309156,80.46842216033185,75.94546669431432,5.204901813136365,5,0,Rarely,Medium,Always,65.55,2.38,1
2.550908078066068,2.3881059381458614,82.79461864853725,78.17094851205988,64.79739785478074,80.02677946594882,7.857813541790795,5,0,Weekly,Medium,Often,78.64,2.89,1
3.930691185313514,3.6943560597410423,97.61101723194324,90.93985936181289,55.73419445891229,76.70427500760444,28.872335635380953,3,1,Daily,Medium,Always,85.51,3.34,1
3.069404780575715,2.8831505011003804,88.1170376102997,69.36549501351696,97.13818725755948,74.51337752816966,18.073673773195697,6,3,Weekly,Medium,Often,83.17,2.97,0
3.7075783104382958,3.6571351648628587,65.61061979271607,95.26671134980073,82.37168266341604,71.73065842733851,15.862080443620343,3,0,Daily,Low,Often,75.93,3.15,1
3.0405110888460656,2.8988839155369273,77.01747155309215,94.3911793427731,71.56378453617435,85.61228124630662,13.000850113503631,5,1,Weekly,Medium,Always,81.52,2.86,1
4.0,3.4062100568872635,75.88968350181683,99.9559924821521,57.94450675278769,95.72727095376156,17.33719073695039,4,0,Weekly,Low,Always,81.19,3.39,1
4.0,4.0,83.84168432165431,79.57864689797029,62.67277757367981,94.05322366003472,17.24188756801995,3,0,Daily,Low,Always,80.42,3.44,1
2.850621510912556,2.528798603190614,91.38765487944744,83.81087549709018,94.53885595179348,64.92121596865478,17.33735062565861,5,2,Weekly,High,Often,81.66,3.32,0
3.5829425705726132,3.654716629805958,91.27308633831959,96.21280932496634,77.0649291130207,95.47043661688248,15.918760722222023,5,2,Daily,High,Always,89.25,3.2,1
3.3872255697510885,4.0,58.359823689273966,81.71090905603464,66.7411939949894,76.18209798058486,21.950386706444394,4,0,Daily,Low,Often,71.89,2.9,1
3.821178934519409,3.545363557043482,100.0,67.48148838314681,82.64533846836984,87.2087961817471,15.184834768005848,6,0,Weekly,High,Always,82.96,3.16,1
2.4210459236519375,1.6619596668280385,88.78853268994935,68.27185745208209,62.784027188305146,69.12541601543347,7.17648931557889,5,0,Rarely,Medium,Often,59.79,2.15,1
3.4116308759990637,3.3258296094350306,100.0,78.57832430660609,97.51264545420567,81.70375896648807,10.100616872793054,3,0,Weekly,Medium,Often,77.04,3.2,1
3.635054692109753,3.965342582609324,91.66297490936007,55.64157867080672,95.29200802345088,83.76467819476288,0.0,4,0,Weekly,High,Always,73.56,3.1,1
1.9447563081461314,2.5322605444123094,100.0,72.85111626953712,68.00138893195835,62.18474249696417,31.21453692833914,6,0,Daily,Medium,Always,84.98,3.66,0
2.2900448924005348,1.9211800140648096,91.9981796717519,91.4482067734538,65.56994629453709,87.29920599613027,21.902036735621493,6,0,Daily,Medium,Always,84.01,3.3,1
1.7764606933439397,1.9254704603148962,100.0,42.13119223252078,35.728002019615815,96.15122009405978,8.359436038966104,6,0,Weekly,High,Always,51.35,2.09,0
2.8383558993332656,2.69876276229925,92.83375954026668,98.01723152691773,52.77628842672948,77.90422465182047,12.7452412048232,5,0,Daily,High,Often,77.03,3.41,1
3.4305253534775773,3.3987408471863367,83.53127130335643,91.83561328054739,54.90795337563366,96.32201756993615,9.90498820634853,6,1,Weekly,Medium,Always,81.39,3.67,1
3.901414231257617,4.0,100.0,68.10353076254286,77.02785511481079,77.72367807857111,27.340377690992938,5,0,Daily,High,Often,83.26,3.55,1
3.044456868251865,2.5935657697333188,98.33555683419839,83.15086241807714,70.1064944333796,90.19501437255941,3.6409826858325687,4,0,Rarely,High,Always,74.47,2.91,1
3.977169327342775,4.0,93.60616631506619,75.0472159035949,54.81996768877138,53.3771604085868,15.915808470550234,4,1,Weekly,Medium,Often,78.62,3.15,1
2.171939125071065,2.312247076600695,65.85543375192496,93.44985552658025,70.78253936303165,100.0,14.131777259481217,6,1,Weekly,Low,Always,82.96,3.28,1
1.9779705363869073,2.3037064338687117,65.67538573804694,89.74024714154912,82.58005721471022,97.94549894291548,21.614709045672914,4,0,Daily,Low,Always,85.35,3.56,1
2.966671380662029,2.9960663267032976,89.3907322321278,53.99893915225486,82.9175902487338,76.58449394895585,14.16792617820244,3,0,Daily,Medium,Often,74.13,2.8,1
3.2304392693635844,3.322854431214815,87.18281796652361,83.80893620196265,46.50494578711678,56.33493168027418,0.934328986756519,3,1,Weekly,Low,Often,72.12,2.95,1
2.980383151143544,2.862888580917007,75.78816152487526,71.91558219535129,73.07604779274254,83.45634041966586,12.991057322860474,5,0,Daily,Medium,Always,72.19,2.95,1
1.7595347399760741,1.8402728223496063,87.1147404941809,76.2424885577715,54.249888345425845,62.672893435114915,7.2227022564534,6,1,Weekly,Medium,Often,55.56,2.3,0
2.946527976292327,2.8435702936431038,100.0,64.07742148545276,88.52593045710411,85.33824245068986,15.636636372452486,5,0,Daily,Medium,Always,70.7,2.62,1
2.217318299697088,2.4037898666539035,95.43103711825448,100.0,86.76219624530248,84.93878862997138,26.47341629216261,4,0,Daily,High,Often,82.37,3.34,1
3.401803529298023,3.2909204284849327,67.88487235370893,90.60092729853864,61.52959160513312,68.7031619719757,1.0845980461417746,6,0,Rarely,Low,Often,71.47,3.21,1
3.219958947658109,3.333089065828765,83.32736759285585,63.90343254040549,63.509321963994005,93.45160428337253,8.59821811680077,5,1,Weekly,Medium,Always,68.66,2.66,1
2.4360721282035867,2.427293284098093,72.92550278721158,54.980840896346514,68.08099424252539,89.66689643367408,10.578456369732024,6,2,Daily,Medium,Always,61.43,2.51,0
2.6916798495979837,3.029494924829634,79.18450125387159,69.21491053533228,41.208099079029914,91.70988004746276,11.94695123669431,6,0,Weekly,Medium,Always,69.35,2.41,1
2.364471886866629,2.3490537697900833,78.79576501555536,81.51753969136959,80.03952260160865,80.10629244402675,20.921005312841952,5,0,Daily,Low,Always,80.48,3.27,1
2.9623925416360968,2.4304828011740325,77.83531626093992,78.60308765919335,70.90733180489804,63.01371119703552,13.611644659508901,6,0,Daily,Medium,Often,71.11,2.89,1
3.573085392300743,3.95166184251494,66.17296942039907,93.79699237152366,89.55262623851789,91.73446726653366,18.326421805763562,4,0,Weekly,Low,Always,84.26,3.39,1
2.408564372198674,2.136844681939888,83.08517977722715,86.84879583271278,58.52386173056171,76.7555432103705,9.99381565014579,3,1,Weekly,Medium,Always,71.22,2.99,1
3.3024279093107065,3.1062980077160605,76.59088544729036,89.5435353862936,65.71315577625103,63.32263828168797,16.8393947633435,3,0,Weekly,Medium,Often,68.65,2.69,1
2.6818454289765357,2.503147040763488,41.05826964996598,79.90283100915656,52.402121129413274,96.2244723916919,21.22238104702172,6,2,Daily,Low,Always,65.68,2.86,0
2.5242763006425935,2.9366077285938386,100.0,54.16051904683514,59.9356415475862,100.0,9.141603602103292,3,0,Weekly,Medium,Always,65.76,2.45,1
2.9357817840272653,2.2950795198336564,100.0,72.06452203279648,57.27027005897672,79.50502245224956,21.25086495845212,6,2,Daily,High,Often,75.38,3.3,0
2.3788546065483755,3.320179166646374,79.35548912612506,90.90134609862999,89.93960518269668,100.0,15.418982149820549,5,1,Daily,Medium,Always,86.39,3.5,1
2.6678104167916907,2.9846274595115063,85.28228574610898,74.22715607213031,64.52607226872911,81.0957767433362,23.36368192385802,4,0,Daily,Medium,Often,76.05,3.03,1
2.281273264446691,2.348244938685439,67.42518479023657,82.5463555293562,76.8626352711692,75.43452915000378,13.388640799384213,3,0,Weekly,Low,Often,75.82,2.75,1
4.0,3.9835317998151143,100.0,70.218775271308,69.28854894207294,72.43449854977428,18.04995724129679,5,0,Weekly,High,Often,75.98,2.82,1
3.021158131183037,3.1068243536403344,100.0,59.55282227187232,55.95802100980781,99.6449888959129,14.67515014657176,4,0,Weekly,High,Always,79.01,3.23,1
2.5801646952044486,2.7365014237182503,87.35040592369786,73.14983903930835,72.47549365242536,70.63827342334673,14.230301903675368,3,0,Daily,Medium,Often,82.84,3.17,0
3.128387946440533,3.32195262222555,100.0,79.6357116454898,83.98654997795391,88.82323171969985,17.07144342580552,3,0,Weekly,High,Always,80.39,3.41,1
2.9326031701855024,3.099284509986537,87.62930168400885,65.16468420807834,56.883609111849715,73.2900339792895,19.29445975379923,4,2,Weekly,Medium,Often,64.17,2.62,1
2.8674182402800663,2.894292444656641,64.94911841686104,71.46433132714998,87.13669186097069,74.47631884910764,5.003480704607959,5,0,Rarely,Low,Often,64.76,2.31,1
3.368500020026055,3.3092984939338574,78.82264946554514,60.90805137021026,62.254186177834555,92.3629963276348,26.469068870543023,5,1,Daily,Medium,Always,78.64,3.3,1
3.454504626028383,3.4091226409323294,86.97891950157936,91.78867376346145,67.75524110890738,75.43955784452776,0.12269567560161221,3,2,Weekly,Low,Often,87.05,3.45,1
2.6816993114336833,2.623226827327879,78.18178421884834,70.58316363617949,82.96024684515072,75.14245544695648,9.521503122088832,4,1,Daily,Low,Always,80.39,3.21,0
2.654509055613192,2.994640084673311,81.72020083847445,96.79133317689275,65.04845764170769,93.59365636609769,14.245847433880794,5,0,Weekly,Medium,Always,86.98,3.69,1
2.8349689817090136,3.013035998393272,83.62900663736328,97.93121775811363,75.56362289003799,99.16876751865948,18.298847752687585,4,0,Daily,Medium,Always,91.32,3.37,1
1.618847301158649,0.736730710759365,83.78682253201806,73.78431052917384,70.27963756817861,87.7362776394108,27.609380221931026,4,0,Daily,Low,Always,70.63,2.6,0
2.090885362680869,2.2876555956397975,85.78387735746225,59.87326901178975,76.94052010055728,72.1427626925126,0.13366809419914105,3,0,Weekly,Low,Often,68.9,2.82,0
3.8201245604667147,3.878545418882347,69.09092400405099,43.71153183399994,39.28891341714754,73.87269800842904,10.938446972882314,4,0,Daily,Low,Often,65.06,2.26,1
3.98698062810077,3.981368001167001,74.24475776308095,52.919443904598126,47.55477277187875,80.95898316488045,0.0,4,1,Weekly,Medium,Always,63.6,2.42,1
2.850578376266173,2.7340228403395073,65.73123601450047,54.3924776265201,84.23950509070258,83.8511607431079,15.252975791281981,6,0,Daily,Low,Always,78.15,3.32,1
3.3459341778334597,3.683167993829264,99.667233245293,95.67704441192257,90.55772108473576,68.14560907832274,17.173468676000244,4,0,Weekly,Medium,Often,94.61,3.76,1
3.186750092726122,3.471008031362979,53.415295872395134,76.73736880840418,61.34269944702718,88.67645527495837,27.72636593737002,5,3,Daily,Low,Always,73.15,2.65,0
4.0,3.768136699652917,100.0,80.84406786137981,71.33957471743298,81.02615995567518,15.965078087147633,3,0,Daily,High,Often,87.39,3.53,1
3.671744946860746,3.793860632998107,100.0,41.69368486597311,79.42078879353453,59.41150017634244,23.35220103553904,3,0,Daily,High,Rarely,80.16,3.13,1
2.9232494451115403,2.6317524247491546,80.46729119526069,57.03050356174108,85.39826402488056,68.85288221047124,19.670696652312472,4,1,Daily,Low,Always,72.09,2.74,0
2.4266757356397446,2.0127902862030655,45.95294368259052,88.3061966466943,44.58484092493727,73.95045591618003,11.518014423958654,4,0,Daily,Low,Always,61.79,3.18,0
2.0361322078454567,1.848117040468467,79.58034157049065,79.30161168573879,61.709396295324346,79.12570773390733,3.7283140256636855,5,0,Rarely,Low,Often,73.98,3.07,0
3.122078181520334,3.3807962232351616,84.0372375806677,72.79192081971604,70.01130930225187,100.0,17.200018386334484,6,0,Weekly,Low,Always,82.93,3.26,1
2.546189552829418,2.832127066442244,69.8410267010663,83.47263537900184,85.54710295854073,82.85805567367554,3.0631838628370893,3,1,Rarely,Low,Often,72.38,3.07,0
2.1466477742413956,2.3005734002705833,77.27172409287635,99.53696709203723,100.0,69.9107373212165,25.361656581357153,6,0,Daily,Medium,Often,76.28,2.99,1
2.612056269454484,2.829585005508883,100.0,71.68436304694424,71.57991409785423,82.64756965168596,13.703503183705408,5,0,Daily,High,Always,62.42,2.39,1
2.351071197831363,2.5059246839658504,94.97390743452611,76.04054703987104,53.89533806844017,75.77494703055343,24.56141929209133,3,0,Daily,High,Often,83.8,3.41,1
4.0,3.8075555214331143,71.1315382843285,77.88895378096957,81.03402115801947,83.8970988744025,11.158284526940804,5,0,Weekly,Medium,Often,76.16,3.15,1
3.5289838541696703,3.6585606175718524,61.03601245606852,100.0,94.81493684311064,86.96681224442739,17.150806291207935,4,0,Weekly,Low,Always,92.31,3.88,1
2.9952164152100296,3.2353392727783343,80.09474023585344,43.50965603371462,76.62021181469251,94.51076776668725,16.67479085867751,5,0,Daily,Medium,Always,68.2,3.01,1
3.887966483334016,4.0,81.79814830974342,85.24834522183212,61.40027182268561,79.70856205195969,14.639647055912608,4,0,Weekly,Medium,Always,82.5,3.54,1
3.046420984588571,3.4030949960309638,92.44298781044975,73.27796626861405,89.36990912220028,99.667526331198,11.538723892827264,6,0,Weekly,High,Always,87.1,3.66,1
2.483229479203042,2.695720633363361,76.97024931148512,83.50157589276269,84.95318427747652,90.8962719504343,18.139648147764163,3,0,Weekly,Medium,Always,74.25,3.16,1
3.9138744463617945,4.0,92.67249363042792,65.13941169007913,59.608787337065635,71.51072546225375,7.590693892134333,3,0,Rarely,Medium,Often,79.73,3.43,1
3.3233460262107952,3.6443910977057232,100.0,74.26552453712324,80.72138426301512,100.0,5.32451736832753,6,0,Rarely,Medium,Always,83.97,3.5,1
2.377652307404126,2.3696959296294082,97.23251533666394,85.67115869198243,89.95898351488309,83.92393415924117,24.94261514661462,4,0,Daily,High,Often,85.88,3.12,1
2.885796793149835,2.6212343977815196,84.27867239003841,100.0,92.7283506383834,69.97850595233318,20.817343911136803,3,0,Daily,Low,Often,90.09,3.7,1
2.4746290479691457,2.4257089587860166,82.25274293420058,87.12054284103107,74.00326537035816,99.83495661476506,15.527132868817919,5,1,Daily,Medium,Always,84.12,3.64,1
2.1703201614213983,1.9468493679794636,79.64990298730193,62.27901602954237,69.62880830731022,100.0,28.32113906035025,4,1,Daily,Low,Always,72.89,2.75,0
3.555706528518985,3.3531530460266703,100.0,68.64360476965945,93.40910733121895,79.60369683536527,12.857875850201241,3,0,Weekly,High,Often,91.15,3.57,1
4.0,3.9566443987853446,75.59029831073046,68.1987883742422,56.847592455286716,73.95619687549285,25.581625759911837,5,0,Daily,Low,Often,76.38,3.04,1
2.1608594557085152,1.9231334794085269,85.67834063499974,48.06535241054977,81.57868936381509,77.93150051055606,16.404592679406576,5,0,Daily,Low,Often,66.05,2.68,1
3.3377815420143424,3.2453930831226305,85.76796852821629,70.04864712447844,54.44960058953356,88.57678073021239,6.801993999388879,3,0,Rarely,Medium,Always,73.03,2.81,1
2.6096144585269037,2.041530058440768,77.47323710782702,85.99243622732618,90.98064408389403,95.33427986036617,29.7843215341668,6,0,Daily,Medium,Always,75.87,3.05,1
2.707724769741182,2.771712881953064,64.41301678173849,55.88651821384807,71.12931726583258,86.84584797036288,22.92568677299268,6,0,Daily,Low,Always,63.44,2.64,0
2.6445636454566785,2.644925288065346,89.84461755426503,90.72723976575888,94.02874853471204,81.22067850166124,14.031831751923486,3,1,Daily,Low,Often,79.77,2.79,1
2.4816055381921105,2.236478948871653,84.08494042216924,82.31662231626507,82.3711913453329,97.97614124365313,20.81737007627159,5,0,Daily,Medium,Always,75.42,3.03,1
3.0291129767668963,3.226886677296618,92.50360704154855,63.98650017043443,56.65169654907105,76.24596232338173,11.770372528016745,6,0,Weekly,High,Often,70.72,2.75,1
2.5014299301533773,2.782700971441345,76.9959954034125,72.87705543993229,96.36941598115865,92.37103206040288,21.633192280476337,6,1,Daily,Low,Always,85.07,3.06,0
3.1622740954679034,2.6800061361572114,100.0,98.9748271146155,98.26867899641594,76.54324641978465,0.0,6,0,Weekly,High,Often,81.15,3.36,1
2.969857134330518,2.7410397007606537,71.84839328182233,86.00321720258799,88.23429738898824,85.17227549613072,6.8415893304432505,4,0,Weekly,Low,Always,78.72,3.21,0
2.8566311718801543,2.625888466943965,100.0,75.13175482347222,63.5761820244567,78.63724922251458,22.8340779542957,6,3,Daily,Medium,Often,74.21,3.0,0
2.4554618027750412,2.173490872442382,58.78545235257608,71.43475024558524,70.40979068463886,79.32977380816627,13.002755694248645,3,1,Daily,Low,Often,79.3,3.29,0
2.653937201659,2.9027796542385245,91.52155096835337,76.14913605677489,77.18140826108639,75.47136179045349,16.660338359109936,3,1,Weekly,Medium,Often,84.82,3.46,1
3.4532347354954536,3.3950868938636125,92.13146023789935,67.32354663086545,64.4443440100285,96.13824837416833,4.225714703076523,4,0,Rarely,High,Always,76.13,2.9,1
3.3005503125746283,3.221195860181445,73.06664398088677,43.42875741421478,100.0,71.20488754269758,29.782935965616822,4,0,Daily,Medium,Often,74.48,3.12,1
2.413466853120869,1.8123081437988433,91.36590906791518,100.0,77.16489707589055,71.1172129694155,24.524237149741413,3,2,Daily,High,Often,71.77,3.05,1
3.0595993832575354,3.2502247923203034,100.0,77.32987498799102,34.44977929338964,100.0,13.394518252997363,4,0,Daily,Medium,Always,77.36,2.88,1
3.4508322740230732,3.0790547555670313,51.74771740968903,80.97220897683806,80.09033719134331,91.73417077585198,11.762433145093391,6,1,Weekly,Low,Always,73.11,3.1,0
1.998356831327177,2.0163366204070754,92.54117211236222,74.13138375184637,69.77763904774031,51.378635615683564,23.236834891357546,5,0,Daily,Medium,Rarely,71.6,2.81,0
3.326016115427961,3.4092291968154185,47.600937695048835,63.973247989131174,73.87610165822328,73.21689512947516,30.85976360135142,5,0,Daily,Low,Often,67.42,2.82,1
2.602425744632492,3.0106233233840873,70.51502794715188,72.21113278576844,69.4707095132145,58.25612794925535,22.63008204649083,5,3,Daily,Low,Rarely,78.57,3.17,0
3.3423592011558956,2.949713081420162,100.0,51.00907856708533,87.10569624910032,68.59171167901694,32.37442133917281,3,0,Daily,High,Often,75.43,2.98,1
2.54204450607449,1.6361908593282424,76.2732694991192,100.0,91.79531667830072,42.33782400519152,7.621189367504656,4,0,Weekly,Medium,Often,64.04,2.67,1
1.9170707396012887,1.9722256030273972,67.3918005338654,56.48232002366406,79.2457974338798,78.35612506767269,8.444905356009674,5,0,Weekly,Low,Often,63.5,2.47,0
2.0234745372701024,2.5636278917233586,82.03093406522977,59.52050574229231,69.91033219292761,66.29669817006426,5.488471055573209,6,0,Weekly,Low,Often,68.53,2.96,1
3.028850967996829,3.4005348738786605,100.0,68.39611193420399,74.37994192786245,80.71886308155726,18.534085197195836,6,0,Daily,Medium,Often,82.71,3.56,1
3.1558335010328893,3.218731325615277,57.52476629190961,94.32113587278566,75.29399424866442,60.4985448934097,16.404828398434958,6,0,Weekly,Low,Always,75.76,2.92,1
2.4574100249373547,2.3099191692477405,69.23035132540983,75.2176349889398,62.963549402027446,80.99494223806448,13.784391012224116,4,0,Weekly,Low,Often,73.53,2.91,1
3.3831554752664244,3.6252922542576176,100.0,56.45796305954306,83.68392972856853,75.02100466255607,21.47406902498639,5,1,Daily,Medium,Often,83.18,3.25,1
2.003087962638624,1.7110241027272837,100.0,93.8150754113601,81.900634857907,98.02343558226315,24.858628841717312,6,0,Daily,Medium,Always,87.98,3.59,1
2.96035212081161,3.1032594516184755,83.44853163564574,85.96500940178223,98.1066185966501,96.9362823409475,2.7947007257052636,4,3,Weekly,Low,Always,82.81,3.57,0
2.273390280142526,2.425031327892514,66.41420946210036,83.07652435824679,93.83024670432712,89.42414723612339,10.224223776791076,6,0,Weekly,Low,Always,75.45,2.68,1
2.6088983353187043,2.926961307568368,100.0,85.7360136175626,64.71487623614804,76.08063463206545,21.56114875298448,5,0,Daily,Medium,Often,79.27,2.89,1
3.0284392027898486,3.856337214463172,100.0,100.0,87.30447561763447,100.0,11.258090529131344,5,0,Daily,High,Always,92.16,3.67,1
2.4837519808296284,2.6014767709832585,95.18420481643349,100.0,60.73569925358292,61.36357666592215,8.614351389134768,5,1,Daily,High,Often,75.92,3.07,1
2.7692666734621048,2.616577585749855,72.8139647659387,64.69926985495057,85.43898151411274,63.15729644523605,23.148299421203156,5,3,Daily,Low,Always,70.23,2.62,0
3.6037756855286642,3.596103391871066,84.26455988742946,99.35827489216729,67.25078701859839,78.99460280133123,4.68399944220816,5,1,Rarely,Low,Often,90.56,3.66,1
2.653864878286111,2.1231421068193757,82.59459878432754,80.7475228463835,59.651201649366236,100.0,12.58736153767116,6,0,Daily,Medium,Always,72.13,2.74,1
3.5014152672390852,3.2930013279123678,89.96276956923367,82.48643724206624,79.20068014046106,77.57193311755896,17.62915220643847,5,0,Weekly,Medium,Always,76.57,2.97,1
2.3221758872054292,2.1993911557714982,100.0,49.61593752535007,34.881493077687885,77.80105708148862,10.40944068871905,6,1,Weekly,High,Often,64.5,2.83,0
3.3178825067491697,3.160655987368792,98.19125561706105,72.44421351917705,48.73536638392158,62.69707572665829,21.265245248105398,5,2,Daily,High,Often,73.1,2.86,1
3.86494117239474,3.9106476340048566,68.83935884522863,62.807646144951526,72.33762174338575,91.35115502324454,10.448984198421048,6,3,Weekly,Low,Always,73.36,2.86,0
1.5170132999236265,1.2702873202089664,100.0,87.42088222339964,76.23662649952264,91.43811505195225,26.268955947567356,5,0,Daily,High,Always,82.09,3.31,1
2.5218628467177138,2.858172046915055,89.69698210019733,91.06620750604208,69.46021844762717,89.46890241679893,13.99402962003382,6,3,Weekly,Medium,Always,80.23,3.43,0
3.346243276308324,3.346305395783783,95.30598693788374,43.88270473475533,51.30845551923602,72.44935192583165,20.370161093642828,5,0,Daily,High,Often,75.88,3.03,0
2.8781727683742044,2.8753826720326163,100.0,74.66947703993594,62.73162236792242,71.51951877952393,20.96819162386253,4,0,Daily,High,Often,71.2,2.74,1
3.2226875240227852,3.1243191090689097,68.32629625729673,91.82792257191379,80.8681399085609,64.48253299514036,9.979679978047418,6,0,Daily,Low,Often,72.95,3.03,1
2.6376088879705075,2.6841660931282014,84.46261631940305,72.19981556529832,83.72672655942544,81.00647002113121,0.0,4,0,Weekly,Low,Often,73.54,3.1,1
3.05195387248374,3.2994833518840303,77.02818172961177,85.93595467503546,74.75665323606088,67.03511204865798,17.886046037310678,6,1,Weekly,Medium,Often,84.52,3.61,1
2.9065936587647525,2.6464545940514825,61.482108619518165,80.26748201440626,92.35250671555484,65.87100193700854,15.578306776998955,6,1,Daily,Low,Always,69.1,2.76,0
3.7006692369958842,3.503234290273307,90.2006496640738,80.1249034792894,80.96095535188851,74.91571139707189,19.446608220601018,6,1,Weekly,High,Often,83.98,3.45,1
3.1526525059807278,3.0615346973477284,100.0,70.93027532897554,63.78816519062681,74.13012589778941,13.187780220937295,3,0,Weekly,High,Often,69.25,2.93,1
3.202561597245121,2.798800320203157,57.39883383241371,56.751287937964356,70.79246919882574,73.54425765413654,11.556578409594273,5,0,Weekly,Low,Often,69.01,2.8,1
2.7528738203265197,2.5070964624100704,84.51579083425794,58.17704778862459,53.95700764188218,85.59733516208314,31.067784087853596,4,1,Daily,Medium,Always,67.92,2.98,1
2.707436265556504,2.564570003493106,94.60814402612161,85.64028771682976,73.37791514412875,80.94857362580335,3.2211675079137763,4,0,Rarely,High,Often,79.36,3.3,1
2.7404650873082272,3.0027818415220455,86.84617302484271,75.29187383278325,91.68150928832007,76.54212763386658,20.87160382691391,6,1,Daily,Low,Often,83.45,3.71,1
3.236671285426978,3.3154396841275555,83.3030792122639,72.92231633089163,85.27935127066452,82.19615513973778,10.403185134532873,4,0,Daily,Low,Always,69.54,2.96,1
2.7474093115078424,2.8054862849181057,65.51175454831264,68.64164936516471,96.03013988878683,68.10167550674441,12.313771058076624,4,0,Weekly,Low,Always,72.55,2.52,0
3.1738649141378477,3.4291343027882393,88.49180114410245,70.42216731778872,70.4567213430151,81.26334348691614,12.463177339408274,4,0,Weekly,Medium,Often,74.81,2.91,1
4.0,3.958788463480181,73.6485403447611,90.70367691732208,95.19149691771386,81.8072299141356,8.57252580662994,4,1,Weekly,Low,Often,88.36,3.21,1
3.5226748220590154,3.6398142770376825,52.1511744253217,69.9713387719796,72.10043660328046,61.96343768771023,19.569793681889916,3,0,Daily,Low,Often,66.27,2.52,1
2.804385880699295,2.7734193548195463,100.0,54.88402930047647,97.0737762385484,91.94832505244435,26.125148767599654,6,0,Daily,High,Always,77.86,3.04,1
3.720728353298367,3.8003370581182554,99.37578729763064,86.1547766331026,74.67214878836815,69.42279553727606,18.760109289973293,4,1,Weekly,Medium,Always,90.28,3.78,1
2.7551547761870694,2.5803271789035946,85.7749146527662,71.92685004202924,85.60847060706415,81.08371759047722,15.827055969696762,3,0,Weekly,Low,Often,81.58,3.18,1
1.7771252788932876,1.045480131410359,88.43612032308553,75.47093798299164,97.12668546464784,93.97294088642325,7.108476007206027,3,1,Rarely,Medium,Always,67.18,2.97,0
2.3951482134495574,2.3548644647936663,100.0,99.11367459599266,72.09858557128192,91.10812109256644,19.134602126595606,6,0,Weekly,High,Always,93.4,3.6,1
1.8775248473844866,2.3043492882144685,88.36509485167124,74.6915916397424,78.27583481316262,80.41200066282603,32.25079705383439,5,0,Daily,Low,Often,64.81,2.53,1
2.7890919095752147,3.066956530247692,98.56026332141971,79.33775509678088,94.33295137809453,75.65001196541517,11.95444300963926,5,1,Weekly,Medium,Always,82.7,3.06,1
3.011051027513731,3.3006702728910824,80.53776698689225,57.31614763052512,73.00495254104905,91.3701429029068,11.992131365185072,5,0,Weekly,Low,Always,68.11,3.01,1
4.0,4.0,100.0,71.7049582147356,55.186615762407584,88.09633973370345,10.511286952152023,4,0,Weekly,Medium,Always,82.78,3.63,1
3.1961564242584974,3.2227537015469285,89.81178588899026,84.14289067812902,100.0,72.57961975947045,11.084686124044637,6,0,Daily,Medium,Always,81.05,3.22,1
2.8685396827146814,2.92773439493636,87.9107791540881,51.669393992381366,67.95353303494295,70.46127623597971,0.0,5,0,Rarely,Low,Often,59.94,2.1,1
3.4976433487100933,3.3123477800797883,65.94908366931952,78.01267639673564,77.38134076406314,55.13173781964802,18.240283086845704,4,0,Weekly,Low,Often,68.55,2.7,0
1.6733188145952689,1.578496957787154,89.30433781452562,76.5118660896721,92.3401000417669,81.84838210020305,8.23558258916309,6,0,Weekly,Low,Often,68.35,2.78,1
3.1413687348651393,3.3261000797964817,72.52067623758323,75.6193118338116,65.87259144403197,79.00762705977921,2.1178950496655986,4,1,Rarely,Low,Often,72.9,2.79,1
3.4625191163321802,3.823684447482825,75.42575910207259,90.55738347987365,59.88198130166805,93.6342964957105,21.02551959786039,5,1,Daily,Low,Always,89.86,4.0,1
2.1128482525320953,2.0710143698277954,72.76936557525818,80.01657772272782,78.8060594516225,84.3086611217644,6.343857719664511,5,0,Rarely,Medium,Often,81.02,3.61,1
3.6862524259241574,3.551195646468734,69.00647602151162,97.17107847534666,48.10385403131416,96.01075033007228,12.29064756892994,3,0,Weekly,Low,Always,80.42,2.87,1
3.2030978444966482,3.2032562321536275,100.0,60.096157266089456,70.6814088469812,71.63162926500596,26.73153912950864,3,0,Daily,High,Always,77.81,2.88,1
2.750827251659519,2.9311892763382534,100.0,77.03886850827521,78.67557996473109,93.65780397161141,3.7262736158038923,6,0,Weekly,High,Always,86.12,3.54,1
3.3796691196637707,2.9465126748237083,100.0,76.26700179584921,70.95072154762254,73.65300345074414,2.739214123217902,4,0,Weekly,High,Often,72.48,2.68,1
4.0,3.3111457140588287,66.65657470666655,58.961182593673804,51.84823585221379,89.33115274150727,17.154449516498705,4,0,Weekly,Low,Always,66.45,2.69,1
3.109119753035097,2.9439586981876222,86.06880624866339,89.34442503137019,98.91266934306019,62.494899289631675,24.195898912082946,5,0,Daily,Medium,Often,91.88,3.68,1
3.1489323517802017,2.782718624005954,65.59738562193856,100.0,76.55307230923763,82.82162359239426,2.4052662581442963,5,0,Rarely,Low,Always,76.38,3.05,1
2.7243834602758534,2.57194140098166,74.56457684204403,74.74490888274254,96.46728176642611,56.18374470264908,18.261517894697416,6,0,Weekly,Low,Rarely,73.18,3.13,1
2.490093378321125,2.4457592826758834,71.22809524875137,82.5753163241065,71.09945624729333,76.79435016869894,19.647996319693537,3,1,Weekly,Low,Always,65.49,2.98,0
3.4982014899265472,3.362226967219643,100.0,76.26777713722991,61.79982027463854,85.28424792653496,0.0,5,1,Rarely,Medium,Always,74.59,3.06,1
2.4863497044546796,2.9220899647959033,79.05655482847361,64.29622995139236,79.0377138038274,73.74837738522685,21.388010703257763,4,0,Daily,Medium,Often,82.86,3.07,1
3.0429397423316353,3.140963171712331,100.0,47.68859583296976,71.76319310507671,67.39474845492839,22.012847038737434,5,1,Daily,Medium,Often,73.59,2.97,1
2.71340553194093,2.803547839824178,94.06181334382777,64.41339775356953,57.33357813012963,90.15342163155121,12.505715413951801,3,0,Weekly,High,Always,73.22,2.81,1
3.2873878954478353,3.474050038660856,100.0,54.120624285724034,97.04676388181244,78.75844652183692,25.018770898384066,4,1,Daily,High,Often,88.18,3.93,1
3.200197263172169,2.8585473278379383,62.80833665290414,100.0,65.66594665659007,74.12515223563194,24.091644594598762,3,0,Daily,Low,Always,69.98,2.94,1
3.6225239665547395,3.93425750278082,100.0,73.27335459115142,47.39600422806648,80.50275105385131,15.824943405737638,6,1,Weekly,High,Often,77.29,3.17,1
2.693990160687152,2.671260874726514,100.0,69.81121006429244,94.92249080935999,100.0,11.388436877400531,6,0,Weekly,High,Always,93.7,3.88,1
2.8380750388239773,3.039219223996341,70.39931742959448,88.33730737181709,67.43552976281065,93.84203419737852,7.217376859336343,3,0,Rarely,Low,Always,77.92,3.11,1
2.412741770530616,2.0911846006185693,100.0,58.17373345716168,65.88264161076563,93.95088401825409,14.69949192507047,4,0,Weekly,High,Always,71.33,3.1,1
2.7334240439543334,2.267296414149514,90.04217444539343,63.49703942993172,48.51918619455039,85.22655582790837,19.55807135763343,3,0,Weekly,Medium,Always,74.85,2.88,1
3.226380295826911,3.4717471932344197,81.58785610069889,76.02108403872931,100.0,81.99782327092576,12.40658511167487,5,0,Weekly,Low,Often,88.73,3.74,1
3.454193169987211,3.567116027816466,72.64096769542,90.4315348713522,55.657791191854685,51.247012540035,0.0,5,0,Rarely,Low,Rarely,63.43,2.86,1
2.4467008054934247,2.1760853391861716,74.21335822826221,82.52527567753182,75.87674221058475,71.85223584244241,25.14971115661256,3,1,Daily,Low,Always,75.57,2.86,1
3.5217635520633963,3.260864627680988,100.0,78.72487713773823,88.68930483810661,74.2331070415703,16.52178577475915,5,0,Weekly,Medium,Often,91.22,3.72,1
3.8133827152829705,4.0,85.01024228436223,76.17176602854025,81.32575399504645,57.5012952314296,11.96300402658533,3,0,Weekly,Low,Rarely,74.67,3.07,1
3.2480609419342206,2.8912373740740223,96.73195002297189,81.00353783290163,74.10518532011713,66.1110105174148,21.857267107386306,5,0,Daily,High,Often,76.06,2.83,1
4.0,4.0,73.13650927498671,78.02479357693882,49.47501212568876,56.22996234892839,27.197108771862048,3,3,Daily,Medium,Often,74.73,2.72,0
2.535726480537856,2.2655402601434953,73.30220580667542,59.550415878345966,62.85412746349074,79.54011397163153,0.0,5,1,Weekly,Medium,Often,66.02,2.46,0
2.2532071780131497,2.4447247556956646,100.0,75.69118832449728,77.81700507063783,89.82519165018579,18.47410919937657,4,1,Weekly,High,Always,72.34,2.88,1
1.9327678506574328,1.8341823079327375,64.75635682672701,58.89467011623371,63.19238895019505,93.28129422349194,3.586806313517222,4,0,Rarely,Low,Always,46.9,1.96,1
3.8976265868935096,4.0,78.77179348142093,76.21623814351236,78.05039189998152,84.97741354495089,18.99288405439153,5,0,Weekly,Medium,Often,84.45,3.3,1
3.3926193938124345,3.2293851931781767,85.51041116608349,67.79028087767638,85.22615113222713,68.43924390561718,16.023417618996636,3,0,Weekly,Medium,Always,81.43,3.64,1
2.966649197453727,2.9178113256320386,86.67058902760078,100.0,89.43754328700153,56.815218097760486,20.0858122115244,5,0,Daily,Low,Rarely,79.83,3.4,1
3.1679811757918923,3.180256928410609,82.31360072475765,74.40158424372432,56.60730963280975,58.91757560718197,11.006019084042757,6,0,Daily,Medium,Rarely,66.27,2.74,1
2.324706571620974,2.024050334886532,90.93729671643885,53.93640650607617,100.0,64.77220907294601,0.014079105446782592,6,0,Weekly,High,Always,64.37,2.49,1
4.0,4.0,95.39283633726717,72.98729683984614,86.51219016831196,69.3336836235719,11.397054469946655,3,0,Weekly,Medium,Often,89.67,3.6,1
3.0775327091851366,2.923568639243661,96.01956318188995,82.79038118456832,74.97428769496405,78.08301802410097,18.254781081118264,5,0,Daily,Medium,Often,76.91,3.3,1
3.0656368767629356,2.99705690216093,70.2129428699826,100.0,91.3430487461496,67.83002938247638,23.123138629401787,5,0,Daily,Low,Often,85.26,3.59,1
3.4354599743392153,3.1371551619566618,80.73767353106804,66.15821400091923,100.0,84.06771072401914,5.625349596219799,4,1,Rarely,Low,Often,71.51,3.04,1
3.288605539042028,2.5199054414034348,100.0,51.2635803896454,53.41919848414696,77.21271796640633,23.21648341498414,3,0,Daily,High,Always,62.99,2.46,0
3.134330414567479,3.077022085787428,98.41970781360808,87.25255517146472,71.62106036262969,80.1265485408923,9.817021682827828,6,1,Daily,High,Often,84.92,3.29,1
2.5257153267328127,3.2494999532166875,64.40710822778404,54.29101941150523,39.323525101900074,93.68300663205446,17.899599052756212,6,0,Weekly,Low,Always,75.87,2.75,1
3.2828810142815974,3.5182623006510045,90.27219850528303,68.45766837738772,77.88977298972037,65.83721918959556,10.920848377074938,3,0,Daily,High,Often,79.73,3.29,1
4.0,3.9942218860796816,55.326621259377845,71.13569271733509,80.4809136288771,85.02445493950842,16.457365021696813,6,0,Weekly,Low,Always,68.15,2.42,1
3.8072520276929867,3.7283847789305065,85.70402353090554,73.95549820049838,74.41256826835861,79.83232125828712,22.135021076562197,3,1,Daily,Medium,Often,79.44,3.17,1
3.9559119759836383,3.9626517438272524,100.0,85.33746685611503,65.18199643502535,75.99816462836365,5.183887381691713,6,0,Weekly,High,Often,83.36,3.25,1
2.6932705941412887,2.857406328693852,70.78160924096521,64.74548576570419,44.25728225717512,90.62307585039152,9.560752826025348,6,1,Daily,Low,Always,68.06,2.77,0
2.4062371078448517,2.051993263252198,72.48515431762627,70.89406121749859,80.60300525117653,90.54816985468409,16.479700698736693,3,0,Weekly,Medium,Always,62.75,2.74,1
2.9245278479402113,3.258824356340873,96.4604467235929,74.78594470575918,96.83151725872987,68.64211044813887,34.21266928824282,3,0,Daily,High,Often,78.07,3.39,1
3.033434947373217,3.24804934200559,61.85797727185531,77.24396936278183,66.13472316399852,77.81407299370491,8.094482302665376,6,1,Weekly,Low,Often,67.92,2.86,0
3.656514911082569,3.871970628794949,75.50867455172441,76.46740762061884,81.60089893534717,83.37454019100878,31.32107108797535,6,0,Daily,Medium,Often,84.64,3.23,1
1.9845212221711084,2.1160639438140265,93.9466170637263,81.5400866283387,51.47783529869924,76.72391902372898,31.035386429401367,4,1,Daily,Medium,Always,64.66,2.58,0
3.9177301916763683,3.923615188984565,75.48571228465896,87.65759264462606,81.85819595538771,87.02025598745358,14.221510794387271,5,0,Weekly,Medium,Always,88.38,3.36,1
2.905195260852606,3.107053631642652,81.46045019183542,80.88951173476451,69.09926553383015,83.3743042149233,12.6147797904008,3,0,Daily,Medium,Often,77.07,2.95,1
2.743871358031548,2.921415598153961,96.16278565472552,81.80378285263828,63.56373074095628,100.0,9.463478410682468,3,1,Weekly,High,Always,75.69,3.12,1
2.3927373748438994,2.2865251615615922,91.32319125304842,51.266652498802834,63.59454538175804,61.63665036884255,14.454379757338646,5,2,Weekly,High,Often,63.67,2.35,0
2.007085996880538,1.8350054650114678,89.00227594443103,75.75341548748521,69.09582626950485,78.53076812303124,3.746244539523536,4,0,Rarely,Medium,Often,61.08,2.35,0
3.493902350377149,3.5244592389557448,79.91316581094942,82.19261322002413,80.73649973538804,69.09796986185371,14.39008786143522,6,1,Weekly,Medium,Often,78.71,2.93,1
3.043990780313042,3.5086968257615982,90.55091672903433,85.93411791855675,55.317551982067236,87.24928946526853,26.97504219080685,6,0,Daily,High,Always,74.75,3.12,1
2.2260234601553677,1.8542913374591974,83.14400979850365,64.61473838649309,69.0432700264822,60.59393731945347,10.111319500186262,4,1,Weekly,Low,Always,54.12,2.09,0
2.2229527367618305,1.7826951570360985,91.86708414888678,65.11441087667032,74.37792333001279,84.15575252269863,13.074205568087596,4,0,Weekly,High,Always,67.3,2.25,1
2.798529180425923,2.847957432796878,77.54601962323032,66.38848987074603,58.51441163202211,72.4394188238199,1.3908762058620656,5,0,Rarely,Low,Often,62.43,2.82,1
4.0,4.0,82.26146538430689,83.04620849837015,100.0,71.19005760654782,17.99249670504835,5,0,Daily,Medium,Often,87.86,3.72,1
2.844245189181837,2.8962476884929598,70.1506331117198,90.50821582386313,62.19756779907988,62.642021557511754,17.11585347961099,6,0,Weekly,Medium,Often,72.82,2.51,1
2.0981142281291363,2.171300187501686,84.47488584990646,68.88809839062597,64.95844629549764,74.41908864558793,15.509618878126167,4,0,Weekly,Medium,Often,78.98,3.31,0
2.8525541615484338,2.7855934851579924,72.83498704556733,88.61943470440573,60.32538075266253,93.0140063634911,13.265383598222853,4,0,Weekly,Medium,Always,75.99,3.34,1
2.8363658581513977,3.283324889732022,68.2893032475701,76.85219713746892,100.0,79.69773579764625,12.657936649820362,6,0,Weekly,Low,Often,62.85,2.48,1
1.381868014235057,0.9015968206921023,88.87991721783082,73.13571334256345,83.29357842899222,87.5321650144937,19.015201869605377,6,3,Weekly,Medium,Always,59.76,2.42,0
2.9674230800893127,2.718873972655239,88.1910966378649,71.82923655273046,60.95111990634537,99.9757018635953,14.769467187291013,6,0,Daily,Medium,Always,70.89,2.77,1
2.861439281874793,2.830462853830079,96.74310602422858,86.19917046903235,91.59347338289953,83.16506701787091,17.519774972442658,6,0,Weekly,Medium,Always,100.0,4.0,1
3.417723818888051,2.924767175541801,78.53311645637352,79.88366725180605,78.01048041433317,73.29440513525192,16.719862539636384,6,0,Weekly,Low,Always,75.9,3.24,1
4.0,3.947243678670379,91.12079270255134,100.0,78.85880131667253,85.60702658219348,23.987418296766094,5,2,Daily,Medium,Always,97.69,3.67,1
3.6759390177286546,4.0,93.26196358410495,62.21663035504014,69.8328418687132,73.4684462442285,20.415952779000435,6,0,Daily,High,Often,83.83,3.21,1
2.8386667856671015,2.84493273215589,91.67160711747393,82.77152553044964,63.7587601956454,73.94692780043397,16.542894745201526,4,0,Daily,High,Always,70.0,2.82,1
2.336084454754998,2.4052947264706033,72.61519475796787,67.06198485282731,80.06649148581901,61.76128640457218,27.147376245217437,3,0,Daily,Medium,Always,60.51,2.48,0
4.0,3.621950570448226,87.24045223406783,61.960695195170345,66.82369155006614,91.11508989301271,18.36214823245249,5,0,Weekly,Low,Always,81.82,3.35,1
3.035531060408693,2.8506226379968496,90.46210444081991,74.83699294447541,100.0,75.36796909220674,25.439701510323353,4,0,Daily,High,Always,70.59,2.79,1
3.008357575147768,2.895798661050587,85.10767700361913,77.06028719110554,55.960633421353435,82.18517894979034,19.855540867093104,3,0,Weekly,Medium,Always,80.2,3.03,1
2.9855249477339982,2.8902104187071282,53.70283512443373,100.0,98.04235159282418,67.56845685672033,0.26464736854765647,5,0,Rarely,Low,Often,75.19,3.2,1
3.118850856460713,3.5033439949618437,87.4073443596022,72.23781276475196,73.330217268033,85.23137155658567,25.438678106554637,6,0,Daily,Low,Always,84.9,3.15,1
2.9133837528456343,3.0806910710631716,100.0,58.04731905772975,79.48628601031659,70.856705142379,16.08140993074135,5,0,Weekly,High,Often,75.74,2.93,1
2.655802795871858,2.3223654087907484,79.59941096864526,79.09516076241579,87.49736649944153,78.29949533957812,14.584361832793777,6,0,Weekly,Medium,Always,76.81,3.08,1
2.671884635255765,2.7458360687853665,74.07884353217018,43.880399436804474,65.54626057493346,90.53391237486952,17.250786779916616,6,0,Weekly,Medium,Always,67.72,2.81,0
2.980348037870401,3.1298145624194365,90.60022839567097,73.62064826093601,87.96372577047954,89.48911174679036,12.240134704343461,6,2,Weekly,High,Always,82.59,3.25,0
2.673945137319741,3.015989848876121,89.68567315699858,75.24037923442741,34.386842169282346,79.73563912979671,16.81623088311156,3,1,Weekly,Low,Always,72.04,3.03,1
2.5722925303937014,3.0464547363642134,100.0,86.91900574417816,64.20015700167092,58.78242760751938,10.26499146925526,5,0,Daily,High,Often,68.52,2.99,1
3.063858136615138,2.7593298790667773,66.13197766136668,89.6043337414177,61.13905788988402,100.0,25.19417806987496,6,0,Daily,Low,Always,78.36,3.01,1
2.847013669547487,2.6037564161843854,95.97070378862489,67.44645571638424,56.19740981442357,100.0,14.091295091031597,4,0,Weekly,Medium,Always,86.37,3.53,1
3.902395793149613,3.525122435475228,93.85633091877195,72.740789780551,71.77567742881573,88.67209789865959,11.939329258220532,5,0,Daily,High,Always,82.35,3.34,1
1.409418114964193,1.3392121572320985,82.86780194589181,63.508187540839934,80.78624952272543,70.96155462090834,7.600593474245809,4,0,Rarely,Medium,Often,68.55,2.67,0
3.6549041111534772,3.7948116234873774,90.08030976882534,58.07906167788459,85.53989997748958,78.63689405957642,17.15020631318913,3,0,Weekly,Medium,Often,74.08,2.58,1
3.747651115498577,4.0,100.0,79.64842169070951,78.61315135800612,73.4789548426818,16.496856801000735,3,2,Weekly,High,Often,79.7,3.26,1
1.7559658605551103,1.7331805534623534,98.08473070042676,55.89621677105101,65.0145980265968,95.16627126915665,18.10739690942005,5,1,Weekly,High,Always,63.74,2.64,0
2.794387443551791,2.6984331865753375,67.85471031889406,68.78059649142205,80.53524656737751,83.150034690222,6.781984899958969,3,0,Weekly,Low,Often,64.27,2.79,1
2.7771354804025252,2.822662878077147,97.30237280133227,60.07239060151144,76.86428542276276,70.59003369968201,2.1905504095074164,3,0,Rarely,High,Often,61.7,2.4,1
2.1554929831693075,1.9049501126803006,84.02967092451223,83.2452477943539,89.04084251904024,74.35093881050261,20.00473042005248,5,2,Daily,Low,Often,76.33,2.92,1
2.5333099874454748,3.1601716039539065,86.09311147023271,100.0,86.65405054397274,93.45425771083886,26.877134895012063,4,2,Daily,Low,Always,89.0,3.38,1
2.3336544927205027,1.8513561845850852,86.09795486502541,55.476180257950034,75.45714620880943,99.20117416184574,6.789171020880831,6,2,Rarely,Low,Always,72.93,2.32,0
4.0,4.0,82.74635516802611,47.20472275653647,61.54120490758115,98.33997876183494,27.715530268493588,5,0,Daily,Low,Always,77.1,3.0,1
3.5614070358884766,4.0,100.0,73.12669671974899,65.20574766251879,89.08438478064772,17.271288469891047,5,0,Weekly,High,Always,72.32,3.45,1
3.7629330569964954,3.7649730103644945,83.74423060226182,75.23546693936638,66.7531596054295,76.96850157436836,14.943496763593362,6,0,Weekly,Medium,Often,80.81,3.49,1
3.433003238425941,3.3759915279254926,68.20680807425246,78.27988960135946,70.27100499125616,41.10183409605055,11.819610427633776,4,0,Weekly,Low,Rarely,57.65,2.11,1
2.3225689372696627,2.2153353104265348,79.09705216045407,68.30519227148483,79.0207564138463,83.56592028569865,3.923855844600027,6,0,Rarely,Medium,Often,70.44,2.71,0
2.6852878402321356,2.631170335703413,87.68042075215713,71.99041051761851,85.72761585192087,79.97805489387079,22.901828127396797,6,0,Daily,Low,Often,73.88,2.85,0
3.293624736736751,3.70547927913971,100.0,80.51265615810904,74.23321960476933,81.67978515585625,8.795149108499174,4,1,Weekly,Medium,Often,84.05,3.64,1
2.2667233146648327,1.6031647412659806,94.0464202742325,90.60646338967258,75.2418718185071,80.64676816439848,8.761546594099197,4,1,Weekly,High,Often,66.72,3.11,1
3.427799058103433,3.8878291684923307,72.24197081879434,45.674268445225756,77.14959457500007,64.08485405661011,22.935410479095637,6,0,Daily,Medium,Always,74.56,3.0,1
2.855804761105119,2.4286176153700754,100.0,69.46590841452807,67.2614203030149,86.68890268221423,0.0,6,1,Weekly,High,Always,72.12,2.94,0
2.775107515470242,2.6951118166999173,88.97162966466969,78.20713190911594,61.11911613535566,87.58659576838221,2.8112175146546665,5,0,Rarely,Medium,Always,71.9,2.98,1
3.426575980922095,3.297802654832496,100.0,61.23035843083896,48.668431540339355,88.18806538471591,14.854926051935346,4,1,Weekly,High,Always,66.23,2.65,1
3.266557986891624,3.44312396782284,82.72428349634156,100.0,64.57275962884691,91.35892404288064,17.346275432038816,3,0,Daily,Low,Always,95.1,3.86,1
2.7834203005085523,2.303982994943428,93.00038867058174,65.46885179656894,82.09718179901681,87.24861973905948,18.87787718375139,4,0,Weekly,High,Always,70.84,2.84,1
3.6955978820185487,3.8342496818431315,97.59202756777607,74.38060969489075,64.45632842940648,75.07964706153307,12.585612052829978,6,0,Daily,Medium,Often,80.92,3.33,1
2.3513620034400615,2.9586548904261174,100.0,83.34033145263436,71.4328944386109,79.14995782500692,35.24295734913352,6,0,Daily,Medium,Often,79.48,2.78,1
3.3695613641665583,2.960609162788715,100.0,66.13072816797158,81.99646931118475,81.09349840704053,13.176859529873328,6,0,Daily,Medium,Always,96.38,3.76,1
3.3558607547810304,3.412772605064149,98.08295500109467,47.301404282933746,82.81034244634003,81.29239338927943,13.153710783178223,6,0,Daily,High,Often,75.66,2.79,1
2.814272136411606,2.615677483072623,80.27369903208837,68.570182096252,58.807007217509415,91.97861187166076,8.62410664948898,3,3,Daily,Medium,Always,68.13,2.86,1
3.195679813345271,3.3234459752031817,76.42380937065907,90.44160833890561,89.95589034680462,87.7240250362699,15.991254532168568,4,0,Weekly,Medium,Always,87.96,3.36,1
2.249331854168818,2.2550761873935437,89.98911265486296,69.94657309822293,91.91025134033228,100.0,19.919689856374198,3,0,Daily,Medium,Always,83.78,3.04,1
3.5544162115241407,3.3619701388108476,98.99692108511604,62.30348547811532,58.0522521417216,100.0,24.62862443626768,3,0,Daily,High,Always,82.84,2.96,1
2.8890587181342067,3.035420403595529,81.65918948835089,88.88508314254082,62.64244695538269,80.9557949913671,3.085725884478256,6,0,Weekly,Low,Always,74.23,3.06,1
2.6863661876885763,3.227670620624599,100.0,70.03837655965421,92.86636024719287,33.960133418487565,13.032037293154394,3,0,Daily,High,Rarely,74.18,2.78,1
3.6294055355021335,3.5721343979839437,100.0,67.34758779524674,72.79719718117049,94.8419895935272,18.573628886473152,6,1,Daily,Medium,Always,82.52,3.27,1
2.5773937856743445,2.793321168318799,71.25518621389871,77.24184134494965,41.70333078822224,73.51548393215535,19.696460276756284,6,0,Daily,Low,Always,68.74,3.07,0
2.154923222181864,1.766941334820515,72.4461894430558,86.5612531442818,54.00477742900971,70.38219293802791,15.052389262436314,6,0,Weekly,Low,Often,62.6,2.58,0
2.0660224958856577,1.779091582840255,82.89437411641995,100.0,71.25945562241279,75.2186567001276,19.339391756256816,3,1,Weekly,Low,Always,68.61,2.64,0
3.3636059708073835,3.505327854171497,89.61419002283795,87.40854161486135,57.55436024573097,74.64028343822473,8.528288856593598,6,0,Weekly,Medium,Always,80.9,3.0,1
2.23174238850223,2.6769771970630196,77.13149479349424,92.39759949582516,68.79864344045338,87.3472377212647,27.463243458546856,3,0,Daily,Low,Always,84.37,3.46,1
4.0,4.0,100.0,67.41050701518218,75.48594320525368,61.286770650485295,22.941024823835434,4,1,Daily,High,Often,86.5,3.43,1
1.7508423552697667,1.6569249461128204,91.36100292277676,59.61197841045786,96.93381906052093,67.06735105050078,4.240577703478621,6,0,Rarely,Medium,Often,65.94,2.75,1
4.0,3.999787421627006,85.5917057236111,75.93497024428684,70.64319125658317,84.117902650369,6.399175615065955,5,0,Weekly,Medium,Often,79.44,2.7,1
3.126610480321571,2.7514881601306556,63.46135714197209,76.60754872889395,91.08812699359139,87.4753283649597,6.624625999144749,5,2,Weekly,Low,Always,67.86,2.94,1
2.9419721328777646,3.123326730784375,65.2627627535874,58.82230887953104,96.43140243055156,87.69849973923215,20.42375976717223,5,0,Daily,Low,Always,76.0,2.7,1
2.67304854791463,2.937748466611653,89.2151387542271,72.37058205143981,96.51464504028114,70.55556465280041,4.722177868660262,5,0,Weekly,Medium,Often,77.5,3.0,1
3.2394816686112424,3.103854568761318,53.01106560767746,80.98976402578697,79.27131890078353,68.26081220880512,12.351805326335356,5,3,Weekly,Low,Often,62.63,2.78,0
2.977419178545091,2.8364065342172404,100.0,80.4059009252712,45.55066278241539,73.92038199454497,18.637635171334193,3,0,Daily,High,Always,79.97,2.75,1
3.661981129209913,3.7417445981055275,82.6276923344152,82.56431780076409,81.91237298105798,82.8784730274167,14.470672523628522,4,0,Weekly,Medium,Often,79.94,3.18,1
3.068536589197224,2.937520668385045,100.0,79.36447095206164,90.72599831720312,97.82572843127059,17.071100125701648,3,1,Daily,High,Always,85.14,3.35,1
3.0901810568771264,3.0703412724893795,100.0,67.39487011094916,73.78399341846874,55.430753770751,6.473578309209934,6,1,Weekly,High,Rarely,73.64,2.94,0
2.7818326726716864,3.4117492094216413,82.27826396128725,67.29149060026735,100.0,77.3512549164996,19.758834987177956,4,0,Weekly,Low,Always,80.61,3.3,1
2.9658326257673595,2.8917249155435605,83.40494496203027,57.01572903009186,87.89750342201187,64.00785870769755,10.094304860192029,4,0,Weekly,Medium,Often,76.25,3.05,1
3.1846810613352354,3.0771790157288685,99.93372271003045,100.0,83.52410065729177,60.17308787175812,12.40304260481647,4,1,Weekly,High,Often,85.56,3.15,1
1.9738989644060247,1.7796364227154768,100.0,75.2017554692894,91.29571066808757,91.6034797441378,16.90185382324789,4,1,Weekly,High,Always,77.35,3.11,1
2.1910887467365723,2.4143463381865535,60.429564138459746,71.62720416307722,80.00054776891317,86.53549489399207,15.824625772246785,5,0,Weekly,Low,Always,55.91,2.23,1
3.445958456413629,3.3915912044481984,58.2043680196797,61.06811877821312,37.6078425090697,85.39320219136714,15.191840152124744,6,0,Weekly,Low,Always,71.69,2.86,0
3.1025192628767653,2.9077073513803375,75.66947791668427,100.0,67.51291572794452,91.05231007677192,8.994985424185955,4,0,Weekly,Medium,Always,75.13,3.42,1
2.8896099981883925,3.2860012078702963,93.74106374760797,58.90007951665657,92.9575204087178,74.24337323880637,12.603604710406463,4,1,Daily,High,Always,80.79,3.5,1
3.011060359839236,3.436941261193327,92.45310385761395,68.5672811159089,62.88612989852556,74.80834980399766,15.017468726696288,5,1,Weekly,Medium,Always,78.04,3.49,1
3.2085490232170026,3.028421953495391,100.0,81.2375525442909,71.64791242144591,100.0,3.999318134663321,3,2,Rarely,High,Always,81.0,3.31,1
2.676144191814383,2.116182206406198,67.00453707452037,84.00319448616416,59.32745529145393,77.0411473488851,11.29973626949297,3,1,Weekly,Low,Often,72.97,3.28,0
2.5330171647586126,2.835271271709689,50.25784205546685,89.36898082823527,100.0,88.8215853566491,18.10143903226277,3,0,Weekly,Low,Always,83.05,3.15,1
3.117507153058609,2.912118205330608,97.87021292953219,100.0,100.0,80.07657849155979,4.780507169237261,6,0,Rarely,High,Always,87.85,3.44,1
2.4129763334309806,2.650164013179811,72.57705590552148,82.59236483191069,61.74196657288906,57.82089763905902,24.25265321275392,3,1,Daily,Medium,Rarely,61.88,2.36,1
3.244951653428683,2.6539205081151325,54.72268203417043,59.159538000499985,77.20947000583627,55.464451954384785,25.156906100798743,4,1,Daily,Low,Rarely,64.17,2.47,0
1.9784498374572959,2.2462290389470887,87.17595618939072,71.14582312317327,64.79258928353929,73.05218936072114,5.038795392319315,5,0,Rarely,Medium,Often,61.22,2.46,1
3.617493382395386,3.2541418036111516,96.89763532328016,79.61748558770827,84.22416958547068,92.67321502003986,25.860957064401113,5,0,Daily,High,Always,81.57,3.3,1
3.2835584894478256,3.502787725167783,83.16914301818085,100.0,82.64524615863493,89.45949987963205,13.851347290302925,3,2,Weekly,Low,Always,86.24,3.54,1
3.1536178405883253,3.1578997609392556,78.13227420726267,54.03291782363554,87.17558357419898,90.9689259706884,18.34811647325644,5,0,Weekly,Medium,Always,83.27,3.68,1
3.5896145903673085,3.303432764548315,82.6095665178114,93.03864757837842,79.97877671561831,68.15544585276422,11.026791582974028,4,0,Weekly,Medium,Often,81.83,2.97,1
3.999284666677546,3.877173772799512,79.44125856398826,77.69871554319626,100.0,99.39046988146777,22.384358617814094,3,0,Daily,Low,Always,92.24,3.45,1
3.608622039010878,3.8145175760978884,64.7792933208975,87.5674580284422,59.581143524838915,68.42128039776338,18.248752150789336,4,0,Weekly,Low,Often,80.8,2.74,1
1.895475461201013,1.9272437971355831,74.27978984514353,73.47007925046103,49.34094968345229,82.55389278403962,8.486773947219172,6,0,Daily,Medium,Often,60.38,2.25,0
2.2322538199585793,2.4075777141003245,92.81919857520722,62.363510548105104,69.10364698947808,79.87577252110717,5.678384000277692,4,1,Rarely,Medium,Always,61.15,2.36,0
2.6251088533825926,3.2180410287372383,89.82517812064751,86.26309169101998,51.48017601659599,77.91351415622496,3.317580518326219,4,0,Weekly,Medium,Often,66.33,2.51,1
3.0156546301265004,2.546382146613185,87.5208970895023,84.81646540658431,52.61306594991011,96.06310565954728,16.503534211462053,4,0,Weekly,Medium,Always,78.62,2.92,1
3.310595412281474,3.795759184772061,70.07277277219931,89.58085448609583,59.980280187030495,71.53867375800847,19.579771294237887,4,0,Weekly,Low,Always,84.04,3.38,1
2.5645537121079207,2.5958604933648846,82.277452567965,74.80043046932047,61.16716641852559,63.804736931456866,20.20772543023553,6,1,Daily,Medium,Often,74.56,2.91,1
3.112060058686247,2.8424248441893085,52.34402430335718,66.00266965020226,60.680728470749095,80.23994583447703,14.056151243140977,3,2,Weekly,Low,Always,62.37,2.32,0
2.5467702405880064,2.1476761528663095,87.67714995828085,51.61819507464238,82.77328425668118,75.20207918856168,5.7440283546850885,4,1,Rarely,Low,Often,72.18,2.92,0
2.633089318204831,2.5763532009717207,100.0,87.2905990220911,67.40716408371996,100.0,9.543401615809735,3,2,Daily,High,Always,91.94,3.56,1
2.1560033418910667,2.4324983754684046,62.88801801936842,81.3583422366598,72.3072813769128,88.1180897172797,24.218789111695408,5,0,Daily,Low,Always,78.29,3.36,1
2.4460600523334572,2.407795316220197,76.21108490023367,60.51326050704061,88.41349161751403,75.08791309737651,11.122971483199349,4,0,Daily,Low,Often,76.54,3.03,1
2.1889892366301997,2.642335715704404,89.93660168065195,66.92139490055064,63.505162128278606,67.32666116975496,16.14734104545181,4,0,Weekly,Low,Often,74.02,2.89,1
2.4144760482136003,1.9791233411981326,100.0,67.9986178207284,71.03181151942917,57.436539073174586,6.3947961314009,5,0,Weekly,Medium,Often,64.17,2.62,1
3.632185077964704,3.6285583936108874,78.27663075549776,52.75523352026373,80.48639979139374,67.6973709711508,17.69266436367228,3,1,Weekly,Low,Always,68.9,2.35,1
2.4303606667008344,2.054642633376899,74.61624506101155,62.73476405092299,45.87648299069668,81.37930126110957,11.338523506567377,6,0,Weekly,Low,Often,54.51,2.42,0
4.0,4.0,55.46615286375875,57.99254464790469,39.22641736574126,97.12794381913723,23.37370171020611,4,2,Daily,Low,Always,70.58,2.98,0
3.2959907405285334,3.5620569575577234,86.5515719396216,68.81281482168094,80.19175993196585,93.46026970865503,21.188461649654506,5,0,Daily,Medium,Always,81.77,3.11,1
3.110901674216924,2.984673136112608,100.0,63.91953752505656,82.38021420850347,82.74913797975655,11.034352427400803,5,0,Weekly,High,Often,75.94,2.81,1
2.484985331891272,1.7037211749031316,89.16037692947013,50.59492618699877,100.0,76.12198801157018,13.986687781218693,4,0,Weekly,Medium,Often,67.0,2.48,0
3.4201859276453948,3.4798703716843433,84.6658153122443,100.0,77.37142313800214,83.22574827694585,10.59107007967497,3,0,Weekly,Medium,Always,74.0,2.68,1
2.6546173042573358,2.7856388697773884,89.83123466150478,93.78811096543846,87.29609575887142,73.77634403018509,3.644534427639922,3,0,Weekly,Low,Always,83.32,2.99,1
3.073205888787217,3.194494315275726,84.83361994077097,63.314708677200215,72.0679103462104,100.0,8.140460563622266,4,0,Daily,Medium,Always,81.44,2.97,1
4.0,4.0,72.80478441609806,79.08632094980415,79.4584083237763,77.72971782469904,16.58573862176656,5,0,Daily,Medium,Always,83.33,2.8,1
2.94236406016521,2.6210479562704956,97.34919873516559,81.26197634731943,100.0,78.96394570103928,17.602075985836656,4,0,Weekly,Medium,Always,76.49,2.99,1
3.6895639957714055,3.8936288274065403,88.38642284667631,92.86628782160216,43.14010772811547,53.410130899751984,16.18838322874111,6,0,Weekly,Medium,Often,78.17,3.1,1
2.5780941449244676,2.9358463986678602,85.26419877900486,62.72092460009882,81.20424386357521,77.65478184172683,12.586135568330914,6,0,Daily,Medium,Often,73.49,3.2,1
2.979006905701823,2.445430630499868,70.36950959082625,91.3816017597364,100.0,90.0378096555793,22.464532845767884,3,0,Daily,Medium,Always,85.5,3.62,1
4.0,4.0,100.0,66.78142043689597,79.23051328814014,67.18732907553746,15.508335236487499,6,0,Weekly,High,Always,87.87,3.37,1
2.6238197653273394,2.472565816025038,94.97054117999664,54.9620639374708,99.75859444849272,70.99135598608625,20.62603062476758,5,0,Daily,Medium,Always,72.74,2.86,1
4.0,3.975543198069506,76.70618743949046,85.86204838971746,65.56181775705836,89.51253221280398,0.8097989423798513,6,0,Rarely,Medium,Always,81.66,3.49,1
3.4246511612732853,3.528954106334786,100.0,94.36137636183642,74.5192875875443,62.28011331778336,0.0,4,0,Rarely,High,Always,75.55,2.93,1
2.6625199344634396,2.516351365229374,77.53643742422189,100.0,75.50287053582882,92.69361209050302,17.27030422270464,5,0,Weekly,Low,Always,87.14,3.52,1
3.3794446434333123,3.176732219684829,73.26994761233445,57.004121023646796,41.73613380961844,73.61427331792278,3.6018747702280844,3,0,Weekly,Medium,Often,66.34,2.53,0
3.5835326697760377,3.593778395022445,73.6044532377957,85.48379527621184,57.477332582246994,75.33718135410557,13.300386378295553,3,0,Weekly,Low,Often,77.81,3.12,1
3.3730859773303177,3.046912195671477,58.43397170367863,68.852981343097,58.54687380924021,66.51345913849288,12.583223671803154,6,0,Weekly,Low,Often,60.55,2.44,0
2.0578651680657263,1.7321176294001708,92.07313570627309,86.75038065786048,87.3309911704879,84.5365551251346,27.699204819324294,3,1,Daily,Medium,Often,76.29,2.98,0
2.563717694505079,2.76752967939203,57.53282682492475,52.942656731531244,88.08229658526082,100.0,18.19997242354885,4,0,Weekly,Low,Always,63.4,2.75,1
2.851488818669097,2.5068506081215003,66.57334253101357,56.05845336452154,79.860546640598,89.37796687352758,16.326872214389383,5,0,Weekly,Low,Always,66.18,2.47,0
2.9553399425399722,3.155233692812736,53.866179863822,63.36187765250274,87.36154345283559,69.62857685671356,21.69592923706939,4,1,Daily,Low,Often,74.61,3.01,0
3.3724032585304067,3.511180646386592,83.70895460813661,76.18446068502126,72.5377588091734,93.62744702589771,17.94798069471231,4,0,Weekly,Medium,Always,84.33,3.73,1
3.1066206005599524,2.5888785819227733,82.74519309592192,65.38378100192467,93.02897504309315,76.199845448789,11.338584056092536,4,1,Daily,Medium,Often,73.96,3.02,1
2.198793384773939,1.9955239890732426,80.09955680220455,84.88581515870129,75.13182663948108,96.49381977713071,23.57180744203648,4,0,Daily,Medium,Always,85.92,3.28,1
3.228118710603578,3.58635153151779,69.36133457994136,90.40341927386872,75.86796071140135,89.68011682597235,6.121998976893806,5,0,Weekly,Low,Always,83.0,3.39,1
3.366351447170294,3.0720017878283894,67.4164936984504,83.99366311868033,71.01611050106384,44.682301214339205,17.5859775002685,5,1,Weekly,Low,Rarely,66.69,3.15,1
3.335874268758624,3.1965529900658076,91.96554795319861,99.28181459491302,85.26675716454642,67.95104440453967,2.619441646909511,4,0,Rarely,High,Often,78.0,3.13,1
3.648468435332773,3.787086703308342,76.74172102437268,81.23739944183015,68.6820177508063,91.33262267402468,16.63155086012796,4,0,Weekly,Medium,Always,81.49,3.42,1
3.5003532927293426,3.7353704455141212,89.74537482304217,56.746549344897495,89.64647065797102,81.8198872657402,16.543917134183435,3,0,Weekly,Medium,Often,77.19,3.09,1
3.275508047537062,3.2000463817237135,71.72126970813666,95.45064770307509,58.0177628892599,67.7149286275058,28.411639695317298,3,0,Daily,Low,Often,83.31,3.39,1
2.9579005731248116,2.7786475147173193,87.71594114156623,65.92265646591004,58.51625617907709,72.39692581407425,2.480208852465765,5,0,Weekly,Medium,Always,69.39,2.76,1
2.0034234398904056,2.4301343983999577,100.0,88.65627749528355,85.31140132689757,57.12516055892743,10.1929025931695,3,0,Weekly,High,Rarely,73.98,2.76,1
3.2577709314795515,3.7794408306188254,93.79248700589174,98.60601324832659,73.67183678125481,78.93952054968325,21.58145941259315,5,1,Daily,Medium,Often,87.36,3.57,1
3.1246126122978666,3.4182700275324054,78.8137927267528,81.85032016095599,68.19162875770307,100.0,17.68253805117846,5,1,Daily,Medium,Always,86.66,3.22,1
3.162947302317224,3.1885427450867314,88.85798455533892,52.55761780253025,88.3508659871319,89.6592006887879,16.442440410700023,6,0,Weekly,Low,Always,81.94,3.22,1
2.2339508545078144,1.9914711380155365,81.39002238204681,61.22681750235313,65.89107878870874,100.0,7.350914376331686,5,3,Rarely,Low,Always,59.61,2.77,0
2.3513660757550428,2.102232753788073,85.11820277042092,94.84116700327704,71.99698118549445,90.58876507747976,10.273453215268567,3,0,Weekly,Medium,Always,77.11,3.07,1
3.6318917119997423,3.7886459435794695,80.11583421777244,72.46315971535775,95.98841925106738,92.3297521202323,24.96032806578605,6,0,Daily,Low,Always,87.39,3.31,1
2.976266907686007,3.101786373952612,82.53497191171913,76.19360302413249,98.08713518715976,100.0,14.587926449968576,3,1,Daily,Medium,Always,87.31,3.54,1
3.4089004184235745,3.8293799963075035,88.18140029611263,86.38236624245414,98.58597315405491,84.52715911210672,18.002877569155785,5,1,Weekly,Low,Always,89.83,3.48,1
3.0169910256782755,3.212126053439117,70.09961950627074,85.44484293120485,70.76811334599132,77.75327214191744,14.078493369788168,5,1,Weekly,Medium,Always,78.95,3.18,1
3.017853683697446,2.5669295931695,69.76181759515032,79.18199718578191,93.46054357476706,92.39189019946414,5.535315878001878,4,0,Weekly,Low,Always,75.51,2.79,1
3.5629702835855985,3.878554568902474,64.17186169253183,71.86997443169301,60.76570758346983,97.44608284546261,22.470483408599975,5,0,Daily,Low,Always,76.05,3.2,1
2.6903731630695757,2.390954974875252,60.99593343244435,70.30997331401464,61.39645687916909,74.2404242874535,19.02585907625997,6,1,Weekly,Low,Often,70.47,2.84,0
3.05767246616459,2.9424810845788847,66.74075961669281,87.86848237937015,39.74316221063459,71.34117101191966,33.44509469893751,5,0,Daily,Low,Often,77.69,2.91,1
2.722634826776974,2.7976948886524826,87.39193760206194,83.3035429660169,100.0,81.66627238917056,6.8753489627956395,4,0,Rarely,Medium,Often,83.89,3.43,1
2.7393022635406106,3.3380025104757998,71.60818726762174,71.14049999073316,62.04030226385883,89.97798640317994,21.580583369603843,5,0,Daily,Medium,Always,80.98,3.63,1
2.8144967259188163,3.7474722927204245,92.70421696346645,91.23168469489711,73.1020113037941,89.57709258393874,4.5076482717039905,5,1,Rarely,High,Always,80.37,3.06,1
3.1332802629802274,3.3152971807210823,85.52070623128843,73.06448827305324,61.34513487107574,62.90998879774881,16.258772541384623,5,0,Weekly,Low,Often,70.17,2.96,1
2.712750827001914,2.6577918413857975,55.47243679842919,62.2250673849841,85.42747872495211,100.0,22.812052712505317,4,0,Daily,Low,Always,80.14,3.29,0
3.7534536753441126,3.9138053698882778,94.82463376332535,63.61543951644983,69.3654950892399,72.30602084723779,0.0,3,0,Weekly,High,Always,76.34,3.13,1
2.4632356186682975,2.7295322464304483,97.16197968387564,60.31888745535351,55.427746643505756,76.81922003733705,13.360540206067137,5,0,Weekly,Medium,Often,69.93,2.98,0
2.8878770135031844,2.7916767258360267,70.0920598774772,70.91384975094469,81.62493846279091,69.16814768014616,10.49432212765904,6,1,Weekly,Medium,Often,69.12,2.71,1
2.7361613650354952,3.2747247718091916,91.30287314342488,93.5058641750429,53.49404962784657,100.0,9.384341613639027,4,0,Weekly,High,Always,89.69,3.62,1
3.8681867306122397,3.9372079583696604,72.15252643886201,62.92357228454237,62.43891412026763,82.90484804345562,18.081701218074834,6,0,Daily,Low,Always,66.95,2.7,1
3.117932865906945,3.267255792634363,86.46505565122503,77.82713641527154,43.396663280608784,69.78829903182123,23.965485651380764,5,0,Daily,Medium,Often,75.49,2.85,0
3.6191067236811807,3.818883999297519,66.03252389567551,65.1496598155888,53.6406283170359,90.36708259954935,13.933770278166758,4,0,Daily,Low,Always,73.86,3.05,1
2.1086637761778166,2.2351397593621534,58.103403211981345,71.09536438092843,77.67793754580717,89.22962935172039,16.64389142048016,5,0,Daily,Low,Always,64.23,2.5,1
3.1602301595215554,3.4119123096624393,79.25774215580547,52.34938182022122,45.53195942845613,77.74727571704139,15.914470024473982,6,0,Weekly,Low,Always,75.68,3.39,1
3.5337784773740624,3.3486025214099855,83.14406580587746,71.69192656265194,52.78281413067427,90.0872805534006,15.014428050851313,4,0,Weekly,Low,Always,62.62,2.4,1
3.0493703935652543,2.881879867381445,79.03480459578094,72.09441930292557,74.96446625800787,70.09649647002962,6.28525889830315,3,0,Rarely,Medium,Often,71.42,2.59,1
3.639288225039211,3.3092419551477024,67.2395416266616,83.10431916053543,66.84589655860421,74.08498070060897,23.867556813783143,3,1,Daily,Low,Often,79.67,3.41,1
2.689626929939777,2.8214772991258448,79.00151406803295,78.34921369883055,100.0,55.87740014520725,17.361562945270688,3,1,Weekly,Low,Rarely,70.32,2.66,0
3.845608464111348,4.0,89.03942128871101,57.024118125719326,100.0,64.11258698936524,18.159051920020623,5,0,Weekly,Low,Often,80.45,2.98,1
4.0,4.0,84.32660454816194,91.26297366065315,61.9811630587327,100.0,8.547922967795342,4,0,Weekly,Low,Always,85.35,3.49,1
2.7822968637362044,3.284644593740466,87.7375154589882,78.15454560332994,83.35706427605223,99.69714353266778,11.326236816086075,6,2,Weekly,Medium,Always,88.77,3.82,1
2.732698487159537,2.7310196815108227,74.94827199318651,77.9759027576623,86.23923835319177,80.78946378378755,13.590926418313773,6,0,Weekly,Medium,Often,93.77,3.9,0
3.8720306862706204,4.0,100.0,74.86226469922292,66.03781712963395,99.95517736627805,2.7270024524091863,5,0,Rarely,High,Always,85.85,3.32,1
3.9477432874384273,3.620233024596633,67.35739995167829,67.23363829166671,52.56687695252694,78.07910616070033,1.495725398418573,5,1,Rarely,Low,Often,71.83,2.9,0
2.686283983708039,2.570154072965719,92.31340445630077,78.26703509623088,74.81552326037914,77.0790763691851,10.194016554891457,6,0,Daily,High,Often,70.07,2.75,1
2.7478879097424853,2.9565492370122186,100.0,82.13382653892873,72.40731487778834,80.67812778158668,19.18016613153912,4,0,Weekly,High,Often,82.22,3.62,1
2.8309292346836954,3.0856598679066387,92.21362139123343,48.79656462981668,68.46353254544071,78.50094085611721,9.774900880560473,5,0,Weekly,Medium,Often,67.52,2.61,1
2.1933296933794337,2.105139609080179,81.96213659402756,66.91858743980856,81.63475302246728,77.41764411727783,6.849558419274292,4,0,Rarely,Low,Always,72.54,2.92,1
2.448808832109481,2.427329056552061,77.07554430005531,71.17579544394616,63.73905589491602,93.72077728579464,8.48251477409864,6,1,Weekly,Medium,Always,64.36,2.61,0
2.3975155399487593,1.9421534159445164,100.0,78.84255908541417,57.72003678631285,81.80162784747444,11.3572606148375,4,0,Daily,High,Often,66.34,2.42,0
2.539321460937523,2.43221270069554,63.6553761210749,92.89966508890689,76.63624455524747,88.54978117320566,12.169128297439169,3,0,Weekly,Low,Always,82.47,3.26,1
2.9791890675679316,3.2463040166238675,70.44813609430534,63.423887781048265,80.78955138853314,92.37656630332798,32.32417161765245,6,2,Daily,Low,Always,80.76,3.2,0
3.140528839521912,3.313090344353882,79.03663351762418,67.53057229773238,57.350325841499206,84.6582295478568,23.436965027898545,3,2,Daily,Medium,Often,82.14,3.56,0
3.930300295688446,4.0,100.0,67.31198834030175,88.92135916486622,68.35674408910114,23.198192898253822,6,0,Daily,Medium,Often,85.3,3.45,1
2.4009875755567256,2.4159196817110136,90.69651454061344,62.97708614843188,48.44278293335883,63.76560933243154,24.348642914187053,3,0,Daily,Medium,Often,68.87,2.68,1
3.5905934390859504,3.5927123866744033,70.47931362234633,69.79220257331606,66.32829811926536,81.78536761768767,7.009433045327604,4,0,Rarely,Low,Often,72.14,2.86,1
2.8716066934646944,2.67351035162266,80.34538441922645,86.56203329981956,71.12987195703586,77.94492434210079,5.221083080102087,6,1,Rarely,Low,Often,73.39,2.92,1
2.97032177420854,3.1799703002693005,75.78515283855559,59.19246756953481,65.45664431022105,81.04869714704147,6.1450376677275464,6,0,Weekly,Low,Always,74.15,2.96,1
3.404891695299962,3.531183578616779,74.35316511649697,81.41721592729355,66.52409289673211,79.80735152901697,25.676049066702703,3,0,Daily,Medium,Often,79.52,3.37,1
2.326366787062621,2.473972441460461,99.68334337835168,49.471466549724965,100.0,100.0,10.622465688940071,4,0,Weekly,High,Always,82.73,3.51,1
3.2294458477104304,3.0716353949101562,64.42385306104742,66.57993005336691,62.23673866441652,64.03728493230395,4.989150542085705,6,0,Rarely,Low,Often,64.26,2.37,0
3.099871324927834,2.4538684489664604,100.0,70.05766049673021,100.0,56.120644762146505,11.552030398241495,5,0,Weekly,High,Rarely,67.42,2.91,1
3.2954707584048895,3.624616571930998,97.42344535276933,100.0,81.55690169596578,83.98852200223531,13.09115574628298,3,0,Daily,High,Always,83.03,3.47,1
3.1735011863446907,3.0298499495421694,100.0,70.87796542870969,76.38082705967987,75.48292934494165,17.147306189556495,6,0,Daily,High,Often,76.99,3.07,1
4.0,3.741167270787064,78.05590731962113,41.98134789823622,82.14360530081498,83.79281443675941,17.007608165696343,4,0,Weekly,Medium,Often,77.97,2.82,1
2.6173560094492103,2.8253996830234085,82.75088921381337,45.01666639708125,100.0,87.00659626740801,8.374555489011936,4,0,Weekly,Low,Always,68.54,2.78,1
2.6814018269989095,2.563798035023171,63.50272278212932,75.51044379520022,60.09610494102828,95.40925634214678,20.48525114010969,4,0,Daily,Low,Always,77.07,3.01,1
2.6261156841451414,2.9440965993591277,77.13006389399796,84.20656283684863,58.19373121595416,61.91329015539274,9.886451729998736,4,1,Weekly,Medium,Often,70.93,2.95,1
2.666713728503847,2.8518155133768563,92.40482271464727,80.6318378644088,63.677007051421185,73.31938522571404,13.749789306359656,3,1,Weekly,High,Often,78.27,3.26,0
2.6175677236160895,2.8226385205762328,100.0,77.51355158701486,75.48214720446842,85.14513510656917,20.49419256402684,6,0,Daily,Medium,Always,79.49,3.44,1
3.713409918664531,3.303623205304371,68.39264774796322,92.433893962585,49.1134331278114,89.24556314824672,9.86542876844527,3,0,Weekly,Low,Always,77.99,2.91,1
3.852302548793913,4.0,79.51741094522102,66.90613168894302,75.33508858977912,100.0,10.4451886113509,3,0,Weekly,Medium,Always,86.74,3.9,1
2.657552223750314,2.735927383120471,82.73051169651217,88.42365834040238,100.0,91.46844765336641,19.733344397545046,4,0,Daily,Low,Always,85.35,3.59,1
2.500586656137463,2.389803514363602,64.06316196711272,50.51977672460374,77.27111085937166,79.31853684936468,8.138134587159843,5,0,Weekly,Low,Often,60.65,2.57,0
3.2828493338318423,3.3258658740345175,93.87023862637601,61.42578250592901,70.60971811537085,69.31477096468807,11.921663811167434,4,0,Weekly,Medium,Always,63.82,2.94,1
2.668666173431417,2.135795603561921,74.14014502386087,47.89437907602276,65.72759326974558,73.22852176737177,19.44593742434314,5,1,Weekly,Medium,Often,64.88,2.66,0
3.3797590906533066,3.5023549340975078,82.06914473234464,70.87732048995312,88.47767556827347,72.88756612451472,31.4327395314878,3,0,Daily,Medium,Often,77.82,3.32,1
3.12175381251078,2.8129423600561587,78.22075942132183,74.30608174100486,62.61250840142929,87.86280354216512,19.843236038101974,4,0,Weekly,Medium,Always,72.7,2.94,1
2.0905535310016607,1.6847524452486005,73.15992241420489,76.71152238339779,100.0,83.08396934702996,18.781118103920093,4,0,Weekly,Low,Always,68.59,2.91,1
3.928503120798037,3.4717953649326696,84.89432521779167,75.92825029330703,100.0,64.11620514989386,19.246412669381836,3,1,Daily,Low,Often,79.6,3.42,1
4.0,4.0,81.76585632147966,61.08670003782408,78.85126197992682,74.7691823709148,6.414477807463605,4,0,Rarely,Medium,Often,86.09,3.66,1
2.6323267857093686,2.443547767601532,79.42213176582001,72.14638733380177,74.82727367885032,90.53057064141704,15.924773909439264,6,1,Weekly,Low,Always,76.44,2.76,1
2.7673790640384097,3.2274973770133597,74.07307567479486,52.53829997091377,90.45989712362339,84.2199482596887,14.761868093308786,5,0,Weekly,Medium,Often,70.53,2.74,1
3.171519234434943,3.0107787955192538,89.79287006174434,95.44843462698375,91.42197753340987,86.82373539215325,17.572676322982048,5,1,Weekly,Low,Always,84.7,3.62,1
3.2006740739922153,2.688466686714331,100.0,70.44560890652998,62.91012403410877,84.59506052068716,15.932064419806967,5,2,Daily,Medium,Often,68.4,2.84,1
3.3951265636036982,3.0601692316191005,87.09830849258691,67.66670821434464,67.10167300294947,99.5171688153063,18.0375974193369,4,2,Weekly,Low,Always,73.21,2.92,1
4.0,4.0,99.94177322366693,98.83410492666124,55.16478847975057,82.83251676589244,12.508262440806387,6,0,Weekly,Medium,Often,80.6,3.33,1
2.8938316635035704,2.84706221012257,64.14667112269807,56.36630199676156,81.13597407501085,75.36772642555162,15.468871338974342,4,0,Daily,Low,Often,69.64,2.56,1
2.521021653276928,2.3565354643297476,87.36642158940654,58.11619328952047,84.99941825185336,69.01093950639728,5.177371471544063,5,0,Rarely,Medium,Always,69.24,2.93,1
2.172408463191284,2.22041393094712,68.539475215434,58.556695126971526,54.75111543208091,82.99531349851654,12.44074177597669,4,2,Daily,Low,Always,63.71,2.62,0
2.5614419760348484,2.7119767968851116,62.84612608702148,73.98192927450778,68.17201642775761,50.711551822698986,26.126668385413147,5,0,Daily,Low,Rarely,68.92,2.77,1
2.9801238162757215,3.3153434610464596,73.90942888811446,81.47447444456397,54.79119123627976,77.78853197800746,17.550466717026048,3,0,Weekly,Low,Often,71.49,2.82,1
4.0,4.0,100.0,86.09513202176751,61.51800284634243,77.52992168094387,14.832631700935385,5,0,Weekly,High,Often,78.48,3.19,1
2.689433220578297,2.5815026268415715,99.25023743004468,100.0,83.26525590339449,63.62634975659263,30.168986210034774,3,0,Daily,High,Often,78.27,3.08,1
3.134272770983339,2.7364584651587274,88.645070830816,41.258513186988544,63.99776899982581,68.86080993612805,4.113320173591367,3,0,Rarely,Medium,Often,55.49,2.15,1
2.990146262356349,2.866106714019366,62.009491601651035,84.13103383686625,70.48761065951552,89.71589036177889,6.124355556430242,3,0,Weekly,Low,Always,76.2,3.41,1
3.71303596406885,3.7911201160437162,82.05579022918094,66.64304141141653,50.59032408079027,82.76854098889955,28.70169129021018,5,0,Daily,Low,Always,87.88,3.2,1
4.0,3.710872322136817,89.52550013352604,66.2037727666684,77.80485314586997,81.22146000448792,15.367687488391471,6,0,Weekly,Low,Often,74.29,2.66,1
2.6814787362478074,2.3943334617792944,87.63304344367897,65.70341807619184,74.33590020233027,83.67617040718427,13.05933570968165,5,2,Weekly,Low,Always,70.33,2.97,0
2.7063363344890665,2.809472698954032,57.343096247788814,61.3684549378804,64.06561124950257,81.11153105538708,5.406365399234854,4,1,Weekly,Low,Often,65.92,2.39,0
3.6264965262414433,3.611900820770308,71.64523227970193,100.0,72.16478553476288,94.91435075429978,18.581570131160095,4,1,Weekly,Medium,Always,85.94,3.04,1
3.409134893775787,3.418973992399263,84.03883353776925,87.63445990520854,77.70442320755167,81.48115018044379,19.3556789562197,6,0,Daily,Low,Often,85.1,3.61,1
4.0,3.772451399589979,93.04436364275784,75.34793967836062,62.776977766359835,62.50144263417499,6.24404511332083,6,1,Rarely,Medium,Often,71.94,3.13,1
3.350356911195578,3.2812366969338482,52.05808268350081,95.265236287305,52.85606183997331,99.56155957849292,13.877795315596574,6,0,Weekly,Low,Always,75.25,2.75,1
2.7844247455277644,2.507154802247273,82.56814036780213,52.31206552051687,100.0,84.44408320794615,12.315873343735472,3,0,Weekly,Low,Often,71.44,2.5,1
3.3543928984153855,3.6214524217528217,87.14573154818429,55.039423030036104,65.50090942934591,72.92895523045918,17.047817171350168,6,0,Weekly,Medium,Always,74.39,2.73,1
3.6652221483497445,3.9757969487668703,97.7441798277432,42.330484017079684,73.54859845219666,64.95917938045977,6.045998062234849,6,0,Weekly,High,Always,76.77,2.93,1
3.4922893087184184,2.93843295004699,95.39286376356155,64.50878189815069,90.16259602530471,84.75097065149654,25.015579636105258,6,0,Daily,High,Often,82.49,3.68,1
3.304364418664379,3.025511160606656,93.73856978213207,77.4254779005713,100.0,78.59393594030749,22.326590252780832,5,3,Daily,High,Often,82.47,3.21,0
3.6400048137534924,3.1910460372264686,73.00089239947098,76.54287866898501,56.33270325166701,98.88976143238891,12.094595530137472,4,0,Weekly,Medium,Always,80.84,3.4,1
3.7015773542674038,3.506570173945334,56.37996794315038,77.24012866589821,81.74740820589764,75.84911263199807,13.268650306893031,4,0,Weekly,Low,Often,80.39,3.36,1
3.829295394622516,3.804264003685408,79.10420864407898,53.83414753400877,64.3867157205884,69.9514305238104,13.908622797779072,6,0,Daily,Medium,Often,69.26,3.03,1
3.3892259325537855,2.9543323666442265,100.0,87.04732113921033,66.91814543134933,90.74955461883114,8.773531575947974,4,0,Weekly,High,Always,80.75,3.1,1
2.8997291518098876,2.6231712078722937,100.0,78.59441277358496,64.19681968489814,91.10338271260197,11.452564654119715,5,0,Daily,High,Always,75.77,3.03,1
3.0880282118599935,2.786841000235544,95.65823653446678,85.99581422198997,58.115175482991226,82.02381641132234,12.837837058603128,4,0,Weekly,High,Often,81.58,3.22,1
3.723905379905014,3.786085578724697,91.44011234202601,46.60856733614922,74.38062957323008,88.1162845720989,27.902946965657023,3,1,Daily,Medium,Always,79.03,3.27,1
2.5098385974076582,2.5306418985185335,90.69459472578949,79.67236288196685,52.88245969427646,79.54775455109315,22.572946466643494,5,0,Daily,High,Always,67.5,2.94,1
3.221203985323741,3.004682719322565,76.6582187985883,57.183521401237094,89.20211349767806,82.80638121211096,22.47723765869299,4,0,Daily,Medium,Often,77.29,3.53,1
2.763996712603584,2.8170429742454033,83.0490955966957,69.04015121172957,75.82504404050061,93.97989059076707,17.95940490403512,4,1,Daily,Medium,Always,85.01,3.32,1
3.0172468937608903,2.8532428683847106,100.0,83.01547347954575,81.3365245935216,87.50382000825803,6.061383928550123,5,1,Rarely,High,Always,88.78,3.58,1
3.767071117564379,3.685574584466563,70.86162991312185,76.3664040938387,68.00717082080665,77.9687067400085,14.668071163380967,4,1,Daily,Low,Often,74.48,3.15,1
3.114659440811942,3.616695067901503,100.0,62.22690030331022,69.49194098682378,96.2283505511138,22.763907676907042,4,0,Daily,High,Always,79.38,3.3,1
3.027861928893689,3.4300002444307935,80.16957768261912,75.09409734276628,79.31345857750992,51.62173552650185,4.933882965061693,6,0,Weekly,Medium,Rarely,80.65,3.57,1
2.1840863154120487,1.7942119443337694,100.0,52.026970271345355,57.53924051391262,100.0,20.092425654986116,3,0,Daily,Medium,Always,77.46,3.08,1
3.447752139616332,3.6966718649800847,63.89777485753692,92.25401093847444,69.63014348379997,59.52849086131118,33.58087380210213,5,1,Daily,Low,Rarely,82.53,3.22,1
3.387290508684645,3.630709475032123,93.78856301746974,71.92073970755624,62.10579729182319,72.47488610273246,23.494533167917854,6,1,Daily,High,Often,70.15,3.08,1
4.0,3.6555210133742144,73.94844796078567,91.7782491638299,61.641467841134784,79.50898957765916,26.3122330844959,4,0,Daily,Medium,Often,79.69,3.25,1
2.8153330590281995,3.0609663521546575,63.77099212113719,67.10202469355936,43.35242639061538,78.24223195126207,16.746710003537284,5,0,Weekly,Low,Often,61.68,2.58,1
3.1314901965983633,3.592869772122129,88.27801063616418,67.14636017390126,95.0898988422,92.07693248031866,22.74345559011992,5,1,Daily,Medium,Always,94.28,3.76,1
3.1496302102264533,2.812866768353129,100.0,63.5371982004323,64.70191870269346,67.3059605766772,9.257174285167714,3,0,Daily,High,Often,62.34,2.68,1
3.9464719678580846,3.6712211215538053,72.32587842109756,88.14260897539613,92.45064082745326,83.12920180979675,21.366910498729812,3,0,Daily,Low,Often,95.03,3.63,1
2.942822680567829,3.2481211206208798,62.51476059312398,64.35853264007287,91.03188482091439,73.06145482136296,20.235105072486107,5,0,Daily,Low,Always,73.49,2.85,1
3.1674129154622035,3.248861508709898,83.62232853497568,84.66893148622765,55.71000440225259,83.541691752049,17.319289392301304,3,0,Weekly,Medium,Always,72.5,2.37,1
3.3647379058299234,3.5301807884017804,83.68847006834228,69.26321403496064,58.673831464907316,79.22273288242548,25.528059357747985,3,3,Daily,Low,Always,82.21,3.16,0
3.111965473893815,3.214142238813964,93.22479441331748,45.3605505016257,100.0,81.11522783219573,10.689721297220892,4,0,Weekly,Medium,Often,77.9,3.3,1
2.732139831269683,2.849348607548126,99.24391857046733,66.44528898320301,100.0,73.40090201042786,13.503539868210703,3,0,Daily,High,Always,71.79,2.88,1
3.1164539957389845,2.7185123572456598,84.10877228091259,57.31337678455727,74.52722230007844,73.87923259884701,15.76369633086637,3,0,Weekly,Medium,Often,69.52,2.6,1
3.6441790499158633,3.9583743619022975,100.0,75.50854085523507,78.86059659626024,83.44727016832913,6.763112231284795,6,0,Rarely,High,Often,90.42,3.9,1
2.384090820353364,2.734967818081696,88.36352116802938,57.14388396488265,65.53730395579217,91.32458606907254,16.815455550401982,4,0,Weekly,Medium,Always,70.62,2.85,0
3.0797818044881256,3.010964581267717,79.80360240989651,88.88962651071925,81.4852907130051,72.82064798962583,1.2485566963692243,4,0,Rarely,Medium,Often,84.68,3.73,1
2.579927511036496,2.5668844260923374,60.82648961345758,73.6338620947046,64.24227148916293,69.57478946512508,23.375636275425673,5,0,Daily,Low,Often,64.87,2.77,1
3.7170279773549053,3.2576957265881887,81.06010719525749,72.33606007861891,44.51469353552423,87.36152198806204,15.373098932527727,3,0,Weekly,Low,Always,65.65,2.66,1
2.086087857129735,2.2403642839350857,79.95419581883296,84.83838206681374,55.17666320233423,79.60995328330773,10.832856768769894,6,1,Weekly,Medium,Often,71.0,3.21,0
2.664646891637047,2.8362641241512905,99.40457194422206,89.45860401113794,75.3163912177588,89.96597760783142,8.325011101639028,6,0,Daily,Medium,Always,75.11,2.93,1
3.2263271250387127,3.2076698199389195,91.93725436100281,74.69851872345522,58.033991467461185,69.13043343954622,13.123367763046499,4,0,Weekly,High,Often,74.28,2.75,1
3.9393144175406043,4.0,67.30946317551074,63.43199550676064,73.99083802629698,58.64673289491883,20.50607768617931,3,3,Daily,Low,Often,72.91,3.24,0
2.9605498433562074,2.8603266740622253,87.58381579616557,48.390455758318055,58.88008440850706,73.60395101808399,19.381911829900485,6,0,Weekly,Low,Often,63.17,2.65,1
2.666880283984081,2.8362620617521612,95.0729675759358,64.7092536444723,63.2646911624701,70.8037686888198,9.355696421772313,5,1,Weekly,Medium,Always,79.53,3.46,1
4.0,3.6941006983923654,100.0,65.74181630028058,87.79747959619787,79.0545391990364,8.231682618978926,3,0,Weekly,High,Often,80.51,3.4,1
2.131191659750254,2.1241260144879823,98.31255951121089,76.60586179488445,78.71220821460157,72.35785742875532,20.255189650557178,3,1,Daily,High,Often,79.17,3.5,1
1.6807164260279508,1.6284101486571,96.41269981467217,69.82279678292959,74.8550336802998,88.89220341603739,9.221220763079764,3,1,Weekly,High,Always,75.55,2.92,0
3.2640086700319992,3.331601046644282,85.90128991922745,85.31899458077142,88.18445959605977,76.5421968509298,15.479278192636029,6,0,Daily,Medium,Often,91.31,3.61,1
2.6987674653884333,2.587909386738426,90.82468008135174,65.80525093093966,82.20912890021022,81.80569398528681,15.990037140194216,4,1,Weekly,High,Often,68.86,2.71,1
2.387260309721572,2.3478185310200717,100.0,74.14438249720587,96.69844936877051,81.89161470129133,17.496497053813908,4,2,Weekly,High,Often,70.87,2.8,0
3.425013868379612,3.672828019812064,65.00833903780526,92.75981164795334,68.1021110652729,82.33946110894625,21.866163441454972,5,0,Daily,Low,Often,90.98,3.33,1
3.1462804282627195,3.0152511570912544,79.75841009174566,80.1273782093245,68.55547532208737,79.71045067454033,4.896296505061418,6,0,Weekly,Medium,Often,77.18,3.12,1
2.661552821557963,2.179579691336359,73.41146876865639,74.09943687467153,55.48336100412982,86.12720828492377,0.0,3,0,Weekly,Low,Always,66.61,2.82,0
2.2318173607974634,2.7566925320590894,90.68729678089186,65.97083337097234,68.5652892394137,70.45213839409031,10.460421750173186,5,1,Daily,High,Often,69.68,2.65,0
3.5234743969680866,3.9379106205752326,100.0,65.50152904927535,89.47154841453668,96.7930151198466,29.41222726265749,5,0,Daily,High,Always,88.17,3.34,1
3.3901207067751966,3.002441898243511,76.0453856991839,62.240801205720786,94.499810583932,77.16155139957758,31.177392800699028,4,0,Daily,Medium,Always,82.13,3.26,1
2.94049448173237,3.1474068233059285,49.14543448795843,66.8848970132565,89.40457752130003,64.26141034521582,29.6494170845271,3,0,Daily,Low,Often,64.8,2.75,0
4.0,3.8491075688345973,78.81668882463295,86.33498758116473,48.08712200175846,82.25688028390128,13.456149057914484,3,0,Weekly,Medium,Often,81.39,3.04,1
2.3579491402043087,2.4369953048036264,98.7021059802611,71.67167593061598,91.24717818991101,69.78583421063018,0.7430793441213694,6,0,Rarely,High,Always,77.86,3.58,1
2.0846848974451566,2.172952136149205,93.0644485442482,54.753403959281535,47.42222065091894,87.9840144141065,0.0,6,0,Weekly,Medium,Always,66.94,2.42,1
2.5848551580712535,2.514532817976357,91.42279371715864,100.0,88.47175986183521,100.0,10.087694707604712,6,1,Daily,High,Always,86.22,3.33,1
2.972648390186701,2.737518690510782,80.8001004718828,79.79947786717744,69.48323210143417,70.56113490130579,13.415410958805118,5,0,Weekly,Medium,Often,72.96,3.15,1
3.146003669593615,2.9388413538987375,65.8145389567032,53.89584899230246,85.53799970900783,83.98846799868782,25.40500320844767,3,0,Daily,Low,Always,79.18,3.36,1
2.8552583652862022,2.5804007906418294,92.72941482436701,68.37226609138764,55.013274781581515,58.93393293554447,21.942443676339565,4,0,Daily,High,Rarely,71.24,3.03,1
3.211233237908578,2.961686575439445,72.48577284948063,76.66329574242627,92.5675144905922,85.44686275329617,16.819240631932963,5,0,Weekly,Medium,Always,87.96,3.38,1
2.2490763454857334,2.2289228584709266,100.0,100.0,53.025378808426666,69.37143440240372,7.881241832470867,5,0,Rarely,High,Always,65.84,2.53,1
3.8662587624439557,3.65153076571073,93.55760812531774,58.378313126116964,64.97317633720233,72.50198457878622,7.313763534040878,4,0,Rarely,High,Often,77.13,2.91,1
2.9507092929644587,3.1553249126782448,76.29027546169074,89.6406107903392,60.028580583464475,66.78456212192206,17.033021496571482,4,0,Weekly,Medium,Often,71.34,2.79,1
3.6703774989528766,4.0,75.82922128917058,95.99229640458515,48.68572720766252,88.78581471265683,20.576407830717812,6,0,Daily,Medium,Always,84.18,3.44,1
3.2056352078266226,3.0316192354156097,83.60583690079618,65.57018542388144,76.41791351382703,92.08765228967916,18.135050097964676,4,0,Daily,Low,Always,84.48,3.21,1
3.2740519314922705,3.345873281652884,81.40747116967376,70.8372957170965,100.0,80.28062257590209,6.723216323146762,4,0,Rarely,Medium,Often,74.04,2.61,1
3.341860368139322,3.4917659012302025,100.0,59.455361289393444,100.0,69.62687953597137,20.205341030336687,4,3,Daily,High,Often,90.87,3.87,1
3.268625136010389,3.4102258172861712,87.7962425461607,71.94808288379542,76.45733680629371,99.07427643324635,18.40728773681129,4,0,Weekly,Low,Always,88.7,3.51,1
3.3856336559205262,3.4084202362953526,74.02552391637208,74.45115038485604,91.75021912601284,70.99507846694412,6.434668750478574,6,1,Rarely,Medium,Often,78.9,3.31,1
3.797491518079459,4.0,100.0,84.89474997123556,78.48141956892806,54.055612400870736,8.725432237597953,5,1,Weekly,Medium,Rarely,75.89,2.97,1
3.117912701820882,3.262587387625079,85.73962497280334,91.3527520653067,82.48324792152319,85.50066811948481,20.507967796492533,3,0,Daily,Medium,Always,84.69,3.5,1
3.4254022545531075,3.054103527854918,96.53259513953346,63.7785590306753,69.86777023309142,66.74270391630179,13.123939718832872,3,1,Weekly,High,Always,70.36,3.28,0
2.946158583427664,3.206905402744446,75.8766023883286,45.490124036610084,77.92615388133903,91.8633055219901,27.713178413091658,5,0,Daily,Medium,Always,68.23,2.5,1
3.864070329269684,4.0,90.44673441616786,74.68132831085637,83.06218056909643,75.42634763991897,19.00903420851661,3,0,Weekly,High,Often,89.05,3.41,1
2.594164618764438,2.3651787875108634,89.66664986714792,79.40306294952961,66.32310406685502,87.24455888653036,11.106950494485847,3,0,Weekly,Medium,Always,72.72,2.73,1
4.0,4.0,56.655260618557705,78.74126531527563,73.83758550160518,96.8180041586259,14.918355196872538,5,1,Weekly,Low,Always,80.73,3.65,1
2.975905229613394,3.180903927456715,100.0,70.09990128736435,74.12354821503767,65.49369362455134,15.507067141101745,3,0,Weekly,High,Always,75.12,3.0,1
2.1415349387291713,2.078740792855363,100.0,76.87128149495902,87.39604975995788,73.20875442929113,9.17287749406632,3,1,Weekly,Medium,Always,73.13,3.1,1
3.0768626489464737,3.398756063276277,79.04207025781018,97.73167212528371,59.00951742558479,79.09194712811524,7.699294414578987,5,0,Weekly,Low,Often,82.14,2.76,1
2.5913690055150713,3.3005307539008797,68.46595389316217,80.72601253443764,74.22686687088523,98.45061582841213,20.611119150475993,3,1,Daily,Low,Always,78.79,3.23,1
3.5043861293932346,3.26859031960274,90.21342420705328,69.39947362495374,100.0,72.09940738471465,21.762186376336764,4,0,Daily,High,Often,86.09,3.37,1
2.608425612418565,2.194112231472433,86.30046549121595,67.49703274356007,92.46090228878906,72.86595564861192,19.83025175642367,5,0,Daily,Medium,Often,70.22,3.09,1
2.7322899400711322,2.823435518752595,90.33503422844844,72.45221463483404,95.23768573333058,85.7376869066697,27.122544754590415,6,0,Daily,Medium,Always,82.5,3.43,1
1.8662755614326814,2.0827443129705245,87.87366094291134,99.5510994274596,75.36647760267051,73.07325529147315,10.665814111907185,3,0,Weekly,Low,Always,70.0,2.72,1
2.728616208450554,2.659356296297123,92.5936148395889,72.25048935710704,79.81496345529035,81.8303105947714,28.39416612856904,6,0,Daily,High,Often,84.62,3.7,1
1.545672404022626,1.9816506030189363,100.0,74.70308483218938,90.03354250054387,61.38155094838248,7.792631051566778,3,2,Weekly,Medium,Often,77.55,3.44,0
2.049658305908566,1.6480765659915915,93.52154807692969,67.76529643595545,98.40383294296396,100.0,6.898515493052058,4,0,Rarely,High,Always,78.93,3.46,1
3.4562487936865782,3.6641243805960615,69.25516751635088,91.48475036162947,45.7259563067567,63.82748923628716,0.9203289428059982,5,2,Weekly,Low,Often,72.24,3.04,0
3.471480095190499,3.2897218489628313,100.0,100.0,55.26838039425232,76.1389675521175,11.433637489385465,6,0,Weekly,High,Always,82.07,3.23,1
3.255274537070979,3.771087908933168,100.0,81.75919574147082,94.64166152103972,79.61022756989486,10.97022130536437,5,1,Weekly,High,Always,78.8,3.2,1
2.419814314122472,3.0175689200729074,100.0,76.24159355678138,70.84665966346795,100.0,19.207498242037204,6,0,Weekly,Medium,Always,76.84,2.99,1
2.9713731863148123,2.741376209979808,68.14758950140603,75.55174249761352,64.92418816112884,64.10185062880711,16.951127532963607,3,0,Daily,Low,Often,72.52,2.95,1
2.997838476545659,2.832971335773085,88.64323019725413,39.23539816821381,56.18758519506594,100.0,5.4562130318469055,4,1,Rarely,Low,Always,65.89,2.52,0
2.3049811864844747,2.562857552578415,53.76851945216519,86.17726296427226,66.67474947683836,89.08612185322427,11.85819009259346,6,0,Weekly,Low,Always,65.82,2.6,0
3.9020389810602905,3.7858997861234363,93.29723734568813,77.01249623993765,53.96446074864263,85.00514389307895,12.028303831298516,6,0,Weekly,Medium,Always,72.65,3.33,1
3.526417374345403,3.5127940089657317,76.77699552749841,81.42513075991087,100.0,68.18439575578454,0.7921420243048587,4,0,Weekly,Medium,Often,81.41,3.32,1
2.8674214957022017,2.875038021864925,100.0,64.32806708874443,74.6634592202914,86.85369490445689,7.152426183893044,4,0,Weekly,Medium,Always,79.83,3.11,1
3.0161315033967186,2.440229556537422,73.38077544972127,69.23314681534363,74.13074187355923,71.3181605309624,8.833490955087285,4,0,Weekly,Medium,Often,60.0,2.18,0
3.1250296847685313,3.12087836094026,59.662254430491075,68.8346259524524,83.82115012751747,95.19993503838094,26.46900015856757,4,1,Daily,Low,Always,79.43,3.16,0
1.7749590789454257,1.5680407467261734,77.9310438894622,90.32434476109559,89.43517753899854,68.3472556507072,16.53160572765882,4,0,Daily,Medium,Often,74.44,3.13,0
2.851693570487642,2.7037567237677105,55.36768343174294,69.3186024509536,89.18832234831959,78.642098066527,20.297350031579995,5,0,Daily,Low,Always,69.4,2.8,1
2.590809451201321,3.023899052241965,96.26649181760965,100.0,91.10432915861358,73.33672294384195,3.0109160228063043,3,0,Rarely,High,Always,89.69,3.58,1
2.399027994063051,2.0220759257792738,54.02375430615519,81.46293628522557,65.53731673813715,68.14972445087606,24.553715864111936,3,0,Daily,Low,Always,65.23,2.69,0
2.831339824268427,3.0753013802928204,85.42686371774738,55.864760100064025,70.53199792564708,88.89583780289497,25.408816504192743,6,0,Daily,Medium,Always,67.01,2.76,1
4.0,3.9163111209004575,53.832822702157046,73.07180560122065,86.53547483163413,86.4255049689156,0.0,4,1,Rarely,Low,Always,75.22,3.15,1
3.3845057167602057,3.3005776662114554,80.19553293195037,65.22487316765377,67.0891640754057,94.50812238681196,9.357466208673214,5,1,Daily,Low,Always,82.51,3.45,1
2.657292606130322,2.8944041749458354,100.0,42.08426295269964,74.92340051959162,58.64149870150199,18.96612458412408,5,0,Weekly,High,Rarely,65.03,2.58,0
3.343549668813695,3.445565057184362,90.40971837153693,98.99206410170684,80.98145646637221,92.77004842809252,20.15510762830546,6,1,Daily,Medium,Always,85.04,3.37,1
3.8396132619516012,4.0,72.047595925526,85.54713813330005,86.77777623465565,100.0,9.572042156102226,4,0,Daily,Medium,Always,90.27,3.61,1
3.554780209747661,3.8452356079075196,84.53194766591373,82.99810976848968,48.33478556444698,74.58030692987664,12.556004295570776,3,1,Weekly,Medium,Often,78.62,3.26,1
3.0357782219521043,2.9363857069971075,85.2702530806667,77.48105490449556,85.72118474833418,100.0,10.220951511638857,4,0,Weekly,Low,Always,81.73,3.49,1
2.6118379333766555,2.4281669130243304,92.08945518765108,54.269736469613434,71.49413913222412,76.84206473528208,15.883344375568957,5,0,Weekly,High,Often,71.18,2.78,0
3.418933988168154,3.093388830200815,64.4971245507876,67.74574290666845,85.61186566296571,63.53108314926432,24.577428251695302,4,0,Daily,Low,Often,69.08,2.73,1
3.2360912312530496,2.988468072259363,93.88850910770996,87.6267116217602,86.65397538532243,76.33241069111845,8.831662742870364,3,0,Weekly,High,Often,77.96,2.96,1
3.5371159320166394,4.0,44.43412552595837,59.23169955326246,99.11872591678737,92.5784476121033,23.006563982147313,3,0,Daily,Low,Always,83.1,3.02,1
3.3811030810091816,3.7545069552302177,75.55173171454284,37.023460256237804,95.30180471431805,69.94188221202162,8.7466234212249,6,0,Weekly,Low,Always,64.56,2.33,1
3.629731629191601,3.2244093193291947,77.67589236322684,71.5934098832861,95.19857493915444,72.79593609192216,8.218982300024926,5,0,Weekly,Medium,Often,84.23,3.17,1
2.678858873063659,2.2821214860405883,94.49990239106857,72.87363668958692,96.65505478749357,87.1224731875183,21.548756946745705,4,0,Daily,High,Always,86.18,3.31,1
3.7904364393805956,3.934996257896143,85.33946279015304,77.03345124622064,79.37068477223919,80.03672140086287,22.375491024060935,4,0,Daily,Medium,Always,78.4,3.23,1
3.11855976281544,3.28273920202883,63.9165541921557,85.92777965271804,75.48277630555259,87.01547542984089,21.811279494101235,6,0,Daily,Low,Always,87.95,3.3,1
4.0,4.0,70.22510311274478,84.56408718346813,88.09225624767501,82.85395448910003,4.473620734254871,6,0,Weekly,Low,Often,83.12,3.33,1
2.5864873091462592,2.51000057108015,87.9802001432111,78.88154707865883,85.98121427149533,85.75550383461888,11.272392175423594,6,0,Weekly,Medium,Always,84.69,3.56,1
4.0,3.96236372199913,83.81398987203166,92.93297082130064,70.36400644892609,74.8123857702855,21.583908736026572,5,0,Daily,Medium,Often,86.12,3.28,1
3.1187464700775887,3.217110327325396,76.31313835546379,52.21545328780028,81.07235113212403,82.7807713043647,15.332334724511156,4,2,Weekly,Medium,Often,71.48,2.76,0
2.609149197831331,2.63491709971933,77.78749315732031,82.56872721716086,74.47355299823109,68.8715239316488,6.4104572304202865,6,2,Weekly,Medium,Often,70.31,2.55,0
2.709668499567407,2.043878387743147,95.44251995738934,84.39807545005414,62.19100637309916,95.46120347004066,18.666543513003532,5,0,Daily,High,Always,65.54,2.43,1
2.8077916150834077,2.7388517259108496,77.23461140696178,56.40656570879641,94.35691112064525,72.38870339819223,9.281541928068238,4,0,Weekly,Low,Often,74.5,3.25,1
3.2544995678411497,2.9990776375630555,83.6786313395639,52.45694086976416,75.82798863795134,93.54616985059268,29.356198787137693,3,0,Daily,Low,Always,73.08,3.02,1
3.3137012928212997,3.3662647184938534,100.0,63.810868102865975,100.0,77.19671646820562,27.35873169934607,6,2,Daily,High,Always,88.49,3.97,1
2.6557799976368526,3.5513576984178754,63.64476044674115,65.07687836227062,50.61761594700251,82.42398812908786,19.832779410844537,5,0,Weekly,Low,Often,79.99,3.05,1
2.98538724464341,3.0956317442857015,57.22235902638012,86.30129195253646,66.6483184073495,74.06042538931159,25.88805363815819,4,0,Daily,Low,Always,72.74,3.21,1
4.0,3.9059410941482806,96.7538449719791,65.78191824463357,75.48958255036307,67.80805482598365,15.518330800987048,4,0,Weekly,Medium,Always,75.29,2.87,1
4.0,4.0,74.82035408058844,62.15477222578194,92.06071646443371,59.062875348736384,21.123499955000128,6,0,Daily,Medium,Rarely,81.65,3.17,1
3.261794201804419,3.4066005679671827,80.22643708386069,65.82549394958161,80.99204058903278,67.33611009689048,26.8217623624166,6,0,Daily,Medium,Always,74.17,3.51,1
3.0228020869009202,3.148830434036473,73.28265432803329,91.77948501231317,79.65709131271127,76.11309376140895,16.9639894543545,4,0,Weekly,Medium,Often,86.83,3.31,1
3.0720187960309566,3.254073973995658,81.10299788848731,75.19565061565429,58.091043111687796,82.5425501459466,12.95850262788573,5,0,Daily,Medium,Always,71.59,3.18,1
3.36811078363825,3.9850738530871124,100.0,72.31123461964631,57.64587904155793,92.12455175939917,1.3630243345830735,3,0,Weekly,Medium,Always,87.54,3.5,1
2.3863244608809566,2.0470579302831817,97.0319268792718,73.34991751948422,79.83756990434857,74.65091048243781,14.334931794228048,4,0,Daily,High,Often,71.37,2.64,1
2.845574077545993,2.987663700589429,97.93335267830466,94.38090501489783,54.538410092724625,69.4164708287939,21.58738547649849,5,0,Daily,High,Often,81.26,2.96,1
1.998849555673446,1.7209352166789844,63.756594163110314,63.76242410095137,67.02183374566008,62.68742256796745,22.565067420541038,6,0,Daily,Low,Often,66.12,2.67,0
3.2395338735631674,3.406187667465842,67.73269395170696,94.73262436410155,82.51375993628787,85.76076341484925,19.034920525747278,4,1,Weekly,Low,Always,86.77,3.25,0
3.3883175638216447,3.1127116103758166,42.41382010771859,78.15744448382256,60.26513591584836,96.59833418395212,10.669607240302081,6,0,Weekly,Low,Always,77.31,3.03,1
2.7100881226203755,2.5848780785388503,72.8592876837587,72.59370927036979,99.08033943542709,95.19596321547546,0.0,3,0,Rarely,Low,Always,68.62,2.36,1
3.9443920579740195,3.8558650837026476,99.35054779578488,100.0,93.35904516356835,88.51919297776685,11.038279215962119,6,0,Daily,Medium,Always,91.06,3.71,1
2.264540602198595,2.557285618002008,92.75419773622556,59.165407653021056,51.4287000249255,87.66251980721118,12.56524103156839,3,0,Weekly,Medium,Always,69.57,2.47,0
2.121375071874108,2.3969114050568323,81.67730105571815,69.69471360649491,61.01443135227019,100.0,12.496568262479887,6,0,Weekly,Medium,Always,69.48,2.77,1
3.134671091135983,2.760955878202068,84.6654957442292,56.51353141254,40.71334133257575,83.98497753700173,19.948450855823396,6,0,Weekly,Low,Often,72.38,2.62,0
3.6282589815672925,3.644739214867247,74.66671686136891,89.28692955804254,63.261129561778,87.75355611229006,30.885411288118718,3,0,Daily,Medium,Always,82.4,3.54,1
4.0,3.787126043575248,88.07138323602676,100.0,86.49582714858599,76.15059365777601,15.988233614728744,6,0,Weekly,Medium,Always,84.73,2.97,1
2.724669442278636,2.3471179690760358,96.48817419220923,100.0,68.79157586587715,63.65547954974291,13.266145686748306,5,0,Weekly,Medium,Always,81.61,3.21,0
3.6472085000587775,3.5821033849314663,60.76169818884291,93.35923129719006,81.91195865423951,71.79381319400508,12.926225495967257,6,0,Weekly,Low,Always,74.37,3.09,1
2.9768949182995756,2.88435008176283,89.49471531756022,72.03569298306051,52.16498522577384,79.89009153758414,15.995078135261714,4,0,Daily,Low,Often,67.87,2.79,1
2.8964236200355082,3.624438565939165,98.98652306432001,69.5213853376523,86.96962881872858,80.72942447001563,8.37364991721281,6,0,Daily,Medium,Often,83.76,3.1,1
3.5301959624920034,3.6600839101002123,78.77349566554946,49.93245341258903,66.67336158107476,100.0,15.96158846996844,5,0,Daily,Medium,Always,82.51,2.95,1
3.391393727048052,2.978108476821781,95.51050918180876,100.0,75.18254523424358,80.97532601109282,18.606498690654398,4,0,Weekly,Medium,Often,86.22,3.61,1
2.0541647058094505,1.8847325045581678,100.0,82.03467117222702,73.60688247910421,94.14612132830773,16.677488508595903,5,0,Weekly,Medium,Always,70.06,2.78,1
3.8859242098355375,4.0,83.43485810519662,67.62064642695775,55.92677218661574,74.77907310108421,18.66033547203825,4,0,Daily,Medium,Often,79.92,2.98,1
3.828054812488471,4.0,90.89960575007986,94.92085333480452,57.70373502390326,76.25988937081719,18.469980874788284,6,0,Weekly,High,Often,82.0,3.44,1
2.6246623790942825,2.148867385422895,73.92914374507913,60.40853224859999,89.51691703505139,64.05190835331862,0.8248265420284504,5,1,Rarely,Low,Often,68.94,2.65,0
3.2374821200624453,2.6735048045207317,87.71876743903076,81.0993305133401,80.98488236252544,71.09206384548114,20.094961267163225,6,1,Daily,Medium,Often,75.29,2.88,1
3.2964181117696434,3.857707664381178,91.90407437473456,72.41056298563748,90.7507356233014,86.32377669636503,9.631881234700371,4,0,Weekly,Medium,Always,89.7,3.41,1
3.1564042594943444,3.2732885127056157,87.92263510405208,84.58015709820451,79.86987353253778,80.0907221647296,6.233286695968337,5,0,Rarely,Medium,Often,77.86,2.96,1
2.669816907692748,2.409329088129838,69.70457020436714,74.04639691220818,77.14485952213825,91.3152634387668,6.1643853771600305,3,0,Rarely,Low,Always,68.64,2.59,1
2.597025979237169,2.7574147050738995,88.09542656988177,53.23608163333164,49.1098407199985,82.1750473801406,18.468332883780235,5,0,Weekly,Low,Often,58.22,2.39,0
2.9846675574051327,2.193943235700069,100.0,76.13364559005056,70.94449954858246,75.77055522034709,13.219400582201176,6,1,Weekly,Medium,Often,70.14,3.12,1
3.703637411555619,3.7046500635347672,91.7295364677179,90.73296212813042,74.58923519394384,100.0,1.544249728116716,3,1,Rarely,High,Always,87.35,3.21,1
3.3261600927566595,3.424506444609585,99.42980783607761,74.56175391219023,100.0,78.87315717544344,18.824302521538268,3,2,Weekly,Medium,Always,85.72,3.36,1
2.7776314007483363,3.054912442609685,81.44482044981058,86.6267268238363,85.30434948148016,93.95601163646364,3.483134953609383,4,0,Weekly,Medium,Always,84.49,3.35,1
3.4630192263890067,3.1588504407012454,96.24850359135566,59.3170577148892,98.04091772564293,75.18548952146386,16.11857086814569,3,0,Weekly,High,Often,84.25,3.46,1
1.2908744276219548,1.3165805760429625,89.1890175732479,74.60608810095222,83.96306558842092,88.5151937526028,16.907991405384433,3,1,Weekly,Medium,Always,72.44,3.1,0
3.6892594202232623,3.411632032405386,70.73633905469153,65.63234317367134,64.33045159575781,91.13618790982024,22.08461665356036,4,0,Daily,Medium,Always,76.71,3.04,1
1.9561717327331403,2.0327868594354355,89.77781507198311,86.20471260157065,76.75686324224777,82.50190364690697,29.25347829173481,5,1,Daily,Low,Always,84.61,3.26,0
2.782535435158121,2.5139315384492136,70.12455004839535,75.47237343392993,78.5433546939635,51.746204927640775,4.082589392795667,6,0,Rarely,Low,Rarely,66.06,2.76,1
2.3281980632243138,2.205767811476248,75.50679587672812,85.35110514504919,60.912666453439776,80.21902953027336,14.580209151495605,5,0,Weekly,Medium,Always,67.17,2.36,1
2.2231911145674568,1.924446496130388,87.8399246093856,91.31565639236798,69.23418935110618,94.7655205731197,12.789317639646262,3,0,Weekly,Medium,Always,74.91,2.57,1
3.6964960724271116,3.8918369449742087,89.45866410070187,85.37427862682082,71.91349509484242,86.32976999633277,18.4699974876877,6,0,Weekly,Medium,Always,75.32,3.53,1
2.7193792792128653,2.976914614209865,67.16151302384306,79.09677651440467,99.08429748847678,85.35006650275096,16.72535016746895,5,0,Daily,Low,Always,75.33,2.85,1
3.2079023290384296,3.1375161580512057,100.0,60.026816122328924,43.788892119135326,59.33291679250977,12.179630058107039,6,0,Weekly,High,Rarely,58.11,2.24,1
2.9718476526724897,2.9833190511604983,93.5800941745071,74.95820833999647,93.08727631074065,71.35453915189929,11.472782491113156,3,0,Daily,Medium,Often,79.98,3.31,1
3.286224496333873,2.85164707194381,74.42907346583674,67.0036439697625,60.94807147560926,84.93629157381727,6.068393158527618,5,0,Weekly,Low,Often,75.57,3.09,1
3.0460931346361533,2.956190140234117,61.93622805326237,69.8390406494366,54.41881219095579,84.9245993214427,22.902892659252075,6,0,Daily,Low,Always,66.56,2.84,0
2.230204665486858,2.2151432803743347,82.82643131377853,69.38198773874623,92.69913195057696,94.57600136159483,18.673633452796235,6,0,Weekly,Low,Always,72.88,3.1,1
3.597760091668284,4.0,78.31084429208259,60.30111637826633,85.97847103851572,78.26159893824686,22.3421455823611,5,1,Daily,Medium,Often,84.56,3.09,1
2.7037460501032125,2.3701559423709635,86.69710685579534,45.639921162990156,93.81778053571784,84.86988904008577,12.51683090819589,5,0,Daily,Medium,Often,67.56,2.96,1
2.0660508608041495,2.5053040324298808,79.55325008266651,64.9778542750835,87.01052921318364,80.19649090317553,9.745316250444557,3,0,Weekly,Low,Always,73.03,3.02,1
2.7431309034204525,3.0421885354601947,54.88814708882485,77.90069177886238,100.0,68.15668716198132,6.373479466966177,4,3,Rarely,Low,Often,76.54,3.14,0
3.9004558743805866,3.9846467957276275,79.17479592548263,54.777344318587645,83.38085755416728,52.930504026863034,17.871340669925274,6,2,Weekly,Low,Rarely,68.62,2.83,0
3.5101330452680957,4.0,80.4157133339753,75.23523354707436,72.65283935815262,85.17211630556092,6.681654203774123,5,0,Weekly,Low,Always,76.7,2.62,1
2.7908087193552844,2.9024403611373435,94.50491537161088,100.0,80.14389565982013,82.08736650095373,29.7893045517324,5,1,Daily,Medium,Often,85.55,3.38,1
2.790445377408943,2.9071931361093215,74.52700488083426,90.34584832878359,93.65203692518945,72.58189949479797,4.538859351252476,5,0,Rarely,Low,Often,70.01,2.61,1
2.8070189692695706,2.791082773364307,100.0,99.65312263680794,63.30937012109825,60.569923321809625,17.189280953700013,6,0,Weekly,Medium,Often,81.35,3.03,1
4.0,4.0,56.325391740223644,80.8669181539909,65.22167126202929,87.55687417290486,27.53483765771029,3,0,Daily,Low,Always,84.47,3.28,1
3.229161271338932,3.558102041482197,100.0,92.51264734479669,70.36559978103139,76.80895910965337,19.79271807411047,4,0,Weekly,Medium,Often,86.19,3.61,1
3.258024988314642,3.070321802065778,81.63521543682843,64.14052904298319,43.43125801852002,86.68249666841774,16.405389699934233,6,1,Weekly,Low,Always,77.56,3.16,1
3.6181700724191055,3.2223959140394753,97.89377308515334,65.33489599467023,77.0711761262632,100.0,7.252130824304835,3,1,Weekly,High,Always,78.83,3.24,1
3.143273495415908,3.082379304197211,86.197022260881,33.912896907937906,46.70806944073461,54.30282943616354,3.9458464914583686,6,3,Rarely,Medium,Often,58.56,2.25,0
2.844574712507578,2.604563143188284,100.0,92.79218211063449,75.79588969398928,71.60479029557163,21.160400871340688,6,1,Daily,High,Always,83.57,3.42,1
2.882190090549013,2.863132718164407,79.18957053170783,98.1048596972983,87.97934634202875,77.48749264025705,27.049177926199572,5,0,Daily,Low,Often,80.83,3.19,1
2.9570392443515616,3.3282706847568035,68.52069362233281,66.70234131979096,67.84685309034246,97.45791408975981,11.489200076174628,3,0,Weekly,Low,Always,81.34,3.44,1
2.977666658094095,2.840476161568058,100.0,71.19072440404148,100.0,60.36316376952218,5.887507939069192,5,3,Weekly,High,Often,75.89,3.17,0
3.436577726182188,3.4237307117887155,83.29779031176788,63.692068294635575,53.092486508722686,100.0,0.0,5,1,Weekly,Medium,Always,78.37,3.17,1
3.0311675314843796,3.048574351926898,88.32337710436316,80.73980327216238,92.86891022447749,81.63027081879548,7.1538812506996985,3,1,Rarely,Medium,Always,73.86,2.79,1
3.4395840463293474,3.6941133109909328,100.0,91.87398817954862,85.12705584610381,78.8479920591937,14.090745260007678,5,2,Daily,Medium,Always,88.34,3.59,1
2.9515700519348504,2.2775032517394687,69.52067136858348,48.858420391784385,49.25950127533967,77.62328284137313,27.792985926693873,5,0,Daily,Low,Always,60.2,2.46,0
3.0471811141896543,2.8651710257600653,93.93236346458886,81.14157795963378,100.0,74.76484361383966,20.38506953786375,4,1,Daily,High,Often,78.47,3.16,1
1.8010795892807354,1.8644646969645773,76.15157865305663,70.84992342421282,74.04382071744051,92.57740111122986,17.440683237654024,3,1,Weekly,Medium,Always,78.62,3.05,0
3.549796604821489,3.9098202917495475,83.01745966533443,76.70091587950034,61.837739667665524,67.17775095101074,11.799042709590953,3,2,Daily,Medium,Always,77.22,2.96,1
3.2078930855387955,3.060322351286934,86.08418448076434,81.88491002511437,53.893692078239745,84.14497017972624,10.33467426195235,5,0,Weekly,Low,Always,68.28,2.8,1
3.598806065915791,3.035840254103229,62.49667207829596,72.17696341840768,71.69972958510489,75.38982001151629,26.24518078006371,5,0,Daily,Low,Often,71.19,2.68,0
1.2622467730837865,1.4481602068736275,73.31744435769347,73.4461971989133,73.08889691415061,70.85439861783082,16.605908326067116,3,0,Weekly,Medium,Often,69.75,2.74,0
4.0,3.809391283352311,100.0,71.79187248668042,76.53968292809496,100.0,0.0,3,0,Rarely,High,Always,79.21,3.29,1
2.9162462231068957,2.5593462253797874,98.29286782877193,89.55474302682423,70.53305765664061,85.02860881704152,9.611682816822057,6,0,Weekly,High,Always,74.66,3.07,1
3.66490969004251,3.477606073128543,84.06040634009148,81.28139940191245,84.49837965172641,87.35918653593373,8.134271745826986,3,0,Daily,Medium,Always,81.36,3.02,1
2.3760564437246816,2.3206988364279266,88.6468518776934,78.30875306606042,69.18555251005131,93.65332136802395,10.629887926580281,6,0,Daily,Medium,Always,78.06,3.18,1
3.367664343037542,3.186240943676078,80.58636241545314,55.93572418361576,45.97553824139293,62.94380065617743,19.503285282280682,5,0,Daily,Low,Often,61.75,2.88,0
2.367950662095806,1.7062808449660856,100.0,69.32130385180268,72.75957756525538,100.0,14.140440945646004,4,0,Weekly,High,Always,76.56,3.2,1
2.625738623582517,2.8948584826486563,81.99471133308754,88.48003740508761,39.48783519940083,49.89251385805909,14.385076743970703,4,0,Weekly,Low,Rarely,67.85,2.66,1
4.0,4.0,88.47763138202272,75.56544859685884,80.30655946337085,70.77480307953775,25.507785290601895,6,0,Daily,Medium,Always,84.25,3.63,1
2.885590559541992,3.0810471569438436,100.0,84.89297204383708,60.31049654576047,74.4916199218532,9.428311281706492,5,0,Weekly,High,Always,65.44,3.06,1
3.130459723907834,2.789154022780389,73.3394277273114,100.0,77.450405323737,86.98068037964607,29.9135962070988,5,0,Daily,Low,Always,85.02,3.57,1
3.522040638413252,3.4615931782289966,100.0,90.57909103813225,94.71112472286906,82.62461919369785,9.629539269031312,5,0,Daily,Medium,Always,86.36,3.11,1
3.297409132783563,3.2954527382147254,62.043078853849345,76.39737506549613,60.76876957098,77.99822311161928,15.713585572900572,3,0,Weekly,Low,Always,74.69,3.11,1
3.0902513430861456,3.2698896599547185,100.0,67.33516244706409,90.91884387768177,79.85603186446731,12.750371236777863,5,0,Weekly,High,Often,77.07,3.35,1
3.218976601479735,3.4194787480951594,79.40986624072038,36.69675605916153,68.49915649970771,68.26372371772918,15.987353068007689,3,1,Weekly,Medium,Often,63.45,2.13,1
4.0,3.7797478603664514,81.35951878262077,72.47422616290721,100.0,62.03321126618992,18.556735960585033,6,0,Weekly,Low,Always,83.0,3.51,1
2.965428721779849,2.990027388703917,56.649847432255854,70.10981256274727,69.5227108020268,88.71813946803272,18.470681920711016,4,0,Daily,Low,Always,80.07,3.16,1
3.1206594280289806,3.2578435494135527,78.17807923933461,80.85549291593064,62.39260521739963,88.32447335043422,8.975061355035361,6,1,Daily,Low,Always,70.43,3.08,1
3.630392637604567,4.0,69.40290203459674,72.69142159537968,85.30857675592932,99.01393250188471,6.016682580419435,5,0,Rarely,Low,Always,84.95,3.38,1
3.6633155597747904,3.8746675217222073,75.88530481939792,70.19422410844808,68.46315405564546,70.5197948382175,35.025374327245686,5,2,Daily,Medium,Often,85.78,3.5,1
3.712218183336228,3.948935189548884,82.9403355131668,48.30901604239169,62.37825728806487,88.31378252361107,11.128125283195576,6,1,Weekly,Low,Always,76.98,3.15,1
3.3832381332175108,3.408386121596319,99.36687421709358,60.900482562749005,67.83240223944313,76.59551925962322,20.59369950937589,3,0,Daily,High,Often,82.55,3.44,1
2.3141970523617097,2.7373347959227607,88.11405027100939,82.14976561200837,74.33090201725499,94.28569982232179,2.1388695158144255,3,0,Weekly,Medium,Always,75.16,3.1,1
3.9800589193806575,4.0,89.61514980101671,100.0,95.1327019686728,92.2635533201377,12.763098240762586,3,0,Daily,Medium,Always,99.9,3.82,1
2.3121927641887874,2.053866391136716,68.56720916731656,73.53711924381565,45.988683818106345,82.53451279069348,13.982404928140456,4,0,Weekly,Low,Often,61.52,2.41,0
3.18158127914342,3.602592270180977,71.78868865595905,79.91716610361185,75.34620988425631,75.92563812000816,18.78252055942266,4,0,Weekly,Medium,Often,79.28,3.17,1
2.5474344899883854,2.7568054717500936,100.0,89.28717235429208,84.37355391981065,91.53118614329914,0.0,5,0,Weekly,High,Always,79.56,3.43,1
2.9615169920442046,2.82860378570566,73.9719844785513,62.836590956996254,77.90172862487694,87.76285427907878,16.329124904626646,6,1,Weekly,Medium,Always,71.14,2.94,1
3.1972574461820886,3.0534095559623156,100.0,80.50221064928164,94.64797754150301,71.7867151749658,5.802068357056857,6,0,Rarely,High,Often,71.5,2.73,1
3.192814329270164,3.281786992812392,81.354082016787,63.89264840501762,73.88482005362214,64.06641591824683,17.59476568955939,5,0,Weekly,Medium,Often,62.14,2.3,1
3.253152452541171,3.392107891121446,85.03431904215256,87.97236657736518,72.23172836721083,76.53760519181844,6.7093664252946965,3,0,Rarely,Medium,Often,85.08,3.53,1
3.9682267614351883,4.0,100.0,77.27104571927599,83.88494320520014,98.1849657841785,8.156138432595348,4,0,Daily,High,Always,79.17,3.07,1
3.2721205809083878,3.3655131829412532,100.0,79.47677720972159,76.48970722427025,93.75784590479645,12.810979116853854,6,0,Weekly,Medium,Always,85.74,3.58,1
2.8535060188256107,3.363493231198525,83.33781159581369,63.26102103872116,69.14386892579293,66.65207036395303,6.581364243174438,5,0,Rarely,Medium,Always,63.66,2.54,1
3.5784523009730145,3.8999152466434803,79.17635419717692,85.60548539416178,82.74216059379569,65.98691100920095,11.195724426117161,3,0,Weekly,Low,Always,76.38,3.35,1
3.7136822933547844,3.770872970734292,84.1611932721668,100.0,65.21207560175033,95.29620619615383,5.452993851653478,3,2,Rarely,Medium,Always,89.83,3.45,1
2.2634353109178047,2.54582848514805,90.06936292348178,59.88132456857691,65.8323427197101,66.37236914290605,0.33463638641018,4,0,Rarely,High,Always,65.24,2.9,1
3.358440041909915,3.0486828708516533,98.36955530304633,69.90361488528714,67.0800896735158,86.1115438837041,23.143656419434876,4,0,Daily,High,Always,78.75,3.35,1
3.420703645386539,3.5400817603705814,85.06344788491228,78.47411211252138,95.29603740249611,72.60714541596411,4.6316104574085735,5,0,Rarely,Low,Often,85.54,3.33,1
2.8214618979840047,3.3642538029039377,94.2832944703473,86.79609317993724,26.6847546602143,99.40453909426019,13.570552899136132,5,0,Weekly,High,Always,77.81,2.94,1
3.825424087986972,3.76001031936926,100.0,66.60680572065796,80.93398252144414,70.75490241034545,21.02312865195028,3,0,Daily,High,Always,87.1,3.87,1
2.9099666477804838,2.6556764691947583,90.71964418397177,32.5045456478589,75.51407721300333,93.72033836246993,10.080447179871655,3,1,Daily,High,Always,61.75,2.29,0
3.0753458720829254,2.8797192055050074,89.67479284007167,95.38784241246037,49.786943111428194,82.21830384872437,8.398672802035698,6,2,Daily,Low,Always,71.34,2.91,0
2.8961569054296783,2.569266994226962,62.21633762364898,86.40759179376214,79.64590168704004,83.02633825081143,16.80990470933937,3,0,Weekly,Low,Often,75.0,3.07,1
3.0093474285488804,2.773918856110569,45.53904794756405,48.85578704270002,82.13627987747299,56.356297023783185,23.943470581817216,5,0,Daily,Low,Often,61.31,2.45,0
2.342234947862879,2.23108251828587,90.82563593845252,65.88646812330666,83.844588470361,53.56503976153138,5.645477879308249,4,0,Rarely,Medium,Rarely,61.38,2.61,1
2.1359694704434236,1.714299364689831,83.57763653078692,98.52273644290989,35.22257905432576,77.35320871679224,13.798817343860488,5,0,Weekly,Medium,Always,67.87,2.53,1
3.9567030379349832,3.961388538119864,77.27825987627887,96.71694627686799,95.49584117781657,82.96287276099935,1.140043240261381,6,0,Rarely,Medium,Often,93.55,4.0,1
2.4918231910090034,2.7625063431449974,88.65295306279516,89.07960034018417,63.933949429727384,66.49762606714732,11.85439197054248,6,0,Weekly,Low,Often,72.67,2.74,1
2.4051645903262155,2.1328377362821396,84.09394406204638,72.35831349060206,85.29851620129764,66.9356790742839,15.273637476304604,4,0,Weekly,Medium,Often,60.92,2.41,1
1.7079659318377711,2.1637511089303016,100.0,76.24481128218765,86.11610671023429,86.7376715579136,8.163002865959474,5,0,Weekly,High,Always,68.06,2.43,1
2.6166229513862986,2.769860577944577,86.29166302388467,73.0361129231081,61.8495437157106,86.75425376548557,11.344065329398148,6,1,Weekly,Low,Always,84.38,3.58,0
2.206146123955501,2.515320299642718,73.79615072394749,91.92359674903255,84.90689928527325,78.34710727534488,3.7341858535403993,5,1,Rarely,Low,Often,83.03,3.7,1
3.9852090960818214,3.7878587299261803,99.85249358438934,61.86236390257335,69.21760138631463,89.3624206542329,15.616628891051949,6,0,Weekly,High,Always,78.58,3.54,1
3.6058902536055806,3.8622478217255654,81.74303387580696,62.91300517673693,43.929342309927634,65.90957245135824,23.445553991065196,4,0,Daily,Medium,Often,75.81,3.26,1
2.587109792893366,2.259529622774772,92.89805025508461,90.15411880254024,92.51612888291669,75.72878099495635,6.222849041836291,6,2,Rarely,High,Always,79.34,3.1,0
4.0,4.0,77.838839407108,74.33457816732657,63.3743255547564,99.77453126940408,10.018625867580937,5,0,Weekly,Medium,Always,88.08,3.52,1
3.5890592921949565,3.640611094133016,75.25259671753845,95.67701033180712,62.18259805892919,80.81986555927782,19.020369971633453,5,1,Weekly,Medium,Always,77.35,3.03,1
2.8051011698948267,2.971076535890262,86.26252345278544,64.92731689529181,68.95401197944916,81.515750175044,24.69672575458189,6,0,Daily,Medium,Always,70.4,2.57,1
1.5003565710758564,1.147678189388401,85.19242965315527,74.17832459491763,79.08355087991082,100.0,3.0544815023285494,3,0,Weekly,Medium,Always,76.13,2.99,1
4.0,3.7314790473170185,92.1974055305025,61.1638052273407,74.14094383766846,63.20789400981475,13.649722100672406,4,0,Daily,High,Often,66.8,2.85,1
2.166256519941842,2.3454249854178575,80.97031370035386,75.11044022135351,83.22100387060756,89.55716439970533,17.265046578556202,4,1,Weekly,Low,Always,76.85,2.9,1
2.012760751825865,1.7282563505586046,57.45460324344404,52.82179594501802,54.90765950207012,99.9678353576972,14.183548874969215,6,0,Weekly,Low,Always,61.31,2.0,0
3.613542259205784,3.752504146835521,78.50839174617417,67.68549868567555,63.86420444353898,76.10170488201744,0.0,6,0,Rarely,Medium,Always,76.18,2.8,1
4.0,3.5898586580619263,96.90727700715723,53.456192026078234,73.260043915177,90.31556944225815,19.008720074470176,3,0,Daily,High,Always,79.4,3.34,1
3.830563691106311,4.0,80.53935881135341,85.40884849786887,100.0,68.21576603346914,27.154690808725153,4,1,Daily,Medium,Often,86.85,3.13,1
3.3383454720314156,2.968588477600863,81.30424896228178,85.74884009639477,73.29281192379364,71.75921125319178,15.933294009356027,3,2,Weekly,Medium,Always,75.11,2.91,1
3.3568526049991716,3.522542586303029,99.79564758858906,49.046059042734825,91.27833395492448,84.61959699257162,6.751151573645894,4,3,Rarely,Medium,Often,71.84,2.8,1
3.5120493352681845,3.699738615361985,74.32040159111615,95.0082861825086,75.57832753176477,89.58280007732708,10.894982029085735,6,2,Weekly,Low,Always,84.0,3.41,1
3.455357153872059,3.2463256083431866,61.857951726356504,100.0,67.74512043843647,93.45123814887495,29.159304541244744,4,0,Daily,Low,Always,91.02,3.69,1
3.1687148543816255,3.3433228245070437,82.59053320711759,75.69009580104512,71.2991336382834,98.83554304327392,22.27970032688447,4,0,Daily,Medium,Always,81.52,3.34,1
3.0625206623711256,3.1406533413711926,77.73739073126895,65.38328609663033,72.47370431956678,79.19064129733782,20.120212947074634,4,0,Daily,Low,Often,81.47,3.23,1
2.9624441232602865,2.800791566402465,70.50630520370119,100.0,84.05468608441107,94.32334106207105,17.85130066827501,3,0,Daily,Medium,Always,88.28,3.34,1
2.547621246679994,2.2450548414571316,82.36932316151963,55.21547252546234,95.61916901364832,75.89234187861021,9.710903102472221,3,1,Weekly,Low,Always,71.23,3.03,0
2.8315949538799354,2.242807246378162,92.37258470870177,75.30159700303648,80.39521271529482,90.82509573905921,13.395430554753851,4,1,Weekly,High,Always,75.99,2.69,0
1.9842259114827687,2.0891209256726766,84.86067157648276,77.69433408947886,92.80616518112633,82.48986557422619,14.376618114571873,5,0,Daily,Medium,Always,72.75,3.07,1
2.94099622392315,2.4715553925145333,89.60471609029356,95.17721430678623,60.52815393555472,85.34813488498308,19.396594528515553,3,0,Weekly,Medium,Always,88.03,3.75,1
2.4068453357094493,2.4354485955418417,100.0,80.39608462690182,68.78054236778954,85.08209448826445,27.07135115413523,6,2,Daily,Medium,Always,83.99,3.83,0
2.3378464096705374,2.2588119448458626,79.85681707663655,67.52049156317322,64.13546198688499,60.743539882426255,23.946705094345024,6,0,Daily,Medium,Often,66.01,2.49,0
3.107936490692087,3.3116793233235455,89.17522951967004,60.732234444180655,79.71666886312279,66.51053769367073,3.644925153631675,4,0,Rarely,Low,Always,79.6,3.07,1
3.8352013718067597,3.7445877219598005,77.36179956101299,69.87267269630797,69.6156242223088,81.23049727781027,16.79195975120839,6,0,Weekly,Medium,Often,80.99,3.25,1
3.550989963601388,3.4521556276972607,72.30460420169541,59.896089585822835,85.94659405551293,59.75265104430598,20.894106761343174,3,0,Daily,Low,Rarely,65.0,2.6,1
2.0576996378260937,2.277260849112582,76.22638519873345,75.71737979677025,61.034974325513375,89.97453323839707,19.950882641157083,5,0,Weekly,Medium,Always,70.76,3.0,1
2.4062231180577975,2.506740526783033,77.81862142717468,66.5370573020927,75.64546459981922,90.4586715954577,9.966129892900645,5,0,Weekly,Low,Always,75.91,3.14,1
3.5644627127929294,3.6593094999477627,90.39213696320688,52.58943310065374,85.30286866518384,83.92604663453348,38.31287372614689,5,0,Daily,High,Often,89.78,3.52,1
2.4105075638770144,2.551287840819572,100.0,93.82718682562356,44.02045837439084,66.54639184690494,4.783323501351049,6,3,Weekly,High,Often,83.89,3.34,0
2.8652201100017853,2.404548473039654,74.2593484558624,67.53491214856442,100.0,96.56166726642218,6.3344924266716,4,0,Weekly,Low,Always,75.75,3.22,1
3.330031259414731,3.5570678634108255,78.75062041576807,55.97794792537031,70.75272172680187,100.0,16.86876065009261,6,0,Daily,Low,Always,80.66,2.97,1
2.418993327081819,2.6027339652858994,84.05315480333128,72.47611298268687,44.62440129485741,81.76492192935169,31.934424439710828,4,2,Daily,Low,Often,70.12,2.76,0
3.063225303687576,2.758220365114627,90.9369827306462,76.02557348951488,77.37140847865179,86.12642454141483,8.310441194366632,5,0,Daily,High,Always,72.49,3.01,1
2.1995847030490774,2.126360560946817,88.95326217932177,48.802999116314496,75.50165201959726,82.42086385755253,12.873373074824062,3,0,Weekly,Medium,Often,58.13,2.11,1
2.6391794136292717,2.627387227340982,100.0,79.97471500688644,73.7715843064126,86.36443026798558,23.618349384125544,6,1,Daily,High,Always,83.14,2.62,1
3.1918691604855223,3.1515201251650025,48.60411894197187,59.292636469646034,89.8678666939,78.56529492048325,14.857102760898131,3,0,Daily,Low,Always,76.36,3.34,1
2.0442037598809986,2.144361749851559,49.19605194706491,100.0,86.21167457140584,79.58522912187436,12.323169163757635,5,1,Weekly,Low,Often,78.29,3.13,1
3.2642848427762394,3.6936948773255946,77.56182741984776,82.85940768115103,79.46814286535768,90.86861120596838,19.52506321509376,4,0,Weekly,Medium,Always,85.25,3.16,1
2.9882173206439915,3.31274733894584,100.0,69.00150014836025,81.75233450919971,100.0,17.180143921836745,3,0,Weekly,High,Always,90.63,3.81,1
3.331493972650289,2.937828214620867,61.51527952591606,63.82248344523975,73.4346232584287,63.199145187179134,23.24351028509433,6,0,Daily,Low,Often,82.93,3.28,1
3.134348480438797,3.3209694775306113,39.88551490459364,73.42548438654563,100.0,78.7542501871644,25.33175111252291,3,0,Daily,Low,Often,72.6,2.7,1
3.8184842579843066,4.0,93.56769109328813,84.19186112374935,52.8120597246335,65.83447417721501,17.456024480042892,3,1,Weekly,High,Often,67.55,2.78,1
3.0751347015887442,3.191177257795505,88.65485835554071,74.617588071222,77.09477511323846,99.104298782913,17.333861803026473,6,0,Weekly,Low,Always,84.47,3.39,1
2.742356675324848,3.069650802880638,68.64687389800855,71.74261789294715,75.9753694678317,72.94714436816122,16.71288785828907,4,2,Weekly,Low,Always,78.32,3.01,0
3.0733785018193704,3.6770596355296,70.21690598918605,75.87555436226843,87.1992060909689,62.68159047457047,18.913044453194303,6,1,Daily,Low,Often,69.55,2.63,1
3.325978817421833,3.6330916812539273,70.45384420547988,65.94211603144568,62.34219183862651,87.65824398618288,15.441365102971712,5,0,Daily,Medium,Always,79.35,2.97,0
3.0293160421954224,3.104108620887941,86.6580297621091,69.85191109735443,48.844910964051955,100.0,14.995132141421685,4,1,Weekly,Medium,Always,74.62,3.13,1
3.0243550147223295,3.3378815569477553,75.6052708572549,43.71311341642494,77.3523452414729,87.96317442272915,24.57301696661794,3,0,Daily,Medium,Always,74.75,2.74,1
2.5788049873159467,2.622271337245014,92.4109587846328,89.60589346278552,79.21845738327906,82.457574527383,27.128929442840345,6,0,Daily,High,Often,78.58,2.98,1
2.602259449469431,2.6094303624549178,42.18060005643414,79.48196670482643,97.34399114171474,84.90969107331193,2.9395764429326334,5,1,Weekly,Low,Often,66.51,2.68,0
2.158436836920184,2.053012566206064,72.147222023083,63.39816233949855,55.94456930512371,96.97808795390665,15.080169213924552,6,0,Weekly,Medium,Always,62.22,2.78,0
4.0,4.0,68.10919058633424,100.0,92.3204065007508,69.5096087598302,9.490444532438122,4,0,Weekly,Low,Often,88.2,3.55,1
2.253682058765229,2.008153458982629,81.15488982441262,76.30524720588579,100.0,78.65783475096424,12.512228268111421,5,0,Weekly,Low,Always,71.4,2.97,1
2.584256881322456,3.0439671987258907,76.92928362264792,59.45784642037204,69.33352668716284,74.5677182178856,18.22012967788257,3,0,Daily,Medium,Often,71.93,2.9,0
2.5689556406584817,2.718914877780593,96.9676566984365,87.85106132205688,55.635866707601636,65.98561631249947,20.355506972339747,4,0,Daily,High,Often,75.86,3.22,1
3.536954626166665,3.1171627737260827,57.109948425099134,80.97072324763894,68.89538450439943,76.05949688699837,14.10298845110924,5,0,Weekly,Low,Always,66.86,3.06,1
2.8230301930247834,2.93332498092221,85.68237214496128,80.91869978226329,75.2100745105707,93.29265315178938,0.0,4,0,Weekly,Low,Always,78.07,3.04,1
3.74864524360424,3.118637291308753,93.37504634817559,68.61366593022615,83.45681812510372,86.7992257807127,7.279635355390563,3,0,Rarely,Medium,Always,79.27,3.17,1
2.5959056254536788,2.7835580305029897,100.0,81.75743585667053,66.12907905242929,87.73172600129841,22.171997361601328,5,0,Daily,High,Always,86.57,3.5,1
3.167396497334281,3.4329659422309784,77.77351043359788,71.07362564668358,98.32797801221012,81.75770733983983,0.0,6,0,Weekly,Medium,Often,85.17,3.51,1
2.498791768044146,2.32108498134853,89.86687906528776,83.33912177468763,58.28201527487907,86.27988539274307,24.499417213456,6,0,Daily,Low,Always,71.72,2.9,1
4.0,4.0,57.94205811156453,46.42583318984042,48.911922717408,70.39291589182274,19.16983992515633,3,1,Weekly,Low,Always,67.32,2.58,0
2.2874409485822924,2.8736881787073782,49.120656935304645,68.49189805531216,91.60065636430976,76.28588136887325,25.52940865224018,5,0,Daily,Low,Often,61.88,2.47,0
3.1858924261362165,3.0341684148576356,97.6716156367255,100.0,40.88068453190701,82.30405084362413,13.411446504952316,3,0,Daily,High,Always,84.35,3.86,1
3.380266128559259,3.062593852442279,84.91659559527893,63.4939881689955,71.93805346690925,83.33019030658268,0.0,3,0,Weekly,Low,Often,76.87,3.14,1
3.2482794584708987,3.6927784792096783,100.0,65.9424255376022,100.0,83.84225425906247,18.442901132051983,4,0,Weekly,Medium,Often,72.05,2.5,1
2.888827404673375,3.477603561832613,64.39895666545377,68.28057992325037,74.81934670560102,78.33997661580347,25.19722499230673,6,0,Daily,Low,Often,74.35,2.9,1
2.922107580159944,2.923216281714298,92.79853209293128,56.77790796167035,58.18848523955626,75.47091918643603,22.39777444410737,3,2,Daily,Medium,Always,66.55,2.66,0
3.0262868831874656,3.3297257938099727,100.0,41.875788356576216,74.1390380431981,100.0,9.698468132095716,4,2,Daily,High,Always,73.47,2.91,0
2.9117987990229066,3.314241573682171,91.29558412535899,71.5412040221458,74.237988170707,90.88144727518879,15.694088603701173,3,1,Weekly,High,Always,77.9,3.1,1
3.5783274700769456,3.3555822003154305,89.14872258386573,77.03789136122485,77.40974910529675,84.95776971143147,10.73730984976061,3,2,Daily,Low,Always,79.94,3.25,0
4.0,3.8544082493896394,85.12834121236524,74.21242397192022,84.9339447323943,77.20149802152328,8.445868286485027,3,0,Weekly,Medium,Often,85.4,3.52,1
2.6655049289952997,3.0347672829417203,61.43677814311132,72.8268215707817,59.41333247448391,74.58537407667349,22.64310856943881,6,0,Daily,Low,Always,69.39,2.83,1
2.1781182122525533,2.683622495865106,100.0,75.64561306275581,100.0,78.43039287527654,5.419741509878703,5,1,Rarely,High,Often,74.16,3.16,1
2.947030770989247,3.1158950290415532,75.83713540292402,90.34262207326147,78.67671426558927,83.5139461230402,7.849468555347099,6,0,Weekly,Low,Always,78.63,2.85,1
4.0,3.7360556939493836,92.56724884574525,72.14330721106175,85.90191069602706,57.43477347124303,6.167794932220916,4,1,Weekly,High,Often,74.94,2.95,1
2.5177952592181616,3.113913592727994,61.554485401431194,66.38876134369096,65.57775900366536,61.16732485550379,3.078019813607627,5,1,Rarely,Low,Often,63.65,2.63,0
3.9834700832664405,3.824178813922851,67.3081050323833,70.78311772667871,94.295732054933,72.35741133273251,16.171314334740828,4,3,Daily,Low,Always,75.62,3.08,0
4.0,3.8994586656485644,100.0,83.69020139635164,71.14421386780403,82.48567324134282,24.292024387855808,3,0,Daily,Medium,Often,89.26,3.44,1
2.667847054975203,2.7705484053220895,79.79046566563235,96.18040317814874,79.16328770240298,77.12872223417779,13.520985950037876,5,1,Daily,Low,Often,86.34,3.35,1
3.341389847511165,3.8076379737255976,100.0,65.57784391246233,61.00340884219336,97.73745471319381,2.9540175954866683,4,0,Weekly,Medium,Always,73.38,2.77,1
3.9770379738771227,4.0,83.82654011412224,76.48400680543325,60.0460256039681,62.21123855605077,21.71955631793622,3,0,Daily,Low,Often,79.74,3.38,1
2.772523355407508,2.896983005516081,57.37153340563214,80.07536162903939,85.32307959679324,70.98385436475955,28.48561403227977,4,0,Daily,Low,Always,80.6,2.85,1
2.877851783938583,3.016838342974015,98.3810139959758,60.111329899067655,68.34589754688922,98.24110089189321,9.830061406827244,4,1,Weekly,High,Always,74.57,2.73,1
2.650991451630814,2.664045852223854,76.15161523366588,75.30625750819377,62.192653687434344,81.57343189610177,11.171565866258254,6,2,Weekly,Medium,Always,77.71,3.19,0
2.39114596158428,2.558587815939832,95.48033220275565,53.01489213986857,65.35224986959454,90.6181109936139,19.125285040667155,3,0,Weekly,Medium,Always,71.82,2.98,1
2.6104334729603957,1.8515654496521048,85.37816301310123,48.46424544390902,85.48429607576132,100.0,27.974989982280412,6,0,Daily,Medium,Always,66.97,2.36,0
2.265635839942646,2.1766536022217067,61.85322658085695,80.50119611838386,65.56443208194584,71.67434698517813,10.841326834198192,5,0,Weekly,Low,Always,60.27,2.54,0
3.0204500809555355,3.0928466614305696,87.46442148055854,69.24187888003826,73.23517602596753,78.80822794649562,4.34040175201436,3,3,Weekly,Low,Always,77.43,3.13,1
2.5380160613648153,2.192711836278963,100.0,78.03420611431828,75.22541625430645,76.73087718882954,20.051348850179252,6,0,Daily,Medium,Always,79.58,3.29,1
3.1402715470744487,3.2561685424179165,92.39479687771689,74.73157534487476,46.23976670984552,56.54488394620069,21.392544585138396,6,0,Daily,High,Rarely,79.17,3.18,1
2.0664626122778236,2.005121245981987,84.13723370491806,60.35399927004304,52.93310391939723,76.27523835492838,15.049051603481814,5,0,Weekly,Low,Often,67.29,2.78,0
3.1985281393286744,3.7251708488233213,100.0,74.32118547053496,80.04416833871343,90.57274624856798,10.534933922740395,4,0,Weekly,High,Always,83.94,3.45,1
3.500117376965355,3.9720232945298117,88.16002697804666,56.50348042477717,63.944559582709545,86.48707450174689,22.95502984793637,4,0,Daily,Medium,Always,81.1,3.34,1
1.8037586144571267,1.6640169437216779,88.14301345394192,95.864585370021,90.85087366920628,87.42899803265612,19.224288036383715,4,0,Weekly,Low,Always,80.83,3.28,1
3.2244339419085435,3.179182628438535,68.62562241761346,54.66044482710054,89.50210656375816,75.493892232326,8.852515864772057,5,2,Weekly,Low,Often,68.49,2.72,0
3.736601395483975,3.7144171258014573,88.50772038684397,72.06322093547128,85.78752999533155,72.1268331679323,15.392757850445372,6,1,Weekly,Low,Often,77.49,3.08,1
2.2742153887852767,2.13871754593739,100.0,59.36592617929128,100.0,95.23106806278345,4.186339743802826,3,0,Rarely,High,Always,66.8,2.72,1
4.0,4.0,72.45906771849963,83.55631760041193,73.75366008385225,74.03219424370796,20.48712365150336,5,3,Daily,Medium,Often,78.01,3.29,1
3.2514114056196273,3.02392678495335,100.0,70.02852943077745,84.73322888855759,83.52898446551858,12.902131444937154,4,0,Weekly,High,Often,79.52,3.57,1
2.5769928865449545,2.2378082860636965,83.6244096378231,67.21999920568184,66.23398535105953,81.96001616813047,11.514313340922103,4,0,Daily,Medium,Always,55.64,2.33,0
2.9665385534053765,3.153351920575457,71.6834573269219,87.79802317577332,100.0,97.54060419508542,14.737004118780527,3,0,Daily,Medium,Always,83.35,3.41,1
3.3349961475130336,3.523855022779577,99.96448115380366,75.44145887516328,100.0,91.65694829206832,15.322461594641982,5,0,Weekly,High,Always,92.47,3.94,1
3.045603234847447,2.8043085069494493,80.69808646392596,82.74966668903951,75.17820651776688,64.45689655199455,22.159440492524485,4,1,Daily,Low,Always,82.13,3.36,0
3.3232535954678215,3.5918602246966014,96.39272331229162,60.280110952238026,80.79879344857788,65.74936199869951,19.728724250601772,5,0,Weekly,Medium,Often,74.07,2.75,1
2.44759584415238,2.2581225254027806,80.62362051612195,53.92774584108739,95.38946399047208,86.94691781682961,13.748725769657579,6,0,Daily,Medium,Always,68.49,2.59,1
3.1016164944216467,3.177566065833041,84.10260784705144,76.608119430602,72.79290742778839,79.22794823145,21.109345197751963,5,1,Daily,Medium,Always,75.04,3.37,1
2.151771301857012,2.3978745056407487,92.40340306501437,70.21730466757903,65.15063893800443,74.53793859255484,18.205898029532904,6,0,Weekly,Medium,Often,68.93,2.61,1
2.93326436319078,2.923180593779666,89.36345586385009,84.39652008680916,88.10984626510324,92.18753460793366,11.587202909711703,3,1,Weekly,Low,Always,88.8,3.67,1
2.4576554151211263,2.5940776887634667,55.067023293223926,73.80137321006175,76.17658869125505,82.24951258506692,14.002254734108114,6,1,Daily,Low,Always,78.5,2.94,0
2.5586820344461403,2.4037531412798687,68.18134389858412,78.07613008851945,77.7449167446789,80.62948864267332,13.814216889255034,6,0,Daily,Low,Often,63.87,2.81,1
3.7416559051262626,3.6827159300978334,98.94114977186223,50.64926205088134,62.485929853980515,89.35794368906059,19.042090745393615,3,1,Weekly,Medium,Always,72.91,2.82,1
3.6547860723565613,3.5930282430924594,83.01795116647679,100.0,49.234917774549054,75.49869206067723,12.063819082226864,4,0,Weekly,Medium,Often,71.0,2.86,1
3.3654828725443062,3.1415093685822346,77.14403045842867,72.53637022451952,78.54213614818651,98.82222782567065,11.876726508626932,3,0,Weekly,Medium,Always,79.19,3.12,1
2.3446123411964526,2.291580092261718,64.62138977113788,85.46380455508799,88.57443062241299,70.54342852120391,30.75005847547167,5,0,Daily,Low,Always,73.62,3.05,0
2.810154930183119,2.345569440523995,68.80395518086227,62.458624946705605,71.61289876385938,87.88314879610506,22.517883853976834,3,0,Daily,Low,Always,72.28,2.93,1
3.72785861998751,3.5805124958448786,54.67302040057079,79.62014853326012,96.54644279338301,97.20599406391814,8.915194684598887,5,2,Weekly,Low,Always,85.03,3.58,1
3.085030148183943,2.999567500173042,83.480789219477,55.45732854712882,64.44125511876683,63.472454128734796,19.567527951537585,4,0,Weekly,Medium,Often,70.42,2.95,0
4.0,3.923146074251386,76.0234362912843,81.78101757389507,59.1794331755112,75.87997788977061,15.946800525241418,5,0,Daily,Low,Often,70.48,2.88,1
3.2359907036366233,3.1635414698753896,70.50118163522028,69.6603887342125,73.99154539205803,93.70648871462669,18.13240940208075,3,2,Weekly,Medium,Always,77.15,3.22,1
3.115229469894019,3.0967002099359804,83.9781486224807,75.43785755903352,73.76111136973064,93.8869345727723,16.098730596520838,3,0,Weekly,Medium,Always,71.52,3.0,1
2.8145301214784992,2.9583625769043183,90.45955946279108,85.46961045195147,86.54953097002834,77.94205279534113,24.517141163881888,4,0,Daily,High,Often,91.89,3.6,1
3.080124542869369,3.342479665109126,100.0,56.5118953316958,63.37555763904023,71.18394687587768,17.764962757211567,3,0,Weekly,High,Often,71.36,2.76,1
2.908518098171674,2.713588530117194,62.321748706551794,64.73262404080805,95.52141355222346,91.47122986796914,14.5032904142857,4,1,Daily,Low,Always,67.79,3.02,0
3.424865206013154,3.063904949396411,100.0,81.85986421630149,100.0,94.20258923097926,23.33752461586414,4,0,Daily,High,Always,86.57,3.6,1
3.5740213900767506,3.2614080664038196,99.59652341522607,100.0,74.41283959547488,66.02403981785126,16.866280328702977,3,0,Daily,High,Always,85.03,3.48,1
2.52840632369523,2.382245447336752,73.3136089093495,72.92876498007777,93.74565630276477,65.55303621240344,15.97182863463246,6,0,Weekly,Low,Often,75.17,2.85,1
2.2012602278653333,2.0956838325203804,88.04853931879046,83.86704176885898,59.1525439406211,82.7030801838032,17.51218081988891,5,0,Weekly,Medium,Always,80.07,2.85,0
1.8982767761380221,1.667277956278785,78.13550125993577,73.3954279521228,91.12832311772874,87.5523276011467,14.251127813069068,6,1,Weekly,Medium,Always,72.75,2.85,0
3.3047947961475264,2.915959796872558,87.78532870628108,100.0,90.70914612839194,76.41117097723934,15.073815943963751,4,0,Weekly,Medium,Often,82.98,3.23,1
2.3379800362956757,2.2011437880534195,100.0,48.79167499552116,87.95155920284817,88.15152583978819,10.306443289905019,5,0,Weekly,High,Always,74.51,2.92,1
1.7082656442285102,1.7626936302627016,94.0840934894697,76.41931567004038,74.76655366694558,71.47836071795142,8.99066224300897,6,0,Weekly,High,Often,72.63,3.08,0
3.2331471627185784,3.4116560024692477,92.62912559850163,50.616839496569085,30.686265881369533,54.623676811115175,7.0114369081404835,3,1,Rarely,High,Rarely,61.13,2.75,0
4.0,3.8327730840675036,78.54536020068036,37.40142644194925,65.37409284521806,74.91318713200884,3.8641337056233915,6,1,Rarely,Low,Always,69.91,3.02,0
2.996357453076064,2.872458106433034,62.73915002613497,79.46193079676725,65.61125973473096,80.75878575815722,7.962261108923548,5,0,Rarely,Low,Often,68.17,2.61,1
3.503094464670985,3.225084972016792,81.87297684189389,77.09246694221189,60.32617592909284,76.68992048124252,13.605863724264594,5,0,Daily,Medium,Often,74.67,3.09,1
3.049097615128539,3.039665864016106,100.0,70.72744593386697,76.833645068206,66.09676083608618,15.824940659565096,5,0,Daily,High,Often,65.62,2.53,1
2.9406662080853145,2.68613761782807,62.09248215115529,73.4070886494037,68.71554831718149,58.21221228945419,12.829627494818876,5,0,Weekly,Low,Rarely,72.56,2.53,1
3.551445889792661,3.723384233765021,69.17365947734957,100.0,62.63081985352467,73.83093434758523,0.0,6,0,Rarely,Low,Always,75.7,3.01,1
2.8258352734868093,2.290075325906576,86.89401604351102,71.12737292952849,59.11799777628271,90.77186925979692,27.59669086209874,3,0,Daily,Low,Always,81.79,3.52,0
3.1604353884431418,3.0525464867074033,70.23017822729106,82.65186541875113,64.26730521772157,95.07436927296419,23.691840983123054,3,0,Daily,Medium,Always,76.57,3.0,1
3.193018683717608,3.283350885475131,73.11214829327182,65.25952770579178,91.82248817774892,94.25256060966146,18.56607880973703,5,2,Weekly,Medium,Always,81.55,3.43,1
2.5991457278141707,2.654296082710922,78.64602127407734,79.42848862560905,65.08462418058758,70.20908557821737,30.259925380426147,3,0,Daily,Medium,Often,75.06,2.87,1
3.595225409721914,4.0,64.51573893714776,71.42649487416574,67.27591940350091,66.15552411643563,7.181087060130315,6,1,Rarely,Low,Often,69.28,2.91,1
2.895024145982755,2.9999641533531274,70.38817230675447,68.84222275905405,68.1495357746513,85.95961537975874,30.10100096500804,3,0,Daily,Low,Always,78.6,3.1,1
2.5465529043042934,2.2453365252516906,95.55141875180963,100.0,80.0849027071413,87.6212001391751,7.278287385995616,4,2,Rarely,High,Always,87.94,3.82,1
3.3219059061422422,3.2932666320155204,65.38945326653554,92.65777444776508,81.843742327928,84.80203526240597,16.90990340233085,3,0,Weekly,Low,Often,91.01,3.58,1
2.4609192109253777,1.928045310885442,61.03191798257743,77.05119971098846,29.330151911352566,55.83124070914684,4.809301398926365,5,0,Rarely,Low,Rarely,58.3,2.22,0
3.016908694421477,2.992728769632449,75.54962530699159,40.4368209608405,90.32452820741412,69.5973849813984,15.117552764354935,3,1,Daily,Medium,Often,60.85,2.73,0
2.994528602013478,2.7446117849132503,95.9793325376477,69.58486165121145,96.54552051365631,79.64373451656826,18.08933198398711,3,0,Weekly,High,Often,72.52,2.79,1
3.651537339498947,3.9261544221669955,82.04617288004665,100.0,59.24720193957496,85.84661833556513,13.762477350923563,3,0,Weekly,Medium,Always,91.44,3.7,1
3.2848189397279715,3.119956857349311,78.03128382826573,71.54007500040437,60.41552632897748,89.20768835122985,20.7110195527211,3,0,Daily,Medium,Always,71.25,2.74,1
2.9849838247529137,2.9499540500143397,85.6653819627341,91.54826358080487,68.24619918332593,81.73104226738448,15.792115595898059,4,1,Weekly,Low,Often,83.31,3.52,1
3.4906597795201724,3.2999924270988514,58.81438850710522,96.62913602928901,63.65993970815093,83.96940567845884,10.820682172979925,6,0,Weekly,Low,Often,78.66,3.41,1
3.834124529410388,4.0,92.42058480662548,78.28445873783963,78.35890310919909,81.01838550033325,10.465493457581285,5,1,Daily,High,Often,90.08,3.47,1
3.3346861838111175,3.238313353975744,90.75152547105466,62.37267552197772,45.80212070461704,88.2274324906218,21.487310180925572,5,0,Daily,High,Always,76.76,3.18,1
3.0062115719060283,3.555978684949789,78.86037288856419,38.470315023256674,58.231085879448905,83.75438781789093,9.770063761544261,3,0,Weekly,Medium,Always,66.51,2.79,1
2.2128982605899044,2.4571437892253845,100.0,85.26244812913431,98.08795800262361,80.78885192056745,22.323223763879497,6,0,Daily,High,Always,94.24,3.79,1
2.3609318021547763,2.505551820355392,68.08755851570442,62.77865995764678,61.07670048977973,76.77957441035143,24.78169434265545,3,0,Daily,Low,Often,72.03,3.19,0
2.8168651773871995,2.9274851215824556,100.0,77.64225677831539,93.65142417154388,80.97549710050977,1.6502891012309586,4,0,Rarely,Medium,Often,82.39,3.6,1
2.6342926787044303,2.752431868169306,87.31740498392877,56.25269490615954,80.33007293385205,85.8150965460713,24.063411098408277,6,0,Daily,Medium,Always,71.54,2.69,1
2.8878172182087325,2.3095154444050494,79.9517111518274,71.02143689294697,47.86098428117612,83.20970466677673,31.48338158755759,6,0,Daily,Medium,Always,65.68,2.87,0
3.0339899549382645,2.9503249366930375,84.70189546947533,75.5057858235158,84.5299379282431,84.56991702014304,17.016030089615427,6,0,Weekly,Medium,Always,78.03,3.22,1
3.3178156526140383,3.5713630439693347,83.39102851283587,79.02890371566447,73.2349904671072,96.11266233621423,19.79267348235858,6,0,Weekly,Medium,Always,76.79,3.12,1
2.957700733164545,2.9430315781223135,100.0,58.27766718971379,68.1679941562539,83.18196707295905,23.29604259495327,3,1,Daily,High,Often,74.2,2.92,1
3.291900986295721,2.8703440322546485,68.84981308793479,92.95366423142029,78.67435639758006,72.2120177543221,12.796141478567822,4,1,Weekly,Low,Always,80.73,2.93,1
3.038684648886072,3.022963313712831,73.56221141280102,66.04657822902043,82.11950228350189,90.60328143193003,16.458241788302956,6,1,Weekly,Low,Always,81.3,3.31,1
1.8147200601876772,2.3259517150643245,100.0,49.882958093201324,85.6138773296193,63.60561994797299,4.486403763015126,5,0,Weekly,High,Always,63.85,2.62,1
2.4363987637087474,2.810466278369163,76.0669759722421,73.36464870054805,92.67379271322004,67.02303943112855,16.10908022824361,5,1,Weekly,Low,Often,89.01,3.96,1
2.9135474665670307,2.894946263757221,98.50799615997387,75.5156296353969,81.12203869167534,84.03016717664083,18.984895965156333,4,0,Weekly,Medium,Often,87.27,3.36,1
2.2741831542953355,2.5596179374127614,100.0,77.40884149757639,54.36548866820457,86.19676001343895,19.129304183411755,5,0,Weekly,Medium,Always,76.22,2.73,1
3.3599572379977225,3.250005131887307,78.97307459587549,95.43198605527618,67.89531813523213,65.05938531795206,23.523397788780642,3,1,Daily,Medium,Always,85.56,3.19,1
3.9184504994062186,3.407289023358203,95.22043489862958,71.45326744896211,100.0,75.406190228159,8.801582574915766,3,2,Weekly,High,Often,78.13,3.44,1
3.73125711101839,3.4539173145795234,67.69461577990212,73.20570563446843,85.86736590572592,72.72699401336409,10.739145946612028,4,0,Weekly,Low,Always,76.57,2.97,1
2.8719342774418752,3.3408009079943346,96.32099947101713,58.4522342815036,100.0,74.15988412542085,30.16405876793084,6,0,Daily,Medium,Always,79.83,3.47,1
3.8944356821099713,3.81223775756118,87.9913597898015,87.30830254331846,95.93151123298777,91.32317331527535,13.79737300989032,5,0,Weekly,Low,Always,83.44,3.34,1
3.089200474321267,3.0161852805087617,92.09557423240322,77.76463596117155,78.62703107333623,88.47806556256704,16.600270298498625,5,0,Daily,Medium,Always,83.81,3.16,1
2.797748417329176,2.707796958446712,75.31641891946907,68.69958409058756,79.52110604671677,79.77053384175551,14.463919666198231,4,1,Weekly,Medium,Always,72.76,3.31,1
2.631958401875436,3.203199378747338,60.08374876649241,46.42987959801805,74.45129940184731,73.44845687462086,8.426553389559821,4,0,Daily,Low,Often,64.52,2.84,1
2.818518188107123,3.3063058627157416,92.54878097124258,96.6661829258263,48.932930762302504,63.80420395735831,27.98823368713445,5,1,Daily,High,Often,80.14,3.17,1
2.7670939088752626,3.432727978909703,54.04895271280818,56.58480053315914,75.27070878702337,97.04221926538338,10.778388704635155,6,0,Daily,Low,Always,67.78,2.91,1
3.1022497334252925,3.054536170305277,80.23974261636198,66.13082985945441,93.16011828813296,87.10536680341902,5.981715810344561,4,1,Weekly,Low,Always,84.37,3.4,1
3.0963443886299187,3.1850317352540474,99.11772799629955,80.37516766614004,66.00540007768194,71.51997075112232,11.394077781577987,3,2,Daily,High,Often,78.61,3.23,1
3.0018276120920486,2.5468348472658113,87.87846603809554,57.0516310707497,81.17929498592714,88.6351939714987,0.0,5,0,Rarely,Medium,Always,68.75,3.1,1
3.2621629018478098,3.7052432296832922,100.0,52.59735332620285,87.77386568839796,79.1573165531045,9.789700280134547,4,0,Weekly,High,Always,71.08,2.54,1
3.714387764871805,3.3640538994914246,100.0,43.14078625949003,61.354793410312865,76.55468594165188,7.254971217181387,4,1,Weekly,High,Always,75.59,2.95,0
3.5697324812647944,3.634765150393583,75.19152417511636,85.81495429358453,68.23045703484503,85.22253833947522,19.939429047418596,4,0,Weekly,Medium,Always,86.76,3.48,1
2.1090612189300577,1.7798704606402045,85.40970069777158,66.82220632910517,59.731327642842615,71.1020210010473,9.61268608352102,5,0,Weekly,Medium,Often,63.53,2.61,0
1.467647319058827,1.2909872710372183,84.28943946183347,100.0,62.667515899658895,75.87492176587868,22.102431484630788,3,0,Daily,Medium,Often,66.67,2.42,1
3.560591946743564,3.309413217428654,61.26734854980809,60.0846740155369,55.68592074520408,81.45753277039455,26.187871944554573,3,0,Daily,Low,Always,78.93,3.34,0
2.179872780950747,1.9975102027480018,70.8940162527347,61.17823464856618,61.4932730793296,74.00658568537744,21.24940269030079,5,1,Daily,Low,Always,62.37,2.26,0
2.86514075886439,2.7034039479196963,76.5885863953021,66.51910544571898,96.29183521196758,88.02902252321029,13.276893689119387,4,0,Weekly,Medium,Always,72.98,2.67,1
2.2979321843643845,2.1334515458868615,54.456692457160955,78.64701982707733,61.26784456364561,100.0,16.128915973644744,5,2,Weekly,Low,Always,70.67,2.78,0
1.9188117374519882,2.16881191098608,85.71240202377464,67.94694991822033,76.89688828591035,70.9484224087143,2.800120478847523,5,0,Weekly,Medium,Often,68.85,3.13,1
3.324877636922873,2.993418799004117,81.2639223302044,84.18498321003769,67.45696869493565,60.01849644435147,13.929765019830082,4,1,Weekly,Low,Often,72.27,3.4,1
3.455493096181588,3.521655524285748,59.906591480326384,60.32117415017019,92.68298905555409,55.97911799028486,8.116492255465335,5,0,Weekly,Low,Rarely,51.46,2.16,1
2.654093759563968,3.019481505255636,91.06319297915998,54.27612422304628,94.66743444905424,78.19438230206022,20.554611049194392,6,0,Daily,High,Always,77.52,3.05,1
1.4453746247130541,1.2914157153590353,95.73809117036438,48.026778908863385,87.9610497320842,72.04202491848581,35.582019113955795,3,0,Daily,High,Always,72.16,2.92,0
2.6722533310485104,2.45687766382423,88.40551718297333,41.646387480942046,79.59201829654133,82.49432601280496,18.998573087790476,6,1,Weekly,Low,Often,63.74,2.62,0
3.235082403241528,3.1659250156874528,80.13897737186545,67.22896470787416,71.53410694738652,81.59117206431321,0.0,6,0,Rarely,Low,Often,79.51,3.47,1
2.112653058735523,2.466570621243736,93.87163227627782,70.48529531410168,57.121879437131255,60.76139784063085,12.110158456685017,6,1,Weekly,High,Often,71.55,2.62,0
3.1100159518674935,3.168248241153501,95.20330540715037,65.52844458775225,100.0,58.221394046223125,15.979927402995637,5,0,Weekly,High,Often,78.69,3.39,1
2.990814090496203,2.8314498021139234,89.61105354579533,93.65108695780742,63.6049047337117,83.55119888415314,15.69885940208211,4,0,Weekly,Low,Always,75.33,2.73,1
3.347574899760653,3.492737895117065,72.63081624347859,93.42045314412202,84.95469520549263,81.62514601663949,9.153494995129975,5,1,Weekly,Medium,Always,84.01,3.26,1
3.071748221048492,2.741060576097565,89.1490114826677,69.97795518833247,90.89348358935096,74.89018401960138,16.962333941095483,3,0,Daily,Low,Often,78.35,3.13,1
2.4161586354710667,2.6205664886039512,100.0,48.091183302120555,66.67079254642006,60.11427697841234,5.0599933046449,5,0,Weekly,Medium,Always,62.75,2.59,0
3.7179429009986946,3.8405250933092248,76.05056412082405,66.4994233791742,90.57018790973943,85.6566951531799,7.440730218519464,5,0,Weekly,Low,Always,83.9,3.36,1
2.904882256183818,2.8125397148421527,100.0,66.00267909124408,86.46319805008282,95.26279454508732,20.16638113282969,5,0,Daily,High,Always,79.82,3.23,1
2.9836172762940407,2.7320415367598714,77.11553599021923,65.14297556582913,100.0,83.33578928262706,6.874694152961393,5,0,Rarely,Medium,Often,73.2,2.94,1
2.4400392245560822,2.174034947871045,85.48610520010205,64.53421644152633,67.95980300359933,69.83031331321922,19.305692843938058,6,0,Weekly,Low,Often,64.52,2.28,0
2.734030649285094,2.8944758501888668,74.91271605990495,65.1980565641279,55.71203974080428,80.53462598685381,4.0442898027515355,4,0,Weekly,Medium,Often,65.03,2.72,1
2.4691183715838596,2.8378125223305783,88.3490625388039,69.2018757615336,67.41765366833233,63.60663102879578,29.118607070333887,3,1,Daily,Medium,Always,72.65,3.07,0
2.896232364045946,2.7050400399373076,58.866674610470874,65.46688351776665,78.13280313801498,92.6955285660655,8.805840620767562,3,2,Weekly,Low,Always,69.81,3.06,0
4.0,4.0,76.80937301774918,78.12483762938388,75.87319090627585,80.98213201435446,13.210667425572447,3,0,Weekly,Low,Always,80.12,3.57,1
2.1768593142411863,1.5507512086605657,68.61818199477149,80.40553073857292,69.09843155588175,58.78211705896122,17.644906088723246,5,0,Weekly,Low,Rarely,68.42,2.82,0
2.0318631612739555,1.8564778420767956,87.03007521838437,61.34032369226265,46.362038115341356,76.3919076746758,10.477200379991245,3,0,Daily,Medium,Often,69.51,3.06,1
3.882702196496165,3.8733845166348946,99.91671063263361,94.0659798901055,82.0572449419366,85.55961812281078,16.147247688570435,6,1,Weekly,High,Always,84.11,3.37,1
2.8744057937088803,2.60150076861433,94.69009280671827,60.299065472390794,100.0,76.00342854829373,19.602853796161007,4,0,Weekly,Medium,Always,83.8,3.06,1
2.59855635680405,2.3176044443671713,49.425109587116616,50.73299079276994,81.96376857184505,76.68925134271791,22.684905860027882,5,0,Daily,Low,Often,67.23,2.88,0
3.623942812437646,3.42360894549698,100.0,80.71167107047577,84.1370327858027,65.30717351543274,21.331979487783656,5,2,Daily,High,Always,77.78,3.26,1
2.6366306761578815,2.7242884946557933,89.42919910931303,62.7388779837849,83.58667959232653,86.79849184497988,13.625516289578607,6,0,Weekly,Medium,Always,73.69,2.95,1
4.0,3.943801294478088,73.35251289260499,79.81937206136082,80.955700048236,72.21836959977036,13.826945807651182,3,1,Weekly,Medium,Often,81.45,3.25,1
3.4067555228035613,2.7352861528060695,87.3569187848641,38.94497098349204,88.97498950302142,54.12265547593961,33.79286846420026,5,0,Daily,Low,Rarely,59.17,2.46,0
2.7072531551125785,2.0710431093220585,87.64284733754037,95.88683912224602,80.93060521778499,75.54491155195528,22.599112545994338,5,0,Daily,Medium,Often,78.81,3.08,1
4.0,3.8179404466428473,74.99726924572654,85.08440112060603,70.30984245520087,91.77379658684424,7.625410749438291,6,1,Rarely,Medium,Always,84.66,3.48,1
2.636571046197997,2.7738770220140627,87.96875001013113,52.49285176255498,63.06016634986869,75.35684664080063,15.799905310124414,6,0,Weekly,Low,Often,64.16,2.38,0
3.445257223205584,2.6210057703880136,75.88791568569539,52.818343142305714,71.26539517078987,100.0,12.31885488977446,3,1,Weekly,Low,Always,63.45,2.38,0
3.179575548243895,3.029656495398406,78.93457010964966,100.0,79.71194244675999,85.1476153825822,13.917326128615123,4,0,Daily,Medium,Always,84.75,3.13,1
3.781044773639279,3.6231704166840526,74.70581296367374,63.93930144753062,70.2587555831554,84.06509794736439,5.164038738335297,4,1,Weekly,Low,Often,84.73,3.84,1
3.9369067180361115,4.0,63.50993065390521,62.48722726901064,79.71508024697145,78.45922080898869,11.704614124912375,3,0,Daily,Low,Often,71.57,2.88,1
3.01920248943946,2.903695945925601,87.18754705323076,41.009218587760756,81.58725200550626,79.18056550682851,29.492446185551305,4,0,Daily,Medium,Often,68.39,2.98,0
2.54794927779229,2.6628459732145684,93.77949154774507,69.73832691597669,87.49769146905273,76.83891637856595,19.632610407004023,6,0,Weekly,High,Often,76.23,2.83,1
3.27598328576347,3.3183604277897087,92.72325394114559,71.58420577746371,94.2419245325847,76.37276729500968,0.0,6,0,Weekly,High,Always,85.66,3.39,1
2.5933707781487363,1.954200834206576,97.29887878952852,85.73239645154229,76.17011127718287,86.37040594480578,24.733787939983575,6,0,Daily,High,Always,71.18,2.96,1
4.0,4.0,89.86510315022302,54.01382357723287,55.38335152278509,68.77002524251321,23.71703618327329,4,0,Daily,Low,Often,77.64,3.4,1
3.0819211986496424,3.146540150286529,77.00911752674645,52.19569811639086,69.82343854771214,67.08927405530889,12.125717565548667,4,0,Weekly,Medium,Often,64.29,2.45,1
2.780807069212735,2.933287661115112,97.59495796646783,81.76443952164715,75.66093851109899,66.52165938949547,20.73810835026572,5,0,Daily,High,Always,76.62,2.98,1
3.110808183518945,4.0,64.63723690237097,90.10095106840598,47.46346865734364,100.0,8.124806313462393,5,0,Weekly,Low,Always,75.91,2.88,1
2.191724226282182,1.5664903444326055,71.4899292623128,51.432714733231755,95.82996780153724,86.36411482004696,11.23795426986914,5,0,Weekly,Medium,Always,64.06,2.54,0
2.417031576893609,2.9344405718219413,70.53699892865133,91.22271129449612,77.13566868765699,83.65390642016173,26.98837088535883,4,0,Daily,Low,Often,76.85,2.87,1
3.720248344766655,3.6340140889465484,100.0,75.56312762230232,80.72029251870427,67.30982395647882,12.826159681042332,5,3,Weekly,High,Often,77.48,2.81,0
2.6058634326171624,2.692062103938065,99.14182771210113,91.37708008611969,95.48289693789398,87.48010760809794,0.042146704360071396,6,0,Weekly,High,Always,70.68,2.88,1
2.371853410390836,2.3581997368004637,92.30957855567492,73.94669457723575,65.5478575478648,78.60114384256005,14.493574217749305,4,0,Daily,High,Always,63.91,2.69,1
3.3219916515163717,3.1947207514969587,100.0,37.16583123768074,83.61062896326045,82.570027293581,14.371292856685146,3,0,Weekly,High,Always,73.88,2.73,1
3.7114224927977983,3.5404726143261707,71.81075826382018,72.72048926525942,73.35203815347097,68.28055620963733,24.58694855498768,4,1,Daily,Medium,Always,82.54,3.17,0
3.43137198639904,3.530224607070943,90.22892679791471,90.90215728006905,72.23869699476121,81.92322628901093,15.11469137740608,5,0,Weekly,High,Often,100.0,3.98,1
3.59762861148349,3.142476502481986,83.12238357425254,61.593809713744285,63.41711418293431,74.9139975415222,11.627341508477658,4,0,Weekly,Medium,Always,75.02,3.34,1
2.5459229468583238,2.7710966971148534,97.70323155827371,69.18052546638822,99.98404820529791,70.81266611563774,23.360449161849647,5,0,Daily,High,Often,77.06,2.52,1
2.146913599954894,2.0220552784893178,83.27163651171703,72.35799744673533,69.36749939886644,88.80927602968698,15.966321860008883,5,0,Weekly,Low,Always,62.13,2.57,1
3.900800191173292,3.5617793894611847,79.22585667384878,31.507291801972773,85.49196370343553,61.54750629763997,8.999818547474263,3,1,Weekly,Low,Often,67.2,2.82,0
2.8063920966947187,2.6713882392959745,93.11362777841485,100.0,46.87488918792096,86.77731517176981,24.23998048433294,3,0,Daily,Medium,Always,74.3,2.83,1
2.8495001901269714,3.2266449551857432,98.1425375078685,61.47936480154238,92.6998279453468,88.21383360263596,16.549294116134394,6,0,Weekly,High,Always,77.05,3.01,1
3.796916485109435,3.636315959004568,74.97482207729797,82.58603148709199,90.78316733935588,69.44427589338511,15.023407733435501,5,1,Weekly,Low,Always,85.02,3.47,1
3.333738005640396,3.441274091103282,84.08386492971435,73.69948295777687,76.46151165445954,70.15605846641039,16.42326713129323,4,0,Daily,Medium,Often,78.5,3.13,1
3.2735326632489645,3.0542457805343224,69.1233904953752,93.8642858453904,71.59586300793113,77.32369182480318,6.434653028667224,3,1,Rarely,Low,Always,71.95,3.22,1
4.0,4.0,47.529084737605906,81.09084183642122,81.00000008420349,83.38443452554665,10.778769790573302,3,0,Weekly,Low,Often,69.85,2.81,1
2.613889061771914,2.8195413834089753,88.00689447120594,71.47613592718538,100.0,78.16574009822929,15.028660814662267,5,1,Weekly,Low,Often,79.87,3.37,1
3.5567040768487423,4.0,94.13358034381947,61.5972736122108,48.551449516447725,85.20274952230255,13.442690439802565,4,1,Daily,High,Always,78.21,3.22,1
3.0342078749382506,2.981538691288486,88.93100213630089,86.96776052073209,86.73041081361191,100.0,25.179427062532763,3,0,Daily,Medium,Always,95.55,3.96,1
3.161155367317954,3.361751808745326,55.75657423368449,46.89838044068075,61.32574046769146,73.90739877020343,16.739246821816028,3,1,Weekly,Low,Always,51.76,1.92,0
3.917081055847519,3.9465013177092025,79.73725854885288,84.68835630413838,74.70122405550403,59.41784035155895,21.83923138109122,4,0,Daily,Medium,Rarely,80.91,3.28,1
3.3047014537737742,3.6934629883326786,51.72478359923378,58.51432872667691,71.28179821382005,89.91108299636784,15.075162836606795,3,0,Weekly,Low,Always,77.13,3.07,1
3.32297764742978,3.107327931147161,100.0,93.7842549293496,68.57522613303367,100.0,23.450307869968984,4,0,Daily,High,Always,86.86,3.33,1
3.643504402385881,3.8670059962490653,68.7091812682287,77.41949313994043,74.84302306420906,84.71322035661349,18.180222052585233,5,0,Weekly,Low,Always,72.82,3.1,1
2.781028362274269,2.722619173439264,100.0,84.66185651775163,57.98743282083314,66.94701589575598,15.107363883107714,3,1,Daily,Medium,Always,70.26,2.41,1
2.496474199596596,2.477217746464047,99.18804465526219,76.22983220737079,90.43770654191951,78.51329164117759,14.893735288327811,5,0,Daily,Medium,Always,78.76,3.42,1
2.37311448358738,2.4006402289218918,71.49114471195907,48.71434357288505,48.08784733202099,66.57771818946041,7.364490989672293,4,2,Rarely,Low,Often,54.47,1.74,0
1.820186046374399,1.8958581653024023,68.00822573098382,62.08906254906992,83.09646769242514,87.71426592755537,19.055325761090486,5,0,Weekly,Low,Always,70.54,2.79,0
4.0,3.9651312870634126,90.25555324579507,85.08584006417074,70.10196221198143,63.784515167618785,14.678362123708968,5,0,Daily,High,Often,87.24,3.68,1
2.33807498056699,2.402488935518148,72.33513944225393,77.49983726039765,57.43612659288819,76.3984545580616,10.984064318550363,5,0,Weekly,Medium,Always,66.33,2.42,1
2.867247825848537,3.3406832431171924,86.53726963237311,92.71484857958508,78.03575055898042,67.94794608447312,23.851694166496575,6,0,Daily,Medium,Always,89.03,3.65,1
2.8339120200666477,3.129546925751213,77.75758613789623,81.04911844555758,51.64573369940283,81.52189622161954,4.998271792841589,4,1,Weekly,Low,Often,72.05,2.94,1
3.1844440186854603,3.4451903964345294,58.2826237830155,60.499471639460104,75.59570732579452,75.60389987434691,11.620032836540528,4,1,Weekly,Low,Always,71.57,2.93,0
3.489442327523578,3.352780469716417,51.542979713133114,63.05903793419049,53.656846382826686,82.12114523900317,23.22174999023627,4,1,Daily,Low,Often,68.79,2.68,1
3.516284093015847,3.24951184454735,88.40026372741896,76.54376085784855,81.91908126476747,80.26820665959639,17.524183527362027,4,1,Weekly,Medium,Always,82.31,3.2,1
2.650153536858637,2.936743704329963,76.57663380504061,40.28933900999842,61.13463999554437,68.16009166731068,14.617128578777942,4,0,Weekly,Low,Often,64.66,2.27,1
2.8997269717281533,3.1625410094870916,76.70365274628801,100.0,68.23508974456036,87.52252476234827,17.008028345201172,3,0,Weekly,Medium,Always,86.67,3.45,1
3.16954797029298,3.6113491730182745,95.43795758640678,81.62620104566336,79.40924081914743,79.41481217788261,16.43531336839073,3,0,Weekly,High,Often,83.88,3.54,1
2.850785324289872,2.669591136499103,100.0,93.40551895573309,63.41186832236646,68.13765190560919,2.8666996297126293,3,0,Rarely,Medium,Often,58.76,2.26,1
3.9644073456119955,3.895542749003891,80.91182917957286,51.29094088786246,74.13054000497546,100.0,12.205904917216309,5,0,Weekly,Medium,Always,80.98,3.16,1
3.294584970982951,2.8027397222253208,79.89101939635208,93.66847740532883,52.292542481327196,85.7171620006055,27.93217323610999,5,0,Daily,Medium,Always,70.14,3.12,1
3.4409266716298905,3.3231853398116287,92.50214549670827,100.0,84.46313405394234,78.16087335920834,9.72540692178266,4,0,Weekly,High,Often,82.7,3.28,1
3.3977287612004474,3.696699914374282,64.64596645450636,55.18682466934024,100.0,96.98245432042188,12.453591887165327,6,0,Weekly,Low,Always,66.91,2.75,1
3.704084314491195,3.5641357007227352,88.34729582121545,86.5710269235565,100.0,100.0,10.6670338935265,4,1,Weekly,Low,Always,98.34,4.0,1
3.108612935222224,3.300756873782471,93.27828957733232,75.01664917030939,76.36752219999659,78.25580693223338,14.303878213454901,3,0,Daily,High,Always,81.3,3.22,1
2.2219008312264923,2.164749899427149,95.20345312626444,51.83349227627634,86.8230621119578,84.16876983721714,10.335017349405614,4,0,Daily,High,Often,68.36,2.87,1
3.239812771051585,3.3370298795180533,55.94870946246303,82.39325957777805,48.29061490638766,68.14396618396471,18.89393201726448,5,0,Weekly,Low,Always,77.42,3.29,1
2.609185863724903,2.2648784467802026,73.5796709528659,87.50404807256022,97.54101489458382,78.23368699078387,16.578507298322133,4,1,Weekly,Medium,Often,80.49,3.4,1
2.682829990950146,2.708392825840316,71.826051207648,65.9831017099673,86.64342757086159,77.61124935488156,21.188380920856144,3,2,Daily,Medium,Often,74.19,3.17,0
3.351818411253056,2.454477619982839,86.49830431613819,92.48874780382835,67.74099832573151,82.21792440345985,6.592470670488316,4,0,Weekly,Medium,Often,78.27,2.71,1
3.742969842860181,3.6869009954115857,92.21116869651976,49.998548898162035,93.55771200433514,83.99312574364413,12.277276136936777,5,0,Weekly,High,Often,76.14,2.81,1
3.012762946041637,2.523620972927095,100.0,52.57865780325534,71.18285885031987,86.71794138593673,13.194218947102922,6,2,Weekly,Medium,Always,65.22,2.51,0
3.185299807559378,3.547098162523423,77.5755177944789,77.04896093383128,68.12962225478165,82.8517118755995,18.64517528070876,3,0,Weekly,Low,Often,83.96,3.2,1
4.0,4.0,77.53641252536178,75.38077916958407,82.13002388141237,65.47108848045002,8.654230422343725,4,1,Daily,Medium,Often,77.27,2.95,1
3.1444519076931408,3.284453202282965,100.0,64.25139767363842,59.049682502545224,68.73839473110698,22.325230434066754,5,1,Daily,Medium,Always,65.76,2.81,1
4.0,4.0,89.44865407795457,87.14391653957829,90.32437146599922,73.44310856643592,24.49132472414087,3,0,Daily,Medium,Often,90.88,3.66,1
3.3393057873789265,3.054630831131475,100.0,82.96341471323925,59.16015282109735,76.61311289692125,7.089021218915329,3,0,Weekly,High,Often,76.83,3.05,1
1.9435423445065094,2.467751303881177,89.33092004514755,87.87208606401023,59.249178152652206,92.60929148566537,11.073016840851475,5,0,Weekly,Medium,Always,85.83,3.39,1
3.4520049726627193,3.7316624419408346,67.64325071930094,73.15295346971598,61.354653173874986,66.04473215776504,10.744547933663261,4,0,Weekly,Low,Always,73.0,2.84,1
3.2286950309296665,3.1577284447639826,65.00307467833291,84.03870401967511,86.39250056274183,75.7110194219516,36.05908963741999,4,1,Daily,Low,Often,75.96,2.99,1
3.7738516524496473,4.0,61.72731626411606,68.31524545455008,65.74836957720439,91.4361139785686,11.560799158336906,4,1,Daily,Low,Always,67.85,2.99,1
3.4039088107619753,3.072020757038485,94.9307775213771,100.0,54.78006323449247,76.40147030604065,28.421003537249078,3,1,Daily,High,Often,90.1,3.25,1
2.9169264096097356,2.6695721611514336,100.0,62.81181344817021,65.91480000096303,85.52498779811388,4.866944039147123,6,0,Rarely,High,Always,71.7,3.12,1
2.2654210582263805,2.0828441412544705,100.0,100.0,74.5193644397927,78.32549548486516,7.0827922706850925,3,0,Rarely,High,Often,74.34,3.43,1
2.874586045628385,2.7158927332091802,97.6465799848486,75.52331920634113,57.285412745034215,83.08139908789667,9.507163745214394,4,0,Weekly,Medium,Often,70.62,3.08,1
2.4896877274744202,2.1727204346463442,100.0,54.36733665646886,57.72478336448485,77.25832947428552,8.23448550842782,3,0,Weekly,High,Often,71.7,2.67,1
2.6516859301171665,3.018610850245764,76.29975501019473,95.52119025732901,100.0,88.00478567274025,12.856810126732011,6,0,Weekly,Low,Always,87.95,3.42,1
3.353147042652366,3.2754907225414165,67.65376274884215,76.88852082592439,62.091518942791694,61.45932311112278,9.329774378228015,3,0,Weekly,Low,Often,74.71,3.19,1
4.0,4.0,97.7511899862633,87.76686147570356,70.15436446840489,75.64025589933746,8.445267258123412,5,0,Daily,High,Always,85.17,3.36,1
3.2368029178937885,3.065697507969684,91.26521128359101,93.3578387781389,69.49144498801071,83.5588721203317,24.26777597178662,4,3,Daily,High,Always,80.16,3.11,1
2.2824701627788895,1.7362891726143344,86.6116656151134,80.06933331217537,68.67964788344338,86.40434297607432,24.79034898010532,4,0,Daily,Medium,Always,83.16,3.31,1
3.2667616009320843,3.347778808449511,90.81057220949485,66.11638732780779,84.32020109953653,97.91543147304593,22.594371987002525,4,1,Daily,High,Always,81.68,3.04,1
3.7179788919873906,3.1443023993614574,89.84778223687309,89.63570066503875,89.22214425708074,75.30770399761309,19.191991644674623,3,0,Weekly,Low,Often,87.91,3.49,1
2.6341302574083705,2.61354004358273,100.0,75.01133261181893,70.41068352702612,97.75378114233047,15.741944526236418,3,0,Daily,Medium,Always,85.5,3.18,1
2.919589699996249,2.509095188346406,100.0,85.28786727912629,56.45282570111477,72.09171408008395,11.02375447467273,3,1,Daily,High,Always,73.99,3.1,1
3.008812916837518,3.6049957166067603,93.16330528510521,42.69404139312808,94.11660341773354,95.94375693853573,7.374739961959264,4,1,Weekly,High,Always,71.89,2.71,1
2.529061012150656,2.8024698288030727,97.68704308844393,81.70472575514778,73.56988363204977,89.80960552038047,17.9039656274615,3,0,Weekly,Medium,Always,78.28,3.14,1
3.3889682603063154,3.4206943976877593,92.71093828637164,65.42121262282454,100.0,69.03849704441333,5.61095685962562,4,0,Rarely,High,Often,80.68,3.14,1
2.927431110835331,3.3065431141317316,78.08245401948072,99.79964455767796,41.31621153652256,83.68447084702186,7.048632566596852,3,0,Rarely,Medium,Often,80.21,3.28,1
3.2517194663442166,2.9978246731044957,96.3484701236971,84.34631021833643,77.93104831924981,79.3851699736137,24.22330604963848,4,0,Daily,High,Often,89.44,3.74,1
2.46750469331874,2.630548506919768,64.08257396711107,78.59786618773946,100.0,87.50701512410001,30.205192333776694,5,2,Daily,Low,Always,86.65,3.52,1
2.7375250198059535,2.7974681499215674,100.0,82.29464990025332,69.70103796842763,77.32074093880028,18.146361105331845,3,0,Weekly,High,Often,74.34,2.83,1
3.4334288146966627,3.512634839096764,67.08215590350947,60.02338720684923,71.61759864998047,76.31304529205923,23.851657218357154,4,0,Daily,Low,Often,80.63,3.11,0
2.7763001087449397,3.15800615877697,89.28704930192099,99.34885035792081,79.43267537385508,96.42913499315422,13.033213460448133,5,2,Daily,Low,Always,82.7,3.78,0
4.0,4.0,72.32269062360761,100.0,66.61806271672565,78.81534926653192,4.2986065112985266,5,0,Weekly,Medium,Often,85.44,3.61,1
2.7602182886312385,2.8468353874787455,93.30083474611641,80.89370265822325,70.318921019209,89.9170678903012,19.89737294894867,6,0,Daily,High,Always,93.07,3.68,1
3.1348108354511317,2.6383446045826426,84.49112161108137,98.85605352860458,69.93277358712895,77.2957821794696,19.554314586160512,3,0,Weekly,Medium,Always,82.0,3.17,1
3.559554499123854,3.271540610540015,61.07866062755001,66.462777019912,65.5886889836044,99.99995911073029,15.573348431041953,4,0,Daily,Low,Always,66.19,2.36,1
2.148980560240181,2.1121678801614636,91.31049446527719,63.04329650662529,93.43284825300839,71.85998444797409,13.060996335159109,6,0,Weekly,High,Always,69.39,3.0,1
1.9435147128115344,1.9715264250945297,76.33118834750934,75.61387123093384,81.91617048444652,72.63027762503378,22.697684628648783,3,0,Daily,Low,Often,82.44,3.16,0
2.084606211257943,1.745545093855766,98.21720081220053,81.52411557551848,78.75942348154953,98.29420617339083,7.114135732580204,5,0,Rarely,High,Always,75.7,3.24,1
3.7575504620563094,4.0,85.01988533101611,69.09019978135319,87.12856510335175,74.66064330925697,8.809755368874736,3,1,Daily,Medium,Always,86.42,3.62,1
2.668885112464532,3.1238033290406038,90.93131478082057,83.06652285552725,71.03466250194799,99.2128916739727,6.935147945916576,4,1,Weekly,Medium,Always,77.13,3.36,1
4.0,4.0,70.63646567477181,79.59584223110122,63.38694272470649,90.70208695513776,15.679783701086617,5,0,Weekly,Medium,Always,79.5,3.33,1
2.6614514408055667,2.68306249919069,76.16001652858957,60.02539837063418,65.96063543078164,78.14420352127,6.296855903125932,6,0,Rarely,Medium,Always,65.55,2.58,1
3.1107307819182224,3.0470680909478767,78.12042045848374,82.78189526177582,75.02674561656913,58.240478335794094,9.52606255587805,3,0,Weekly,Medium,Rarely,82.21,3.29,1
3.925265971540725,3.6396904335340547,97.85053720363834,87.95292363782282,59.11182437440647,79.76818034873797,9.353955502182416,3,0,Weekly,High,Often,80.03,3.21,1
4.0,4.0,100.0,77.57203976385587,67.49608475119987,81.21956064240109,12.915133341328335,6,1,Weekly,High,Often,73.92,2.9,1
4.0,4.0,72.92242372385685,92.28972154892539,67.25825037192848,94.00661279965247,3.101004428768185,3,0,Weekly,Medium,Always,95.43,3.49,1
3.7250197383558854,3.3524915657113983,100.0,56.73894309754572,100.0,99.06136611488134,15.697639936298136,3,0,Weekly,High,Always,85.04,2.97,1
3.6144375154868773,3.7146904406603465,52.45483873411447,82.01925633197777,33.392775900991246,71.78015385027503,24.978429205317422,3,0,Daily,Low,Often,74.58,3.13,1
3.3555161695207096,3.308938454873285,67.08715898361567,57.44578940404838,72.3057041789155,89.61418116785819,16.083930978534095,5,0,Weekly,Low,Always,64.92,2.56,1
